model,seed,policy,mean_budget,total_budget,accuracy,mean_allocated_samples,num_problems,pilot_k
3B,0,uniform,1,95,0.37796052631578947,1.0,95,16
3B,0,p_based,1,95,0.37796052631578947,1.0,95,16
3B,0,auc_kappa_based,1,95,0.37796052631578947,1.0,95,16
3B,0,moment_law,1,95,0.37796052631578947,1.0,95,16
3B,0,oracle,1,95,0.37796052631578947,1.0,95,16
3B,0,uniform,2,190,0.3931435032894737,2.0,95,16
3B,0,p_based,2,190,0.3951761346114309,2.0,95,16
3B,0,auc_kappa_based,2,190,0.3952862693404313,2.0,95,16
3B,0,moment_law,2,190,0.39003488209901194,2.0,95,16
3B,0,oracle,2,190,0.42305828961156156,2.0,95,16
3B,0,uniform,4,380,0.3985194256431178,4.0,95,16
3B,0,p_based,4,380,0.3952317810548634,4.0,95,16
3B,0,auc_kappa_based,4,380,0.39649845982163145,4.0,95,16
3B,0,moment_law,4,380,0.390680775712788,4.0,95,16
3B,0,oracle,4,380,0.44526279168236765,4.0,95,16
3B,0,uniform,8,760,0.39874818281878105,8.0,95,16
3B,0,p_based,8,760,0.3984678254488495,8.0,95,16
3B,0,auc_kappa_based,8,760,0.3924543548999277,8.0,95,16
3B,0,moment_law,8,760,0.3901828873081866,6.157894736842105,95,16
3B,0,oracle,8,760,0.4518998692495265,8.0,95,16
3B,0,uniform,16,1520,0.39767240368894446,16.0,95,16
3B,0,p_based,16,1520,0.39516697680332413,16.0,95,16
3B,0,auc_kappa_based,16,1520,0.38843824167998026,13.6,95,16
3B,0,moment_law,16,1520,0.3901828873081866,6.157894736842105,95,16
3B,0,oracle,16,1520,0.4518998692495508,8.263157894736842,95,16
3B,0,uniform,32,3040,0.39709535625736514,32.0,95,16
3B,0,p_based,32,3040,0.39536410719536397,20.810526315789474,95,16
3B,0,auc_kappa_based,32,3040,0.38843824167998026,13.6,95,16
3B,0,moment_law,32,3040,0.3901828873081866,6.157894736842105,95,16
3B,0,oracle,32,3040,0.4518998692495508,8.263157894736842,95,16
3B,1,uniform,1,95,0.38026315789473686,1.0,95,16
3B,1,p_based,1,95,0.38026315789473686,1.0,95,16
3B,1,auc_kappa_based,1,95,0.38026315789473686,1.0,95,16
3B,1,moment_law,1,95,0.38026315789473686,1.0,95,16
3B,1,oracle,1,95,0.38026315789473686,1.0,95,16
3B,1,uniform,2,190,0.39202302631578945,2.0,95,16
3B,1,p_based,2,190,0.39101152921977794,2.0,95,16
3B,1,auc_kappa_based,2,190,0.39163110823167363,2.0,95,16
3B,1,moment_law,2,190,0.3861196792956695,2.0,95,16
3B,1,oracle,2,190,0.4227834777649127,2.0,95,16
3B,1,uniform,4,380,0.39689074064555924,4.0,95,16
3B,1,p_based,4,380,0.3947599145478574,4.0,95,16
3B,1,auc_kappa_based,4,380,0.39468345757610707,4.0,95,16
3B,1,moment_law,4,380,0.39823471153702306,4.0,95,16
3B,1,oracle,4,380,0.4469887079496536,4.0,95,16
3B,1,uniform,8,760,0.40002270983486116,8.0,95,16
3B,1,p_based,8,760,0.3915246733308034,8.0,95,16
3B,1,auc_kappa_based,8,760,0.3980363090248927,8.0,95,16
3B,1,moment_law,8,760,0.4006505659301907,5.315789473684211,95,16
3B,1,oracle,8,760,0.4670868229618069,8.0,95,16
3B,1,uniform,16,1520,0.40333584651194465,16.0,95,16
3B,1,p_based,16,1520,0.40213145709628995,16.0,95,16
3B,1,auc_kappa_based,16,1520,0.40263564438056726,13.631578947368421,95,16
3B,1,moment_law,16,1520,0.4006505659301907,5.315789473684211,95,16
3B,1,oracle,16,1520,0.467244374129511,10.368421052631579,95,16
3B,1,uniform,32,3040,0.41441681834943145,32.0,95,16
3B,1,p_based,32,3040,0.4164139340898765,20.126315789473683,95,16
3B,1,auc_kappa_based,32,3040,0.40263564438056726,13.631578947368421,95,16
3B,1,moment_law,32,3040,0.4006505659301907,5.315789473684211,95,16
3B,1,oracle,32,3040,0.467244374129511,10.368421052631579,95,16
3B,2,uniform,1,95,0.38092105263157894,1.0,95,16
3B,2,p_based,1,95,0.38092105263157894,1.0,95,16
3B,2,auc_kappa_based,1,95,0.38092105263157894,1.0,95,16
3B,2,moment_law,1,95,0.38092105263157894,1.0,95,16
3B,2,oracle,1,95,0.38092105263157894,1.0,95,16
3B,2,uniform,2,190,0.39732730263157895,2.0,95,16
3B,2,p_based,2,190,0.4000641371074476,2.0,95,16
3B,2,auc_kappa_based,2,190,0.3919425641918194,2.0,95,16
3B,2,moment_law,2,190,0.3939308226107405,2.0,95,16
3B,2,oracle,2,190,0.4243052181489379,2.0,95,16
3B,2,uniform,4,380,0.40741918463456,4.0,95,16
3B,2,p_based,4,380,0.401969295189474,4.0,95,16
3B,2,auc_kappa_based,4,380,0.3988121029838749,4.0,95,16
3B,2,moment_law,4,380,0.39628425177015025,4.0,95,16
3B,2,oracle,4,380,0.454448530749512,4.0,95,16
3B,2,uniform,8,760,0.412894541180063,8.0,95,16
3B,2,p_based,8,760,0.40492142291048105,8.0,95,16
3B,2,auc_kappa_based,8,760,0.40398399444179467,8.0,95,16
3B,2,moment_law,8,760,0.3986441560311899,5.6,95,16
3B,2,oracle,8,760,0.47273026141435415,8.0,95,16
3B,2,uniform,16,1520,0.41346312414037983,16.0,95,16
3B,2,p_based,16,1520,0.40526556958576954,16.0,95,16
3B,2,auc_kappa_based,16,1520,0.39847980200127225,11.526315789473685,95,16
3B,2,moment_law,16,1520,0.3986441560311899,5.6,95,16
3B,2,oracle,16,1520,0.4728805157539199,10.326315789473684,95,16
3B,2,uniform,32,3040,0.41291023548458444,32.0,95,16
3B,2,p_based,32,3040,0.40943420255411644,20.273684210526316,95,16
3B,2,auc_kappa_based,32,3040,0.39847980200127225,11.526315789473685,95,16
3B,2,moment_law,32,3040,0.3986441560311899,5.6,95,16
3B,2,oracle,32,3040,0.4728805157539199,10.326315789473684,95,16
3B,3,uniform,1,95,0.37532894736842104,1.0,95,16
3B,3,p_based,1,95,0.37532894736842104,1.0,95,16
3B,3,auc_kappa_based,1,95,0.37532894736842104,1.0,95,16
3B,3,moment_law,1,95,0.37532894736842104,1.0,95,16
3B,3,oracle,1,95,0.37532894736842104,1.0,95,16
3B,3,uniform,2,190,0.3942537006578947,2.0,95,16
3B,3,p_based,2,190,0.394101966054816,2.0,95,16
3B,3,auc_kappa_based,2,190,0.3922743699482357,2.0,95,16
3B,3,moment_law,2,190,0.38563404662205747,2.0,95,16
3B,3,oracle,2,190,0.42318856861286963,2.0,95,16
3B,3,uniform,4,380,0.40303863726164163,4.0,95,16
3B,3,p_based,4,380,0.4012949038109576,4.0,95,16
3B,3,auc_kappa_based,4,380,0.3999246904024698,4.0,95,16
3B,3,moment_law,4,380,0.4002277368037321,4.0,95,16
3B,3,oracle,4,380,0.45664530593562674,4.0,95,16
3B,3,uniform,8,760,0.4097129427439301,8.0,95,16
3B,3,p_based,8,760,0.4110128746701674,8.0,95,16
3B,3,auc_kappa_based,8,760,0.4053434572578892,8.0,95,16
3B,3,moment_law,8,760,0.40616940006368263,5.71578947368421,95,16
3B,3,oracle,8,760,0.47859343912755187,8.0,95,16
3B,3,uniform,16,1520,0.4202220908598795,16.0,95,16
3B,3,p_based,16,1520,0.4262825917465569,16.0,95,16
3B,3,auc_kappa_based,16,1520,0.41120715062694385,11.494736842105263,95,16
3B,3,moment_law,16,1520,0.40616940006368263,5.71578947368421,95,16
3B,3,oracle,16,1520,0.47871377257978964,10.052631578947368,95,16
3B,3,uniform,32,3040,0.43552393769627273,32.0,95,16
3B,3,p_based,32,3040,0.43284325337206797,21.2,95,16
3B,3,auc_kappa_based,32,3040,0.41120715062694385,11.494736842105263,95,16
3B,3,moment_law,32,3040,0.40616940006368263,5.71578947368421,95,16
3B,3,oracle,32,3040,0.47871377257978964,10.052631578947368,95,16
3B,4,uniform,1,95,0.3805921052631579,1.0,95,16
3B,4,p_based,1,95,0.3805921052631579,1.0,95,16
3B,4,auc_kappa_based,1,95,0.3805921052631579,1.0,95,16
3B,4,moment_law,1,95,0.3805921052631579,1.0,95,16
3B,4,oracle,1,95,0.3805921052631579,1.0,95,16
3B,4,uniform,2,190,0.39690583881578945,2.0,95,16
3B,4,p_based,2,190,0.39811920366789166,2.0,95,16
3B,4,auc_kappa_based,2,190,0.39913978931909744,2.0,95,16
3B,4,moment_law,2,190,0.3960792403430487,2.0,95,16
3B,4,oracle,2,190,0.42716781024568984,2.0,95,16
3B,4,uniform,4,380,0.4042200891595138,4.0,95,16
3B,4,p_based,4,380,0.4047861076465257,4.0,95,16
3B,4,auc_kappa_based,4,380,0.39841624261811714,4.0,95,16
3B,4,moment_law,4,380,0.3956077355751253,4.0,95,16
3B,4,oracle,4,380,0.4556673454592711,4.0,95,16
3B,4,uniform,8,760,0.4062931059807517,8.0,95,16
3B,4,p_based,8,760,0.4067024938655481,8.0,95,16
3B,4,auc_kappa_based,8,760,0.39277191612462564,8.0,95,16
3B,4,moment_law,8,760,0.39754113672733515,5.11578947368421,95,16
3B,4,oracle,8,760,0.4845783063732619,8.0,95,16
3B,4,uniform,16,1520,0.40806557576955077,16.0,95,16
3B,4,p_based,16,1520,0.4146153344162423,16.0,95,16
3B,4,auc_kappa_based,16,1520,0.3909595856647818,12.305263157894737,95,16
3B,4,moment_law,16,1520,0.39754113672733515,5.11578947368421,95,16
3B,4,oracle,16,1520,0.4849527701742756,10.810526315789474,95,16
3B,4,uniform,32,3040,0.4170674073367919,32.0,95,16
3B,4,p_based,32,3040,0.41767605579758177,19.821052631578947,95,16
3B,4,auc_kappa_based,32,3040,0.3909595856647818,12.305263157894737,95,16
3B,4,moment_law,32,3040,0.39754113672733515,5.11578947368421,95,16
3B,4,oracle,32,3040,0.4849527701742756,10.810526315789474,95,16
3B,5,uniform,1,95,0.3763157894736842,1.0,95,16
3B,5,p_based,1,95,0.3763157894736842,1.0,95,16
3B,5,auc_kappa_based,1,95,0.3763157894736842,1.0,95,16
3B,5,moment_law,1,95,0.3763157894736842,1.0,95,16
3B,5,oracle,1,95,0.3763157894736842,1.0,95,16
3B,5,uniform,2,190,0.39502467105263156,2.0,95,16
3B,5,p_based,2,190,0.4002356579429225,2.0,95,16
3B,5,auc_kappa_based,2,190,0.39677440166656647,2.0,95,16
3B,5,moment_law,2,190,0.3985175712893635,2.0,95,16
3B,5,oracle,2,190,0.4225979284407524,2.0,95,16
3B,5,uniform,4,380,0.4083029496042352,4.0,95,16
3B,5,p_based,4,380,0.4095730128201642,4.0,95,16
3B,5,auc_kappa_based,4,380,0.41127087104227333,4.0,95,16
3B,5,moment_law,4,380,0.4119509980360213,4.0,95,16
3B,5,oracle,4,380,0.45190688730487105,4.0,95,16
3B,5,uniform,8,760,0.41780637046896646,8.0,95,16
3B,5,p_based,8,760,0.4121885204168403,8.0,95,16
3B,5,auc_kappa_based,8,760,0.4246188424992421,8.0,95,16
3B,5,moment_law,8,760,0.4126997505000693,4.273684210526316,95,16
3B,5,oracle,8,760,0.47303104316041394,8.0,95,16
3B,5,uniform,16,1520,0.42086473612585124,16.0,95,16
3B,5,p_based,16,1520,0.4216404591947568,16.0,95,16
3B,5,auc_kappa_based,16,1520,0.42608413569729114,11.08421052631579,95,16
3B,5,moment_law,16,1520,0.4126997505000693,4.273684210526316,95,16
3B,5,oracle,16,1520,0.47388688307113647,10.978947368421053,95,16
3B,5,uniform,32,3040,0.42159880895156254,32.0,95,16
3B,5,p_based,32,3040,0.4247732336787745,18.83157894736842,95,16
3B,5,auc_kappa_based,32,3040,0.42608413569729114,11.08421052631579,95,16
3B,5,moment_law,32,3040,0.4126997505000693,4.273684210526316,95,16
3B,5,oracle,32,3040,0.47388688307113647,10.978947368421053,95,16
3B,6,uniform,1,95,0.37335526315789475,1.0,95,16
3B,6,p_based,1,95,0.37335526315789475,1.0,95,16
3B,6,auc_kappa_based,1,95,0.37335526315789475,1.0,95,16
3B,6,moment_law,1,95,0.37335526315789475,1.0,95,16
3B,6,oracle,1,95,0.37335526315789475,1.0,95,16
3B,6,uniform,2,190,0.38746916118421054,2.0,95,16
3B,6,p_based,2,190,0.3911061839053505,2.0,95,16
3B,6,auc_kappa_based,2,190,0.3931338137217895,2.0,95,16
3B,6,moment_law,2,190,0.3941745779104982,2.0,95,16
3B,6,oracle,2,190,0.4142196091238095,2.0,95,16
3B,6,uniform,4,380,0.39533435419986124,4.0,95,16
3B,6,p_based,4,380,0.3956970801960969,4.0,95,16
3B,6,auc_kappa_based,4,380,0.3991548029492689,4.0,95,16
3B,6,moment_law,4,380,0.405628754958034,4.0,95,16
3B,6,oracle,4,380,0.4400474509204044,4.0,95,16
3B,6,uniform,8,760,0.39690841113579634,8.0,95,16
3B,6,p_based,8,760,0.3958036365352739,8.0,95,16
3B,6,auc_kappa_based,8,760,0.40116588353382376,8.0,95,16
3B,6,moment_law,8,760,0.4106780546287429,6.073684210526316,95,16
3B,6,oracle,8,760,0.45694197052054203,8.0,95,16
3B,6,uniform,16,1520,0.3940137882263134,16.0,95,16
3B,6,p_based,16,1520,0.39421962912485203,16.0,95,16
3B,6,auc_kappa_based,16,1520,0.4055100483437878,14.052631578947368,95,16
3B,6,moment_law,16,1520,0.4106780546287429,6.073684210526316,95,16
3B,6,oracle,16,1520,0.4569454494319808,9.010526315789473,95,16
3B,6,uniform,32,3040,0.3955319895200181,32.0,95,16
3B,6,p_based,32,3040,0.3959000068057829,20.147368421052633,95,16
3B,6,auc_kappa_based,32,3040,0.4055100483437878,14.052631578947368,95,16
3B,6,moment_law,32,3040,0.4106780546287429,6.073684210526316,95,16
3B,6,oracle,32,3040,0.4569454494319808,9.010526315789473,95,16
3B,7,uniform,1,95,0.37796052631578947,1.0,95,16
3B,7,p_based,1,95,0.37796052631578947,1.0,95,16
3B,7,auc_kappa_based,1,95,0.37796052631578947,1.0,95,16
3B,7,moment_law,1,95,0.37796052631578947,1.0,95,16
3B,7,oracle,1,95,0.37796052631578947,1.0,95,16
3B,7,uniform,2,190,0.3942537006578947,2.0,95,16
3B,7,p_based,2,190,0.3964739146985506,2.0,95,16
3B,7,auc_kappa_based,2,190,0.39281219595418015,2.0,95,16
3B,7,moment_law,2,190,0.3933538611039269,2.0,95,16
3B,7,oracle,2,190,0.4195224098927157,2.0,95,16
3B,7,uniform,4,380,0.39927485616583575,4.0,95,16
3B,7,p_based,4,380,0.39565864747506374,4.0,95,16
3B,7,auc_kappa_based,4,380,0.394115673576139,4.0,95,16
3B,7,moment_law,4,380,0.40008904576639176,4.0,95,16
3B,7,oracle,4,380,0.44254386314117383,4.0,95,16
3B,7,uniform,8,760,0.3997026377762411,8.0,95,16
3B,7,p_based,8,760,0.39412641891213646,8.0,95,16
3B,7,auc_kappa_based,8,760,0.3968740393905704,8.0,95,16
3B,7,moment_law,8,760,0.4049459839484547,5.5473684210526315,95,16
3B,7,oracle,8,760,0.45664714540821477,8.0,95,16
3B,7,uniform,16,1520,0.40177346593518976,16.0,95,16
3B,7,p_based,16,1520,0.4081043470249017,16.0,95,16
3B,7,auc_kappa_based,16,1520,0.3983733648171087,12.621052631578948,95,16
3B,7,moment_law,16,1520,0.4049459839484547,5.5473684210526315,95,16
3B,7,oracle,16,1520,0.45664774436401595,9.2,95,16
3B,7,uniform,32,3040,0.41201614851147883,32.0,95,16
3B,7,p_based,32,3040,0.4159190586264091,19.8,95,16
3B,7,auc_kappa_based,32,3040,0.3983733648171087,12.621052631578948,95,16
3B,7,moment_law,32,3040,0.4049459839484547,5.5473684210526315,95,16
3B,7,oracle,32,3040,0.45664774436401595,9.2,95,16
3B,8,uniform,1,95,0.3832236842105263,1.0,95,16
3B,8,p_based,1,95,0.3832236842105263,1.0,95,16
3B,8,auc_kappa_based,1,95,0.3832236842105263,1.0,95,16
3B,8,moment_law,1,95,0.3832236842105263,1.0,95,16
3B,8,oracle,1,95,0.3832236842105263,1.0,95,16
3B,8,uniform,2,190,0.3999486019736842,2.0,95,16
3B,8,p_based,2,190,0.40046676836515727,2.0,95,16
3B,8,auc_kappa_based,2,190,0.405106113081806,2.0,95,16
3B,8,moment_law,2,190,0.40939834740971726,2.0,95,16
3B,8,oracle,2,190,0.4265737410150276,2.0,95,16
3B,8,uniform,4,380,0.40796274887888057,4.0,95,16
3B,8,p_based,4,380,0.40564479164130823,4.0,95,16
3B,8,auc_kappa_based,4,380,0.418987460587275,4.0,95,16
3B,8,moment_law,4,380,0.4273134589687885,4.0,95,16
3B,8,oracle,4,380,0.4541444887846157,4.0,95,16
3B,8,uniform,8,760,0.4137775610048553,8.0,95,16
3B,8,p_based,8,760,0.41042977504427264,8.0,95,16
3B,8,auc_kappa_based,8,760,0.43093356706109603,8.0,95,16
3B,8,moment_law,8,760,0.42857107886136686,4.673684210526316,95,16
3B,8,oracle,8,760,0.4782297587572792,8.0,95,16
3B,8,uniform,16,1520,0.42283781709754015,16.0,95,16
3B,8,p_based,16,1520,0.4283488351389322,16.0,95,16
3B,8,auc_kappa_based,16,1520,0.4357487523813478,13.021052631578947,95,16
3B,8,moment_law,16,1520,0.42857107886136686,4.673684210526316,95,16
3B,8,oracle,16,1520,0.4808894241815896,11.021052631578947,95,16
3B,8,uniform,32,3040,0.4416142184921529,32.0,95,16
3B,8,p_based,32,3040,0.44067678685328326,20.242105263157896,95,16
3B,8,auc_kappa_based,32,3040,0.4357487523813478,13.021052631578947,95,16
3B,8,moment_law,32,3040,0.42857107886136686,4.673684210526316,95,16
3B,8,oracle,32,3040,0.4808894241815896,11.021052631578947,95,16
3B,9,uniform,1,95,0.3838815789473684,1.0,95,16
3B,9,p_based,1,95,0.3838815789473684,1.0,95,16
3B,9,auc_kappa_based,1,95,0.3838815789473684,1.0,95,16
3B,9,moment_law,1,95,0.3838815789473684,1.0,95,16
3B,9,oracle,1,95,0.3838815789473684,1.0,95,16
3B,9,uniform,2,190,0.40414268092105265,2.0,95,16
3B,9,p_based,2,190,0.40580043792724607,2.0,95,16
3B,9,auc_kappa_based,2,190,0.4036988534048616,2.0,95,16
3B,9,moment_law,2,190,0.40345734177798637,2.0,95,16
3B,9,oracle,2,190,0.4280186480611165,2.0,95,16
3B,9,uniform,4,380,0.41274433135986327,4.0,95,16
3B,9,p_based,4,380,0.40911532417003654,4.0,95,16
3B,9,auc_kappa_based,4,380,0.4087320357468263,4.0,95,16
3B,9,moment_law,4,380,0.4050228819923365,4.0,95,16
3B,9,oracle,4,380,0.4535524838388476,4.0,95,16
3B,9,uniform,8,760,0.411302621891953,8.0,95,16
3B,9,p_based,8,760,0.40795811729268094,8.0,95,16
3B,9,auc_kappa_based,8,760,0.4090949130060233,8.0,95,16
3B,9,moment_law,8,760,0.4079251343184534,4.7368421052631575,95,16
3B,9,oracle,8,760,0.4759013278889742,8.0,95,16
3B,9,uniform,16,1520,0.40256660852818227,16.0,95,16
3B,9,p_based,16,1520,0.4044327414718363,16.0,95,16
3B,9,auc_kappa_based,16,1520,0.4087233816912251,11.284210526315789,95,16
3B,9,moment_law,16,1520,0.4079251343184534,4.7368421052631575,95,16
3B,9,oracle,16,1520,0.475939659105148,9.873684210526315,95,16
3B,9,uniform,32,3040,0.3951610158421652,32.0,95,16
3B,9,p_based,32,3040,0.40424945431422565,19.86315789473684,95,16
3B,9,auc_kappa_based,32,3040,0.4087233816912251,11.284210526315789,95,16
3B,9,moment_law,32,3040,0.4079251343184534,4.7368421052631575,95,16
3B,9,oracle,32,3040,0.475939659105148,9.873684210526315,95,16
3B,10,uniform,1,95,0.3796052631578947,1.0,95,16
3B,10,p_based,1,95,0.3796052631578947,1.0,95,16
3B,10,auc_kappa_based,1,95,0.3796052631578947,1.0,95,16
3B,10,moment_law,1,95,0.3796052631578947,1.0,95,16
3B,10,oracle,1,95,0.3796052631578947,1.0,95,16
3B,10,uniform,2,190,0.39757401315789476,2.0,95,16
3B,10,p_based,2,190,0.3989552146510074,2.0,95,16
3B,10,auc_kappa_based,2,190,0.3969741391545253,2.0,95,16
3B,10,moment_law,2,190,0.4009263122155425,2.0,95,16
3B,10,oracle,2,190,0.42536648661118015,2.0,95,16
3B,10,uniform,4,380,0.40610347547029196,4.0,95,16
3B,10,p_based,4,380,0.4078124259562336,4.0,95,16
3B,10,auc_kappa_based,4,380,0.40179968704647195,4.0,95,16
3B,10,moment_law,4,380,0.40621636487527596,4.0,95,16
3B,10,oracle,4,380,0.45381616899201355,4.0,95,16
3B,10,uniform,8,760,0.41240697758816836,8.0,95,16
3B,10,p_based,8,760,0.41350422181025687,8.0,95,16
3B,10,auc_kappa_based,8,760,0.40095995107015625,8.0,95,16
3B,10,moment_law,8,760,0.40742664411775126,4.705263157894737,95,16
3B,10,oracle,8,760,0.47106096985697793,8.0,95,16
3B,10,uniform,16,1520,0.4182696283722224,16.0,95,16
3B,10,p_based,16,1520,0.42525100987748765,16.0,95,16
3B,10,auc_kappa_based,16,1520,0.3985906356225512,11.642105263157895,95,16
3B,10,moment_law,16,1520,0.40742664411775126,4.705263157894737,95,16
3B,10,oracle,16,1520,0.4710772468320583,9.873684210526315,95,16
3B,10,uniform,32,3040,0.42739584135710523,32.0,95,16
3B,10,p_based,32,3040,0.43024195708640023,19.873684210526317,95,16
3B,10,auc_kappa_based,32,3040,0.3985906356225512,11.642105263157895,95,16
3B,10,moment_law,32,3040,0.40742664411775126,4.705263157894737,95,16
3B,10,oracle,32,3040,0.4710772468320583,9.873684210526315,95,16
3B,11,uniform,1,95,0.38223684210526315,1.0,95,16
3B,11,p_based,1,95,0.38223684210526315,1.0,95,16
3B,11,auc_kappa_based,1,95,0.38223684210526315,1.0,95,16
3B,11,moment_law,1,95,0.38223684210526315,1.0,95,16
3B,11,oracle,1,95,0.38223684210526315,1.0,95,16
3B,11,uniform,2,190,0.40034950657894736,2.0,95,16
3B,11,p_based,2,190,0.404020178945441,2.0,95,16
3B,11,auc_kappa_based,2,190,0.39902267349517107,2.0,95,16
3B,11,moment_law,2,190,0.3970732099657961,2.0,95,16
3B,11,oracle,2,190,0.42945611042635123,2.0,95,16
3B,11,uniform,4,380,0.4108359688206723,4.0,95,16
3B,11,p_based,4,380,0.40870421084377007,4.0,95,16
3B,11,auc_kappa_based,4,380,0.4036538908041302,4.0,95,16
3B,11,moment_law,4,380,0.410306226474983,4.0,95,16
3B,11,oracle,4,380,0.45781908526533566,4.0,95,16
3B,11,uniform,8,760,0.4181793389881549,8.0,95,16
3B,11,p_based,8,760,0.41320225269859184,8.0,95,16
3B,11,auc_kappa_based,8,760,0.4066741763373986,8.0,95,16
3B,11,moment_law,8,760,0.41308962992740955,4.926315789473684,95,16
3B,11,oracle,8,760,0.48076961857050615,8.0,95,16
3B,11,uniform,16,1520,0.42233931445502365,16.0,95,16
3B,11,p_based,16,1520,0.4252795962250173,16.0,95,16
3B,11,auc_kappa_based,16,1520,0.41001875943604255,11.894736842105264,95,16
3B,11,moment_law,16,1520,0.41308962992740955,4.926315789473684,95,16
3B,11,oracle,16,1520,0.4810522558508253,11.010526315789473,95,16
3B,11,uniform,32,3040,0.42848634308609446,32.0,95,16
3B,11,p_based,32,3040,0.427670560102561,20.91578947368421,95,16
3B,11,auc_kappa_based,32,3040,0.41001875943604255,11.894736842105264,95,16
3B,11,moment_law,32,3040,0.41308962992740955,4.926315789473684,95,16
3B,11,oracle,32,3040,0.4810522558508253,11.010526315789473,95,16
3B,12,uniform,1,95,0.3773026315789474,1.0,95,16
3B,12,p_based,1,95,0.3773026315789474,1.0,95,16
3B,12,auc_kappa_based,1,95,0.3773026315789474,1.0,95,16
3B,12,moment_law,1,95,0.3773026315789474,1.0,95,16
3B,12,oracle,1,95,0.3773026315789474,1.0,95,16
3B,12,uniform,2,190,0.39437705592105265,2.0,95,16
3B,12,p_based,2,190,0.39795311375668174,2.0,95,16
3B,12,auc_kappa_based,2,190,0.3932698298197441,2.0,95,16
3B,12,moment_law,2,190,0.39675382597481834,2.0,95,16
3B,12,oracle,2,190,0.4231228812644186,2.0,95,16
3B,12,uniform,4,380,0.40145525681345084,4.0,95,16
3B,12,p_based,4,380,0.40128232702693517,4.0,95,16
3B,12,auc_kappa_based,4,380,0.40012450325034477,4.0,95,16
3B,12,moment_law,4,380,0.40725547909139054,4.0,95,16
3B,12,oracle,4,380,0.4512237544600202,4.0,95,16
3B,12,uniform,8,760,0.4060795404631694,8.0,95,16
3B,12,p_based,8,760,0.4062090375375458,8.0,95,16
3B,12,auc_kappa_based,8,760,0.40248402323997357,8.0,95,16
3B,12,moment_law,8,760,0.4095047493514671,5.610526315789474,95,16
3B,12,oracle,8,760,0.4707415289486693,8.0,95,16
3B,12,uniform,16,1520,0.4076075959775312,16.0,95,16
3B,12,p_based,16,1520,0.41209362555825657,16.0,95,16
3B,12,auc_kappa_based,16,1520,0.4037998150283869,11.652631578947368,95,16
3B,12,moment_law,16,1520,0.4095047493514671,5.610526315789474,95,16
3B,12,oracle,16,1520,0.47075185976730377,9.652631578947368,95,16
3B,12,uniform,32,3040,0.40560871956438577,32.0,95,16
3B,12,p_based,32,3040,0.4120374666475442,19.905263157894737,95,16
3B,12,auc_kappa_based,32,3040,0.4037998150283869,11.652631578947368,95,16
3B,12,moment_law,32,3040,0.4095047493514671,5.610526315789474,95,16
3B,12,oracle,32,3040,0.47075185976730377,9.652631578947368,95,16
3B,13,uniform,1,95,0.37894736842105264,1.0,95,16
3B,13,p_based,1,95,0.37894736842105264,1.0,95,16
3B,13,auc_kappa_based,1,95,0.37894736842105264,1.0,95,16
3B,13,moment_law,1,95,0.37894736842105264,1.0,95,16
3B,13,oracle,1,95,0.37894736842105264,1.0,95,16
3B,13,uniform,2,190,0.38984375,2.0,95,16
3B,13,p_based,2,190,0.39223587638453433,2.0,95,16
3B,13,auc_kappa_based,2,190,0.39515396046917883,2.0,95,16
3B,13,moment_law,2,190,0.39233199211215614,2.0,95,16
3B,13,oracle,2,190,0.41893018877347543,2.0,95,16
3B,13,uniform,4,380,0.3929494355854235,4.0,95,16
3B,13,p_based,4,380,0.3905588010932045,4.0,95,16
3B,13,auc_kappa_based,4,380,0.40409712368047074,4.0,95,16
3B,13,moment_law,4,380,0.4000774221017871,4.0,95,16
3B,13,oracle,4,380,0.44313367582060886,4.0,95,16
3B,13,uniform,8,760,0.39660947211266734,8.0,95,16
3B,13,p_based,8,760,0.39095593320385497,8.0,95,16
3B,13,auc_kappa_based,8,760,0.4104236955666987,8.0,95,16
3B,13,moment_law,8,760,0.40478082694755385,6.105263157894737,95,16
3B,13,oracle,8,760,0.46386286087004924,8.0,95,16
3B,13,uniform,16,1520,0.4028598844830061,16.0,95,16
3B,13,p_based,16,1520,0.4067384505664578,16.0,95,16
3B,13,auc_kappa_based,16,1520,0.4089123555535929,13.978947368421053,95,16
3B,13,moment_law,16,1520,0.40478082694755385,6.105263157894737,95,16
3B,13,oracle,16,1520,0.4638694639472143,8.989473684210527,95,16
3B,13,uniform,32,3040,0.41650838875074264,32.0,95,16
3B,13,p_based,32,3040,0.41674318942150884,20.410526315789475,95,16
3B,13,auc_kappa_based,32,3040,0.4089123555535929,13.978947368421053,95,16
3B,13,moment_law,32,3040,0.40478082694755385,6.105263157894737,95,16
3B,13,oracle,32,3040,0.4638694639472143,8.989473684210527,95,16
3B,14,uniform,1,95,0.37796052631578947,1.0,95,16
3B,14,p_based,1,95,0.37796052631578947,1.0,95,16
3B,14,auc_kappa_based,1,95,0.37796052631578947,1.0,95,16
3B,14,moment_law,1,95,0.37796052631578947,1.0,95,16
3B,14,oracle,1,95,0.37796052631578947,1.0,95,16
3B,14,uniform,2,190,0.3960423519736842,2.0,95,16
3B,14,p_based,2,190,0.3938947878385845,2.0,95,16
3B,14,auc_kappa_based,2,190,0.39876872362034,2.0,95,16
3B,14,moment_law,2,190,0.3934704304283737,2.0,95,16
3B,14,oracle,2,190,0.423052186838644,2.0,95,16
3B,14,uniform,4,380,0.40456003891794307,4.0,95,16
3B,14,p_based,4,380,0.3947394346579895,4.0,95,16
3B,14,auc_kappa_based,4,380,0.40521856386403377,4.0,95,16
3B,14,moment_law,4,380,0.3996732364743648,4.0,95,16
3B,14,oracle,4,380,0.44977170231618485,4.0,95,16
3B,14,uniform,8,760,0.40652533563819526,8.0,95,16
3B,14,p_based,8,760,0.3993296578695603,8.0,95,16
3B,14,auc_kappa_based,8,760,0.4131075502279346,8.0,95,16
3B,14,moment_law,8,760,0.40119090571719573,5.526315789473684,95,16
3B,14,oracle,8,760,0.472709081594191,8.0,95,16
3B,14,uniform,16,1520,0.4053389904404204,16.0,95,16
3B,14,p_based,16,1520,0.40023371741375835,16.0,95,16
3B,14,auc_kappa_based,16,1520,0.4129205893426116,11.115789473684211,95,16
3B,14,moment_law,16,1520,0.40119090571719573,5.526315789473684,95,16
3B,14,oracle,16,1520,0.4727648118787028,10.74736842105263,95,16
3B,14,uniform,32,3040,0.40816247236171727,32.0,95,16
3B,14,p_based,32,3040,0.4038283611406012,19.431578947368422,95,16
3B,14,auc_kappa_based,32,3040,0.4129205893426116,11.115789473684211,95,16
3B,14,moment_law,32,3040,0.40119090571719573,5.526315789473684,95,16
3B,14,oracle,32,3040,0.4727648118787028,10.74736842105263,95,16
3B,15,uniform,1,95,0.3825657894736842,1.0,95,16
3B,15,p_based,1,95,0.3825657894736842,1.0,95,16
3B,15,auc_kappa_based,1,95,0.3825657894736842,1.0,95,16
3B,15,moment_law,1,95,0.3825657894736842,1.0,95,16
3B,15,oracle,1,95,0.3825657894736842,1.0,95,16
3B,15,uniform,2,190,0.4000308388157895,2.0,95,16
3B,15,p_based,2,190,0.4009294309114155,2.0,95,16
3B,15,auc_kappa_based,2,190,0.40872350491949266,2.0,95,16
3B,15,moment_law,2,190,0.4049658245320825,2.0,95,16
3B,15,oracle,2,190,0.4295963253005241,2.0,95,16
3B,15,uniform,4,380,0.409035923606471,4.0,95,16
3B,15,p_based,4,380,0.41442218491986027,4.0,95,16
3B,15,auc_kappa_based,4,380,0.41632200941563635,4.0,95,16
3B,15,moment_law,4,380,0.4170425338326368,4.0,95,16
3B,15,oracle,4,380,0.45576439223503945,4.0,95,16
3B,15,uniform,8,760,0.4131091824268496,8.0,95,16
3B,15,p_based,8,760,0.4227980004910394,8.0,95,16
3B,15,auc_kappa_based,8,760,0.4194049182075507,8.0,95,16
3B,15,moment_law,8,760,0.41671356864381154,4.631578947368421,95,16
3B,15,oracle,8,760,0.4729012788341715,8.0,95,16
3B,15,uniform,16,1520,0.4178050798610058,16.0,95,16
3B,15,p_based,16,1520,0.4195930368121401,16.0,95,16
3B,15,auc_kappa_based,16,1520,0.42153906774853034,11.073684210526316,95,16
3B,15,moment_law,16,1520,0.41671356864381154,4.631578947368421,95,16
3B,15,oracle,16,1520,0.4729103281160346,9.936842105263159,95,16
3B,15,uniform,32,3040,0.4244466572591728,32.0,95,16
3B,15,p_based,32,3040,0.42031168076115544,19.642105263157895,95,16
3B,15,auc_kappa_based,32,3040,0.42153906774853034,11.073684210526316,95,16
3B,15,moment_law,32,3040,0.41671356864381154,4.631578947368421,95,16
3B,15,oracle,32,3040,0.4729103281160346,9.936842105263159,95,16
3B,16,uniform,1,95,0.37664473684210525,1.0,95,16
3B,16,p_based,1,95,0.37664473684210525,1.0,95,16
3B,16,auc_kappa_based,1,95,0.37664473684210525,1.0,95,16
3B,16,moment_law,1,95,0.37664473684210525,1.0,95,16
3B,16,oracle,1,95,0.37664473684210525,1.0,95,16
3B,16,uniform,2,190,0.3948499177631579,2.0,95,16
3B,16,p_based,2,190,0.3922966404965049,2.0,95,16
3B,16,auc_kappa_based,2,190,0.39960308853821674,2.0,95,16
3B,16,moment_law,2,190,0.3928645800955811,2.0,95,16
3B,16,oracle,2,190,0.42081316953214204,2.0,95,16
3B,16,uniform,4,380,0.4030665648610968,4.0,95,16
3B,16,p_based,4,380,0.40298934711489715,4.0,95,16
3B,16,auc_kappa_based,4,380,0.4075926798491126,4.0,95,16
3B,16,moment_law,4,380,0.4012290606510864,4.0,95,16
3B,16,oracle,4,380,0.4531405237611905,4.0,95,16
3B,16,uniform,8,760,0.40524370307075036,8.0,95,16
3B,16,p_based,8,760,0.4050580887133485,8.0,95,16
3B,16,auc_kappa_based,8,760,0.40728453384649255,8.0,95,16
3B,16,moment_law,8,760,0.40439361563536985,5.0,95,16
3B,16,oracle,8,760,0.468648026345862,8.0,95,16
3B,16,uniform,16,1520,0.40412422215321786,16.0,95,16
3B,16,p_based,16,1520,0.40809435761531393,16.0,95,16
3B,16,auc_kappa_based,16,1520,0.408049562770587,12.631578947368421,95,16
3B,16,moment_law,16,1520,0.40439361563536985,5.0,95,16
3B,16,oracle,16,1520,0.46864936628435355,9.48421052631579,95,16
3B,16,uniform,32,3040,0.4036917678773871,32.0,95,16
3B,16,p_based,32,3040,0.40539551460410683,21.25263157894737,95,16
3B,16,auc_kappa_based,32,3040,0.408049562770587,12.631578947368421,95,16
3B,16,moment_law,32,3040,0.40439361563536985,5.0,95,16
3B,16,oracle,32,3040,0.46864936628435355,9.48421052631579,95,16
3B,17,uniform,1,95,0.3759868421052632,1.0,95,16
3B,17,p_based,1,95,0.3759868421052632,1.0,95,16
3B,17,auc_kappa_based,1,95,0.3759868421052632,1.0,95,16
3B,17,moment_law,1,95,0.3759868421052632,1.0,95,16
3B,17,oracle,1,95,0.3759868421052632,1.0,95,16
3B,17,uniform,2,190,0.39217722039473685,2.0,95,16
3B,17,p_based,2,190,0.3907882991589998,2.0,95,16
3B,17,auc_kappa_based,2,190,0.39491116782714086,2.0,95,16
3B,17,moment_law,2,190,0.39499909491780294,2.0,95,16
3B,17,oracle,2,190,0.4220265576554229,2.0,95,16
3B,17,uniform,4,380,0.39926355261551705,4.0,95,16
3B,17,p_based,4,380,0.40061484454165464,4.0,95,16
3B,17,auc_kappa_based,4,380,0.40939914743297817,4.0,95,16
3B,17,moment_law,4,380,0.4105913548586954,4.0,95,16
3B,17,oracle,4,380,0.4497516333711522,4.0,95,16
3B,17,uniform,8,760,0.4028324399295008,8.0,95,16
3B,17,p_based,8,760,0.4044335207407185,8.0,95,16
3B,17,auc_kappa_based,8,760,0.41733924799348193,8.0,95,16
3B,17,moment_law,8,760,0.4099290954453562,5.157894736842105,95,16
3B,17,oracle,8,760,0.477101571582577,8.0,95,16
3B,17,uniform,16,1520,0.4024927910485161,16.0,95,16
3B,17,p_based,16,1520,0.4049164269828774,16.0,95,16
3B,17,auc_kappa_based,16,1520,0.4175626201771328,12.621052631578948,95,16
3B,17,moment_law,16,1520,0.4099290954453562,5.157894736842105,95,16
3B,17,oracle,16,1520,0.47724362305707224,10.494736842105263,95,16
3B,17,uniform,32,3040,0.40537043808647133,32.0,95,16
3B,17,p_based,32,3040,0.4058639451436819,20.50526315789474,95,16
3B,17,auc_kappa_based,32,3040,0.4175626201771328,12.621052631578948,95,16
3B,17,moment_law,32,3040,0.4099290954453562,5.157894736842105,95,16
3B,17,oracle,32,3040,0.47724362305707224,10.494736842105263,95,16
3B,18,uniform,1,95,0.37467105263157896,1.0,95,16
3B,18,p_based,1,95,0.37467105263157896,1.0,95,16
3B,18,auc_kappa_based,1,95,0.37467105263157896,1.0,95,16
3B,18,moment_law,1,95,0.37467105263157896,1.0,95,16
3B,18,oracle,1,95,0.37467105263157896,1.0,95,16
3B,18,uniform,2,190,0.38818873355263156,2.0,95,16
3B,18,p_based,2,190,0.38804323296797905,2.0,95,16
3B,18,auc_kappa_based,2,190,0.39336819714301924,2.0,95,16
3B,18,moment_law,2,190,0.3898780184572674,2.0,95,16
3B,18,oracle,2,190,0.4160970967487262,2.0,95,16
3B,18,uniform,4,380,0.3933401710108707,4.0,95,16
3B,18,p_based,4,380,0.3935098497383753,4.0,95,16
3B,18,auc_kappa_based,4,380,0.39751114088067374,4.0,95,16
3B,18,moment_law,4,380,0.3950293332535781,4.0,95,16
3B,18,oracle,4,380,0.4476919715958873,4.0,95,16
3B,18,uniform,8,760,0.3946113692454769,8.0,95,16
3B,18,p_based,8,760,0.39731215443354173,8.0,95,16
3B,18,auc_kappa_based,8,760,0.4000161693078747,8.0,95,16
3B,18,moment_law,8,760,0.39820565757499754,5.347368421052631,95,16
3B,18,oracle,8,760,0.46258945766689813,8.0,95,16
3B,18,uniform,16,1520,0.3923017877716357,16.0,95,16
3B,18,p_based,16,1520,0.3965866370066552,16.0,95,16
3B,18,auc_kappa_based,16,1520,0.3981525166818986,11.873684210526315,95,16
3B,18,moment_law,16,1520,0.39820565757499754,5.347368421052631,95,16
3B,18,oracle,16,1520,0.4625949935063404,9.589473684210526,95,16
3B,18,uniform,32,3040,0.3909569086379342,32.0,95,16
3B,18,p_based,32,3040,0.39633139026359326,18.88421052631579,95,16
3B,18,auc_kappa_based,32,3040,0.3981525166818986,11.873684210526315,95,16
3B,18,moment_law,32,3040,0.39820565757499754,5.347368421052631,95,16
3B,18,oracle,32,3040,0.4625949935063404,9.589473684210526,95,16
3B,19,uniform,1,95,0.3805921052631579,1.0,95,16
3B,19,p_based,1,95,0.3805921052631579,1.0,95,16
3B,19,auc_kappa_based,1,95,0.3805921052631579,1.0,95,16
3B,19,moment_law,1,95,0.3805921052631579,1.0,95,16
3B,19,oracle,1,95,0.3805921052631579,1.0,95,16
3B,19,uniform,2,190,0.3970703125,2.0,95,16
3B,19,p_based,2,190,0.3991298374376799,2.0,95,16
3B,19,auc_kappa_based,2,190,0.3980713646791532,2.0,95,16
3B,19,moment_law,2,190,0.3965767230488561,2.0,95,16
3B,19,oracle,2,190,0.42636171287118996,2.0,95,16
3B,19,uniform,4,380,0.4046056145115903,4.0,95,16
3B,19,p_based,4,380,0.40345629685944184,4.0,95,16
3B,19,auc_kappa_based,4,380,0.40739460744531064,4.0,95,16
3B,19,moment_law,4,380,0.408168224716158,4.0,95,16
3B,19,oracle,4,380,0.45079484790510543,4.0,95,16
3B,19,uniform,8,760,0.4092692295230575,8.0,95,16
3B,19,p_based,8,760,0.4088986968579694,8.0,95,16
3B,19,auc_kappa_based,8,760,0.41927227257707717,8.0,95,16
3B,19,moment_law,8,760,0.41358058699487305,5.336842105263158,95,16
3B,19,oracle,8,760,0.464103899748608,8.0,95,16
3B,19,uniform,16,1520,0.41052775891185517,16.0,95,16
3B,19,p_based,16,1520,0.40835525546900553,16.0,95,16
3B,19,auc_kappa_based,16,1520,0.42646351352638723,13.715789473684211,95,16
3B,19,moment_law,16,1520,0.41358058699487305,5.336842105263158,95,16
3B,19,oracle,16,1520,0.4641146023708608,9.715789473684211,95,16
3B,19,uniform,32,3040,0.4140503628037611,32.0,95,16
3B,19,p_based,32,3040,0.41356432744369287,21.473684210526315,95,16
3B,19,auc_kappa_based,32,3040,0.42646351352638723,13.715789473684211,95,16
3B,19,moment_law,32,3040,0.41358058699487305,5.336842105263158,95,16
3B,19,oracle,32,3040,0.4641146023708608,9.715789473684211,95,16
70B,0,uniform,1,100,0.6734375,1.0,100,16
70B,0,p_based,1,100,0.6734375,1.0,100,16
70B,0,auc_kappa_based,1,100,0.6734375,1.0,100,16
70B,0,moment_law,1,100,0.6734375,1.0,100,16
70B,0,oracle,1,100,0.6734375,1.0,100,16
70B,0,uniform,2,200,0.681318359375,2.0,100,16
70B,0,p_based,2,200,0.6828284229025994,2.0,100,16
70B,0,auc_kappa_based,2,200,0.6837318335727673,2.0,100,16
70B,0,moment_law,2,200,0.6847383258021071,2.0,100,16
70B,0,oracle,2,200,0.7052810106709902,2.0,100,16
70B,0,uniform,4,400,0.6821531200408936,4.0,100,16
70B,0,p_based,4,400,0.6806628577636035,4.0,100,16
70B,0,auc_kappa_based,4,400,0.6808068782431331,4.0,100,16
70B,0,moment_law,4,400,0.6860449632169195,2.7,100,16
70B,0,oracle,4,400,0.7183090493738719,4.0,100,16
70B,0,uniform,8,800,0.6778029594437521,8.0,100,16
70B,0,p_based,8,800,0.6722620444544968,8.0,100,16
70B,0,auc_kappa_based,8,800,0.6792119680258221,4.9,100,16
70B,0,moment_law,8,800,0.6860449632169195,2.7,100,16
70B,0,oracle,8,800,0.7186389894655589,6.3,100,16
70B,0,uniform,16,1600,0.669641539104833,16.0,100,16
70B,0,p_based,16,1600,0.670479200953422,9.34,100,16
70B,0,auc_kappa_based,16,1600,0.6792119680258221,4.9,100,16
70B,0,moment_law,16,1600,0.6860449632169195,2.7,100,16
70B,0,oracle,16,1600,0.7186389894655589,6.3,100,16
70B,0,uniform,32,3200,0.6603521681545973,32.0,100,16
70B,0,p_based,32,3200,0.670479200953422,9.34,100,16
70B,0,auc_kappa_based,32,3200,0.6792119680258221,4.9,100,16
70B,0,moment_law,32,3200,0.6860449632169195,2.7,100,16
70B,0,oracle,32,3200,0.7186389894655589,6.3,100,16
70B,1,uniform,1,100,0.673125,1.0,100,16
70B,1,p_based,1,100,0.673125,1.0,100,16
70B,1,auc_kappa_based,1,100,0.673125,1.0,100,16
70B,1,moment_law,1,100,0.673125,1.0,100,16
70B,1,oracle,1,100,0.673125,1.0,100,16
70B,1,uniform,2,200,0.68138671875,2.0,100,16
70B,1,p_based,2,200,0.6813924115453847,2.0,100,16
70B,1,auc_kappa_based,2,200,0.6826549021499602,2.0,100,16
70B,1,moment_law,2,200,0.6833904411074164,2.0,100,16
70B,1,oracle,2,200,0.6992706518255903,2.0,100,16
70B,1,uniform,4,400,0.6837724113464355,4.0,100,16
70B,1,p_based,4,400,0.6852574469488992,4.0,100,16
70B,1,auc_kappa_based,4,400,0.6874619021801038,4.0,100,16
70B,1,moment_law,4,400,0.6842944306239798,2.82,100,16
70B,1,oracle,4,400,0.7083256465540493,4.0,100,16
70B,1,uniform,8,800,0.6820492022941289,8.0,100,16
70B,1,p_based,8,800,0.6815282523571159,8.0,100,16
70B,1,auc_kappa_based,8,800,0.6909336661101105,5.33,100,16
70B,1,moment_law,8,800,0.6842944306239798,2.82,100,16
70B,1,oracle,8,800,0.708348809193173,5.25,100,16
70B,1,uniform,16,1600,0.6763742776269187,16.0,100,16
70B,1,p_based,16,1600,0.6767180418122969,10.37,100,16
70B,1,auc_kappa_based,16,1600,0.6909336661101105,5.33,100,16
70B,1,moment_law,16,1600,0.6842944306239798,2.82,100,16
70B,1,oracle,16,1600,0.708348809193173,5.25,100,16
70B,1,uniform,32,3200,0.6713034798933688,32.0,100,16
70B,1,p_based,32,3200,0.6767180418122969,10.37,100,16
70B,1,auc_kappa_based,32,3200,0.6909336661101105,5.33,100,16
70B,1,moment_law,32,3200,0.6842944306239798,2.82,100,16
70B,1,oracle,32,3200,0.708348809193173,5.25,100,16
70B,2,uniform,1,100,0.6715625,1.0,100,16
70B,2,p_based,1,100,0.6715625,1.0,100,16
70B,2,auc_kappa_based,1,100,0.6715625,1.0,100,16
70B,2,moment_law,1,100,0.6715625,1.0,100,16
70B,2,oracle,1,100,0.6715625,1.0,100,16
70B,2,uniform,2,200,0.679580078125,2.0,100,16
70B,2,p_based,2,200,0.6765731474224868,2.0,100,16
70B,2,auc_kappa_based,2,200,0.6775518354861171,2.0,100,16
70B,2,moment_law,2,200,0.6759155120176633,2.0,100,16
70B,2,oracle,2,200,0.699461519159671,2.0,100,16
70B,2,uniform,4,400,0.6797926807403565,4.0,100,16
70B,2,p_based,4,400,0.677447984924656,4.0,100,16
70B,2,auc_kappa_based,4,400,0.6751766956233035,4.0,100,16
70B,2,moment_law,4,400,0.6757702401313498,2.79,100,16
70B,2,oracle,4,400,0.7103850695766468,4.0,100,16
70B,2,uniform,8,800,0.6752637315453194,8.0,100,16
70B,2,p_based,8,800,0.6697361894959869,8.0,100,16
70B,2,auc_kappa_based,8,800,0.6739488585478582,4.88,100,16
70B,2,moment_law,8,800,0.6757702401313498,2.79,100,16
70B,2,oracle,8,800,0.7104630203814447,5.78,100,16
70B,2,uniform,16,1600,0.6669362943964642,16.0,100,16
70B,2,p_based,16,1600,0.6692048299968648,9.53,100,16
70B,2,auc_kappa_based,16,1600,0.6739488585478582,4.88,100,16
70B,2,moment_law,16,1600,0.6757702401313498,2.79,100,16
70B,2,oracle,16,1600,0.7104630203814447,5.78,100,16
70B,2,uniform,32,3200,0.6609258995932271,32.0,100,16
70B,2,p_based,32,3200,0.6692048299968648,9.53,100,16
70B,2,auc_kappa_based,32,3200,0.6739488585478582,4.88,100,16
70B,2,moment_law,32,3200,0.6757702401313498,2.79,100,16
70B,2,oracle,32,3200,0.7104630203814447,5.78,100,16
70B,3,uniform,1,100,0.6715625,1.0,100,16
70B,3,p_based,1,100,0.6715625,1.0,100,16
70B,3,auc_kappa_based,1,100,0.6715625,1.0,100,16
70B,3,moment_law,1,100,0.6715625,1.0,100,16
70B,3,oracle,1,100,0.6715625,1.0,100,16
70B,3,uniform,2,200,0.678173828125,2.0,100,16
70B,3,p_based,2,200,0.6766907783783972,2.0,100,16
70B,3,auc_kappa_based,2,200,0.6754833018834696,2.0,100,16
70B,3,moment_law,2,200,0.6725926333839958,2.0,100,16
70B,3,oracle,2,200,0.6973713394137553,2.0,100,16
70B,3,uniform,4,400,0.6773820972442627,4.0,100,16
70B,3,p_based,4,400,0.6717345673900745,4.0,100,16
70B,3,auc_kappa_based,4,400,0.6722961078359648,4.0,100,16
70B,3,moment_law,4,400,0.6745515710793073,3.69,100,16
70B,3,oracle,4,400,0.7028919169941449,4.0,100,16
70B,3,uniform,8,800,0.6717015034688393,8.0,100,16
70B,3,p_based,8,800,0.6567623662434395,8.0,100,16
70B,3,auc_kappa_based,8,800,0.6699170281680528,6.14,100,16
70B,3,moment_law,8,800,0.6745515710793073,3.69,100,16
70B,3,oracle,8,800,0.7028920583798071,4.77,100,16
70B,3,uniform,16,1600,0.6598176065415485,16.0,100,16
70B,3,p_based,16,1600,0.6491641240426305,10.39,100,16
70B,3,auc_kappa_based,16,1600,0.6699170281680528,6.14,100,16
70B,3,moment_law,16,1600,0.6745515710793073,3.69,100,16
70B,3,oracle,16,1600,0.7028920583798071,4.77,100,16
70B,3,uniform,32,3200,0.6470960719252713,32.0,100,16
70B,3,p_based,32,3200,0.6491641240426305,10.39,100,16
70B,3,auc_kappa_based,32,3200,0.6699170281680528,6.14,100,16
70B,3,moment_law,32,3200,0.6745515710793073,3.69,100,16
70B,3,oracle,32,3200,0.7028920583798071,4.77,100,16
70B,4,uniform,1,100,0.6728125,1.0,100,16
70B,4,p_based,1,100,0.6728125,1.0,100,16
70B,4,auc_kappa_based,1,100,0.6728125,1.0,100,16
70B,4,moment_law,1,100,0.6728125,1.0,100,16
70B,4,oracle,1,100,0.6728125,1.0,100,16
70B,4,uniform,2,200,0.678916015625,2.0,100,16
70B,4,p_based,2,200,0.6776821305768772,2.0,100,16
70B,4,auc_kappa_based,2,200,0.6809230442396442,2.0,100,16
70B,4,moment_law,2,200,0.6807247201352403,2.0,100,16
70B,4,oracle,2,200,0.7012581605084199,2.0,100,16
70B,4,uniform,4,400,0.6789827060699463,4.0,100,16
70B,4,p_based,4,400,0.6804213657521473,4.0,100,16
70B,4,auc_kappa_based,4,400,0.6873630112548464,4.0,100,16
70B,4,moment_law,4,400,0.680013408227114,3.43,100,16
70B,4,oracle,4,400,0.7110098282068936,4.0,100,16
70B,4,uniform,8,800,0.6733258651352753,8.0,100,16
70B,4,p_based,8,800,0.6668426067038271,8.0,100,16
70B,4,auc_kappa_based,8,800,0.69046191139282,5.94,100,16
70B,4,moment_law,8,800,0.680013408227114,3.43,100,16
70B,4,oracle,8,800,0.7110120460582888,5.14,100,16
70B,4,uniform,16,1600,0.6614647924556055,16.0,100,16
70B,4,p_based,16,1600,0.6596112453801122,10.18,100,16
70B,4,auc_kappa_based,16,1600,0.69046191139282,5.94,100,16
70B,4,moment_law,16,1600,0.680013408227114,3.43,100,16
70B,4,oracle,16,1600,0.7110120460582888,5.14,100,16
70B,4,uniform,32,3200,0.648974603403004,32.0,100,16
70B,4,p_based,32,3200,0.6596112453801122,10.18,100,16
70B,4,auc_kappa_based,32,3200,0.69046191139282,5.94,100,16
70B,4,moment_law,32,3200,0.680013408227114,3.43,100,16
70B,4,oracle,32,3200,0.7110120460582888,5.14,100,16
70B,5,uniform,1,100,0.6734375,1.0,100,16
70B,5,p_based,1,100,0.6734375,1.0,100,16
70B,5,auc_kappa_based,1,100,0.6734375,1.0,100,16
70B,5,moment_law,1,100,0.6734375,1.0,100,16
70B,5,oracle,1,100,0.6734375,1.0,100,16
70B,5,uniform,2,200,0.676962890625,2.0,100,16
70B,5,p_based,2,200,0.6737635280835093,2.0,100,16
70B,5,auc_kappa_based,2,200,0.6737706266567693,2.0,100,16
70B,5,moment_law,2,200,0.6745612887492727,2.0,100,16
70B,5,oracle,2,200,0.6971267621029017,2.0,100,16
70B,5,uniform,4,400,0.674752779006958,4.0,100,16
70B,5,p_based,4,400,0.6704828016909238,4.0,100,16
70B,5,auc_kappa_based,4,400,0.6675708727622502,4.0,100,16
70B,5,moment_law,4,400,0.672069627542254,3.66,100,16
70B,5,oracle,4,400,0.704198269542505,4.0,100,16
70B,5,uniform,8,800,0.668298654612563,8.0,100,16
70B,5,p_based,8,800,0.6598027461757642,8.0,100,16
70B,5,auc_kappa_based,8,800,0.6668275587481425,7.82,100,16
70B,5,moment_law,8,800,0.672069627542254,3.66,100,16
70B,5,oracle,8,800,0.7041985198221551,4.95,100,16
70B,5,uniform,16,1600,0.6594466387441551,16.0,100,16
70B,5,p_based,16,1600,0.6563385171767648,10.38,100,16
70B,5,auc_kappa_based,16,1600,0.6668275587481425,7.82,100,16
70B,5,moment_law,16,1600,0.672069627542254,3.66,100,16
70B,5,oracle,16,1600,0.7041985198221551,4.95,100,16
70B,5,uniform,32,3200,0.6539039917868973,32.0,100,16
70B,5,p_based,32,3200,0.6563385171767648,10.38,100,16
70B,5,auc_kappa_based,32,3200,0.6668275587481425,7.82,100,16
70B,5,moment_law,32,3200,0.672069627542254,3.66,100,16
70B,5,oracle,32,3200,0.7041985198221551,4.95,100,16
70B,6,uniform,1,100,0.6709375,1.0,100,16
70B,6,p_based,1,100,0.6709375,1.0,100,16
70B,6,auc_kappa_based,1,100,0.6709375,1.0,100,16
70B,6,moment_law,1,100,0.6709375,1.0,100,16
70B,6,oracle,1,100,0.6709375,1.0,100,16
70B,6,uniform,2,200,0.674404296875,2.0,100,16
70B,6,p_based,2,200,0.6699258866629679,2.0,100,16
70B,6,auc_kappa_based,2,200,0.6751422867047655,2.0,100,16
70B,6,moment_law,2,200,0.6714063788817548,2.0,100,16
70B,6,oracle,2,200,0.694980759498332,2.0,100,16
70B,6,uniform,4,400,0.6697264385223388,4.0,100,16
70B,6,p_based,4,400,0.6638353346675723,4.0,100,16
70B,6,auc_kappa_based,4,400,0.6700253475466775,4.0,100,16
70B,6,moment_law,4,400,0.6703594223742162,3.78,100,16
70B,6,oracle,4,400,0.6995460358848838,4.0,100,16
70B,6,uniform,8,800,0.6587561911960347,8.0,100,16
70B,6,p_based,8,800,0.6433321918551601,8.0,100,16
70B,6,auc_kappa_based,8,800,0.6674123195204317,6.65,100,16
70B,6,moment_law,8,800,0.6703594223742162,3.78,100,16
70B,6,oracle,8,800,0.6995460418675833,4.53,100,16
70B,6,uniform,16,1600,0.6424167171558536,16.0,100,16
70B,6,p_based,16,1600,0.6363876536446873,10.01,100,16
70B,6,auc_kappa_based,16,1600,0.6674123195204317,6.65,100,16
70B,6,moment_law,16,1600,0.6703594223742162,3.78,100,16
70B,6,oracle,16,1600,0.6995460418675833,4.53,100,16
70B,6,uniform,32,3200,0.6270021725542188,32.0,100,16
70B,6,p_based,32,3200,0.6363876536446873,10.01,100,16
70B,6,auc_kappa_based,32,3200,0.6674123195204317,6.65,100,16
70B,6,moment_law,32,3200,0.6703594223742162,3.78,100,16
70B,6,oracle,32,3200,0.6995460418675833,4.53,100,16
70B,7,uniform,1,100,0.6715625,1.0,100,16
70B,7,p_based,1,100,0.6715625,1.0,100,16
70B,7,auc_kappa_based,1,100,0.6715625,1.0,100,16
70B,7,moment_law,1,100,0.6715625,1.0,100,16
70B,7,oracle,1,100,0.6715625,1.0,100,16
70B,7,uniform,2,200,0.677392578125,2.0,100,16
70B,7,p_based,2,200,0.6769482725628495,2.0,100,16
70B,7,auc_kappa_based,2,200,0.6746815720242247,2.0,100,16
70B,7,moment_law,2,200,0.671845602229677,2.0,100,16
70B,7,oracle,2,200,0.697868022427065,2.0,100,16
70B,7,uniform,4,400,0.6754343509674072,4.0,100,16
70B,7,p_based,4,400,0.6735371988388146,4.0,100,16
70B,7,auc_kappa_based,4,400,0.6733020588262372,4.0,100,16
70B,7,moment_law,4,400,0.6713430682068667,3.45,100,16
70B,7,oracle,4,400,0.7090556585303166,4.0,100,16
70B,7,uniform,8,800,0.6689931138697375,8.0,100,16
70B,7,p_based,8,800,0.6597218473728372,8.0,100,16
70B,7,auc_kappa_based,8,800,0.6743221157087603,5.61,100,16
70B,7,moment_law,8,800,0.6713430682068667,3.45,100,16
70B,7,oracle,8,800,0.7090829714983584,5.19,100,16
70B,7,uniform,16,1600,0.6606475983985317,16.0,100,16
70B,7,p_based,16,1600,0.6545635929590858,10.06,100,16
70B,7,auc_kappa_based,16,1600,0.6743221157087603,5.61,100,16
70B,7,moment_law,16,1600,0.6713430682068667,3.45,100,16
70B,7,oracle,16,1600,0.7090829714983584,5.19,100,16
70B,7,uniform,32,3200,0.6525130641937321,32.0,100,16
70B,7,p_based,32,3200,0.6545635929590858,10.06,100,16
70B,7,auc_kappa_based,32,3200,0.6743221157087603,5.61,100,16
70B,7,moment_law,32,3200,0.6713430682068667,3.45,100,16
70B,7,oracle,32,3200,0.7090829714983584,5.19,100,16
70B,8,uniform,1,100,0.67125,1.0,100,16
70B,8,p_based,1,100,0.67125,1.0,100,16
70B,8,auc_kappa_based,1,100,0.67125,1.0,100,16
70B,8,moment_law,1,100,0.67125,1.0,100,16
70B,8,oracle,1,100,0.67125,1.0,100,16
70B,8,uniform,2,200,0.6808984375,2.0,100,16
70B,8,p_based,2,200,0.6842824195008553,2.0,100,16
70B,8,auc_kappa_based,2,200,0.6863556693828007,2.0,100,16
70B,8,moment_law,2,200,0.69024765662042,2.0,100,16
70B,8,oracle,2,200,0.6991298049034654,2.0,100,16
70B,8,uniform,4,400,0.6834325027465821,4.0,100,16
70B,8,p_based,4,400,0.683824045544756,4.0,100,16
70B,8,auc_kappa_based,4,400,0.6919538501164348,4.0,100,16
70B,8,moment_law,4,400,0.6927701288759917,2.63,100,16
70B,8,oracle,4,400,0.7147198144192537,4.0,100,16
70B,8,uniform,8,800,0.6808768176252852,8.0,100,16
70B,8,p_based,8,800,0.6752547817711847,8.0,100,16
70B,8,auc_kappa_based,8,800,0.6965517766539873,5.07,100,16
70B,8,moment_law,8,800,0.6927701288759917,2.63,100,16
70B,8,oracle,8,800,0.7149487935917384,6.52,100,16
70B,8,uniform,16,1600,0.6739008567722048,16.0,100,16
70B,8,p_based,16,1600,0.672523388455825,9.12,100,16
70B,8,auc_kappa_based,16,1600,0.6965517766539873,5.07,100,16
70B,8,moment_law,16,1600,0.6927701288759917,2.63,100,16
70B,8,oracle,16,1600,0.7149487935917384,6.52,100,16
70B,8,uniform,32,3200,0.6670477330627642,32.0,100,16
70B,8,p_based,32,3200,0.672523388455825,9.12,100,16
70B,8,auc_kappa_based,32,3200,0.6965517766539873,5.07,100,16
70B,8,moment_law,32,3200,0.6927701288759917,2.63,100,16
70B,8,oracle,32,3200,0.7149487935917384,6.52,100,16
70B,9,uniform,1,100,0.6703125,1.0,100,16
70B,9,p_based,1,100,0.6703125,1.0,100,16
70B,9,auc_kappa_based,1,100,0.6703125,1.0,100,16
70B,9,moment_law,1,100,0.6703125,1.0,100,16
70B,9,oracle,1,100,0.6703125,1.0,100,16
70B,9,uniform,2,200,0.676376953125,2.0,100,16
70B,9,p_based,2,200,0.674092461384098,2.0,100,16
70B,9,auc_kappa_based,2,200,0.678523197025298,2.0,100,16
70B,9,moment_law,2,200,0.6810975267530679,2.0,100,16
70B,9,oracle,2,200,0.6975735605422483,2.0,100,16
70B,9,uniform,4,400,0.676334581375122,4.0,100,16
70B,9,p_based,4,400,0.6689381771820304,4.0,100,16
70B,9,auc_kappa_based,4,400,0.6746350701529786,4.0,100,16
70B,9,moment_law,4,400,0.6792362628134535,3.13,100,16
70B,9,oracle,4,400,0.7057026588631835,4.0,100,16
70B,9,uniform,8,800,0.673028090326452,8.0,100,16
70B,9,p_based,8,800,0.6559061674724367,8.0,100,16
70B,9,auc_kappa_based,8,800,0.6704455370123038,6.26,100,16
70B,9,moment_law,8,800,0.6792362628134535,3.13,100,16
70B,9,oracle,8,800,0.7057256537928768,5.1,100,16
70B,9,uniform,16,1600,0.665258048611769,16.0,100,16
70B,9,p_based,16,1600,0.6503510686739651,10.09,100,16
70B,9,auc_kappa_based,16,1600,0.6704455370123038,6.26,100,16
70B,9,moment_law,16,1600,0.6792362628134535,3.13,100,16
70B,9,oracle,16,1600,0.7057256537928768,5.1,100,16
70B,9,uniform,32,3200,0.6524359627869879,32.0,100,16
70B,9,p_based,32,3200,0.6503510686739651,10.09,100,16
70B,9,auc_kappa_based,32,3200,0.6704455370123038,6.26,100,16
70B,9,moment_law,32,3200,0.6792362628134535,3.13,100,16
70B,9,oracle,32,3200,0.7057256537928768,5.1,100,16
70B,10,uniform,1,100,0.6684375,1.0,100,16
70B,10,p_based,1,100,0.6684375,1.0,100,16
70B,10,auc_kappa_based,1,100,0.6684375,1.0,100,16
70B,10,moment_law,1,100,0.6684375,1.0,100,16
70B,10,oracle,1,100,0.6684375,1.0,100,16
70B,10,uniform,2,200,0.672236328125,2.0,100,16
70B,10,p_based,2,200,0.6686792750281529,2.0,100,16
70B,10,auc_kappa_based,2,200,0.6725568952562904,2.0,100,16
70B,10,moment_law,2,200,0.6741920529336823,2.0,100,16
70B,10,oracle,2,200,0.6960988297169416,2.0,100,16
70B,10,uniform,4,400,0.6693766498565674,4.0,100,16
70B,10,p_based,4,400,0.668384204907788,4.0,100,16
70B,10,auc_kappa_based,4,400,0.6739551111540223,4.0,100,16
70B,10,moment_law,4,400,0.675063411051188,3.35,100,16
70B,10,oracle,4,400,0.7056834649984376,4.0,100,16
70B,10,uniform,8,800,0.6627447757261415,8.0,100,16
70B,10,p_based,8,800,0.6581454574946443,8.0,100,16
70B,10,auc_kappa_based,8,800,0.6752593490868697,6.76,100,16
70B,10,moment_law,8,800,0.675063411051188,3.35,100,16
70B,10,oracle,8,800,0.7057109264049811,5.52,100,16
70B,10,uniform,16,1600,0.6532651603275077,16.0,100,16
70B,10,p_based,16,1600,0.6527955101170749,9.55,100,16
70B,10,auc_kappa_based,16,1600,0.6752593490868697,6.76,100,16
70B,10,moment_law,16,1600,0.675063411051188,3.35,100,16
70B,10,oracle,16,1600,0.7057109264049811,5.52,100,16
70B,10,uniform,32,3200,0.6441488443723773,32.0,100,16
70B,10,p_based,32,3200,0.6527955101170749,9.55,100,16
70B,10,auc_kappa_based,32,3200,0.6752593490868697,6.76,100,16
70B,10,moment_law,32,3200,0.675063411051188,3.35,100,16
70B,10,oracle,32,3200,0.7057109264049811,5.52,100,16
70B,11,uniform,1,100,0.666875,1.0,100,16
70B,11,p_based,1,100,0.666875,1.0,100,16
70B,11,auc_kappa_based,1,100,0.666875,1.0,100,16
70B,11,moment_law,1,100,0.666875,1.0,100,16
70B,11,oracle,1,100,0.666875,1.0,100,16
70B,11,uniform,2,200,0.67,2.0,100,16
70B,11,p_based,2,200,0.6701062100054697,2.0,100,16
70B,11,auc_kappa_based,2,200,0.665266315634363,2.0,100,16
70B,11,moment_law,2,200,0.6683280088363474,2.0,100,16
70B,11,oracle,2,200,0.6914109763083696,2.0,100,16
70B,11,uniform,4,400,0.6677193069458007,4.0,100,16
70B,11,p_based,4,400,0.6650858796962587,4.0,100,16
70B,11,auc_kappa_based,4,400,0.6592863888038984,4.0,100,16
70B,11,moment_law,4,400,0.6557948987273786,3.53,100,16
70B,11,oracle,4,400,0.6989171813660267,4.0,100,16
70B,11,uniform,8,800,0.6612293514336125,8.0,100,16
70B,11,p_based,8,800,0.6561589896792424,8.0,100,16
70B,11,auc_kappa_based,8,800,0.6556083370069168,6.12,100,16
70B,11,moment_law,8,800,0.6557948987273786,3.53,100,16
70B,11,oracle,8,800,0.6989464520315394,5.58,100,16
70B,11,uniform,16,1600,0.6498422636427362,16.0,100,16
70B,11,p_based,16,1600,0.6529715738769536,9.97,100,16
70B,11,auc_kappa_based,16,1600,0.6556083370069168,6.12,100,16
70B,11,moment_law,16,1600,0.6557948987273786,3.53,100,16
70B,11,oracle,16,1600,0.6989464520315394,5.58,100,16
70B,11,uniform,32,3200,0.6356695936076225,32.0,100,16
70B,11,p_based,32,3200,0.6529715738769536,9.97,100,16
70B,11,auc_kappa_based,32,3200,0.6556083370069168,6.12,100,16
70B,11,moment_law,32,3200,0.6557948987273786,3.53,100,16
70B,11,oracle,32,3200,0.6989464520315394,5.58,100,16
70B,12,uniform,1,100,0.6703125,1.0,100,16
70B,12,p_based,1,100,0.6703125,1.0,100,16
70B,12,auc_kappa_based,1,100,0.6703125,1.0,100,16
70B,12,moment_law,1,100,0.6703125,1.0,100,16
70B,12,oracle,1,100,0.6703125,1.0,100,16
70B,12,uniform,2,200,0.673544921875,2.0,100,16
70B,12,p_based,2,200,0.6717245744937972,2.0,100,16
70B,12,auc_kappa_based,2,200,0.675711390165251,2.0,100,16
70B,12,moment_law,2,200,0.6703702817945412,2.0,100,16
70B,12,oracle,2,200,0.6968770114650127,2.0,100,16
70B,12,uniform,4,400,0.6692284679412842,4.0,100,16
70B,12,p_based,4,400,0.669355921708407,4.0,100,16
70B,12,auc_kappa_based,4,400,0.6707894415665524,4.0,100,16
70B,12,moment_law,4,400,0.6622120651617651,3.66,100,16
70B,12,oracle,4,400,0.7056753126159643,4.0,100,16
70B,12,uniform,8,800,0.6594924228870787,8.0,100,16
70B,12,p_based,8,800,0.6535652587124197,8.0,100,16
70B,12,auc_kappa_based,8,800,0.6696907999504841,6.73,100,16
70B,12,moment_law,8,800,0.6622120651617651,3.66,100,16
70B,12,oracle,8,800,0.7056863165673574,5.33,100,16
70B,12,uniform,16,1600,0.6465825772169345,16.0,100,16
70B,12,p_based,16,1600,0.6493951993782955,9.97,100,16
70B,12,auc_kappa_based,16,1600,0.6696907999504841,6.73,100,16
70B,12,moment_law,16,1600,0.6622120651617651,3.66,100,16
70B,12,oracle,16,1600,0.7056863165673574,5.33,100,16
70B,12,uniform,32,3200,0.6392525549918442,32.0,100,16
70B,12,p_based,32,3200,0.6493951993782955,9.97,100,16
70B,12,auc_kappa_based,32,3200,0.6696907999504841,6.73,100,16
70B,12,moment_law,32,3200,0.6622120651617651,3.66,100,16
70B,12,oracle,32,3200,0.7056863165673574,5.33,100,16
70B,13,uniform,1,100,0.6740625,1.0,100,16
70B,13,p_based,1,100,0.6740625,1.0,100,16
70B,13,auc_kappa_based,1,100,0.6740625,1.0,100,16
70B,13,moment_law,1,100,0.6740625,1.0,100,16
70B,13,oracle,1,100,0.6740625,1.0,100,16
70B,13,uniform,2,200,0.679091796875,2.0,100,16
70B,13,p_based,2,200,0.6807295133231218,2.0,100,16
70B,13,auc_kappa_based,2,200,0.6816606520036071,2.0,100,16
70B,13,moment_law,2,200,0.683226312092145,2.0,100,16
70B,13,oracle,2,200,0.6980100650626645,2.0,100,16
70B,13,uniform,4,400,0.676790533065796,4.0,100,16
70B,13,p_based,4,400,0.6790725194509838,4.0,100,16
70B,13,auc_kappa_based,4,400,0.6752971482087896,4.0,100,16
70B,13,moment_law,4,400,0.6800507140399187,3.65,100,16
70B,13,oracle,4,400,0.7056293575421495,4.0,100,16
70B,13,uniform,8,800,0.6688970815855191,8.0,100,16
70B,13,p_based,8,800,0.6671108265512025,8.0,100,16
70B,13,auc_kappa_based,8,800,0.6718443965810345,5.84,100,16
70B,13,moment_law,8,800,0.6800507140399187,3.65,100,16
70B,13,oracle,8,800,0.7056302925161263,4.68,100,16
70B,13,uniform,16,1600,0.6551560652582714,16.0,100,16
70B,13,p_based,16,1600,0.656614509099541,10.6,100,16
70B,13,auc_kappa_based,16,1600,0.6718443965810345,5.84,100,16
70B,13,moment_law,16,1600,0.6800507140399187,3.65,100,16
70B,13,oracle,16,1600,0.7056302925161263,4.68,100,16
70B,13,uniform,32,3200,0.6389547921150139,32.0,100,16
70B,13,p_based,32,3200,0.656614509099541,10.6,100,16
70B,13,auc_kappa_based,32,3200,0.6718443965810345,5.84,100,16
70B,13,moment_law,32,3200,0.6800507140399187,3.65,100,16
70B,13,oracle,32,3200,0.7056302925161263,4.68,100,16
70B,14,uniform,1,100,0.674375,1.0,100,16
70B,14,p_based,1,100,0.674375,1.0,100,16
70B,14,auc_kappa_based,1,100,0.674375,1.0,100,16
70B,14,moment_law,1,100,0.674375,1.0,100,16
70B,14,oracle,1,100,0.674375,1.0,100,16
70B,14,uniform,2,200,0.68068359375,2.0,100,16
70B,14,p_based,2,200,0.6799033148106978,2.0,100,16
70B,14,auc_kappa_based,2,200,0.6806898649351496,2.0,100,16
70B,14,moment_law,2,200,0.6831845421949302,2.0,100,16
70B,14,oracle,2,200,0.7031765538098653,2.0,100,16
70B,14,uniform,4,400,0.6812650108337402,4.0,100,16
70B,14,p_based,4,400,0.6790272876896136,4.0,100,16
70B,14,auc_kappa_based,4,400,0.6791353304710647,4.0,100,16
70B,14,moment_law,4,400,0.6813114699090861,3.4,100,16
70B,14,oracle,4,400,0.716880379712146,4.0,100,16
70B,14,uniform,8,800,0.6773722697207085,8.0,100,16
70B,14,p_based,8,800,0.6732932856110039,8.0,100,16
70B,14,auc_kappa_based,8,800,0.6780101908476404,5.38,100,16
70B,14,moment_law,8,800,0.6813114699090861,3.4,100,16
70B,14,oracle,8,800,0.717844521136222,5.53,100,16
70B,14,uniform,16,1600,0.6709646825307078,16.0,100,16
70B,14,p_based,16,1600,0.6712244885061602,9.71,100,16
70B,14,auc_kappa_based,16,1600,0.6780101908476404,5.38,100,16
70B,14,moment_law,16,1600,0.6813114699090861,3.4,100,16
70B,14,oracle,16,1600,0.717844521136222,5.53,100,16
70B,14,uniform,32,3200,0.6689272575184774,32.0,100,16
70B,14,p_based,32,3200,0.6712244885061602,9.71,100,16
70B,14,auc_kappa_based,32,3200,0.6780101908476404,5.38,100,16
70B,14,moment_law,32,3200,0.6813114699090861,3.4,100,16
70B,14,oracle,32,3200,0.717844521136222,5.53,100,16
70B,15,uniform,1,100,0.6746875,1.0,100,16
70B,15,p_based,1,100,0.6746875,1.0,100,16
70B,15,auc_kappa_based,1,100,0.6746875,1.0,100,16
70B,15,moment_law,1,100,0.6746875,1.0,100,16
70B,15,oracle,1,100,0.6746875,1.0,100,16
70B,15,uniform,2,200,0.681826171875,2.0,100,16
70B,15,p_based,2,200,0.6814561692954203,2.0,100,16
70B,15,auc_kappa_based,2,200,0.6891419258437854,2.0,100,16
70B,15,moment_law,2,200,0.6828212271230228,2.0,100,16
70B,15,oracle,2,200,0.7018584182655746,2.0,100,16
70B,15,uniform,4,400,0.6812174892425538,4.0,100,16
70B,15,p_based,4,400,0.6768199584886111,4.0,100,16
70B,15,auc_kappa_based,4,400,0.695072343940673,4.0,100,16
70B,15,moment_law,4,400,0.686444570934455,3.1,100,16
70B,15,oracle,4,400,0.7070722430174476,4.0,100,16
70B,15,uniform,8,800,0.6744684562657404,8.0,100,16
70B,15,p_based,8,800,0.6608689139005435,8.0,100,16
70B,15,auc_kappa_based,8,800,0.6957940538672814,4.77,100,16
70B,15,moment_law,8,800,0.686444570934455,3.1,100,16
70B,15,oracle,8,800,0.7070723921306342,4.67,100,16
70B,15,uniform,16,1600,0.6628952137069132,16.0,100,16
70B,15,p_based,16,1600,0.6586334700079763,9.14,100,16
70B,15,auc_kappa_based,16,1600,0.6957940538672814,4.77,100,16
70B,15,moment_law,16,1600,0.686444570934455,3.1,100,16
70B,15,oracle,16,1600,0.7070723921306342,4.67,100,16
70B,15,uniform,32,3200,0.649760793120837,32.0,100,16
70B,15,p_based,32,3200,0.6586334700079763,9.14,100,16
70B,15,auc_kappa_based,32,3200,0.6957940538672814,4.77,100,16
70B,15,moment_law,32,3200,0.686444570934455,3.1,100,16
70B,15,oracle,32,3200,0.7070723921306342,4.67,100,16
70B,16,uniform,1,100,0.6709375,1.0,100,16
70B,16,p_based,1,100,0.6709375,1.0,100,16
70B,16,auc_kappa_based,1,100,0.6709375,1.0,100,16
70B,16,moment_law,1,100,0.6709375,1.0,100,16
70B,16,oracle,1,100,0.6709375,1.0,100,16
70B,16,uniform,2,200,0.679775390625,2.0,100,16
70B,16,p_based,2,200,0.6770017827745874,2.0,100,16
70B,16,auc_kappa_based,2,200,0.6793734933728206,2.0,100,16
70B,16,moment_law,2,200,0.677452962348229,2.0,100,16
70B,16,oracle,2,200,0.7005911009888234,2.0,100,16
70B,16,uniform,4,400,0.679670877456665,4.0,100,16
70B,16,p_based,4,400,0.6709372474166801,4.0,100,16
70B,16,auc_kappa_based,4,400,0.6783482907875361,4.0,100,16
70B,16,moment_law,4,400,0.6754350769441249,3.13,100,16
70B,16,oracle,4,400,0.7088871400644599,4.0,100,16
70B,16,uniform,8,800,0.6738153640713517,8.0,100,16
70B,16,p_based,8,800,0.6530297480850313,8.0,100,16
70B,16,auc_kappa_based,8,800,0.6773412619999856,4.95,100,16
70B,16,moment_law,8,800,0.6754350769441249,3.13,100,16
70B,16,oracle,8,800,0.7088904011958335,5.27,100,16
70B,16,uniform,16,1600,0.6607060347270735,16.0,100,16
70B,16,p_based,16,1600,0.6514004466229366,8.66,100,16
70B,16,auc_kappa_based,16,1600,0.6773412619999856,4.95,100,16
70B,16,moment_law,16,1600,0.6754350769441249,3.13,100,16
70B,16,oracle,16,1600,0.7088904011958335,5.27,100,16
70B,16,uniform,32,3200,0.6459688651750473,32.0,100,16
70B,16,p_based,32,3200,0.6514004466229366,8.66,100,16
70B,16,auc_kappa_based,32,3200,0.6773412619999856,4.95,100,16
70B,16,moment_law,32,3200,0.6754350769441249,3.13,100,16
70B,16,oracle,32,3200,0.7088904011958335,5.27,100,16
70B,17,uniform,1,100,0.6721875,1.0,100,16
70B,17,p_based,1,100,0.6721875,1.0,100,16
70B,17,auc_kappa_based,1,100,0.6721875,1.0,100,16
70B,17,moment_law,1,100,0.6721875,1.0,100,16
70B,17,oracle,1,100,0.6721875,1.0,100,16
70B,17,uniform,2,200,0.678271484375,2.0,100,16
70B,17,p_based,2,200,0.6758914506187921,2.0,100,16
70B,17,auc_kappa_based,2,200,0.6772203218538031,2.0,100,16
70B,17,moment_law,2,200,0.6790989515742845,2.0,100,16
70B,17,oracle,2,200,0.6998063666310133,2.0,100,16
70B,17,uniform,4,400,0.674592924118042,4.0,100,16
70B,17,p_based,4,400,0.6699512566247228,4.0,100,16
70B,17,auc_kappa_based,4,400,0.6719596189810649,4.0,100,16
70B,17,moment_law,4,400,0.6794097232231008,3.22,100,16
70B,17,oracle,4,400,0.7056331158263347,4.0,100,16
70B,17,uniform,8,800,0.6634974120100651,8.0,100,16
70B,17,p_based,8,800,0.6528390959752941,8.0,100,16
70B,17,auc_kappa_based,8,800,0.6706761289861375,5.05,100,16
70B,17,moment_law,8,800,0.6794097232231008,3.22,100,16
70B,17,oracle,8,800,0.7056340537962805,5.21,100,16
70B,17,uniform,16,1600,0.6470320793166122,16.0,100,16
70B,17,p_based,16,1600,0.6493831661840332,10.3,100,16
70B,17,auc_kappa_based,16,1600,0.6706761289861375,5.05,100,16
70B,17,moment_law,16,1600,0.6794097232231008,3.22,100,16
70B,17,oracle,16,1600,0.7056340537962805,5.21,100,16
70B,17,uniform,32,3200,0.6342881691744788,32.0,100,16
70B,17,p_based,32,3200,0.6493831661840332,10.3,100,16
70B,17,auc_kappa_based,32,3200,0.6706761289861375,5.05,100,16
70B,17,moment_law,32,3200,0.6794097232231008,3.22,100,16
70B,17,oracle,32,3200,0.7056340537962805,5.21,100,16
70B,18,uniform,1,100,0.670625,1.0,100,16
70B,18,p_based,1,100,0.670625,1.0,100,16
70B,18,auc_kappa_based,1,100,0.670625,1.0,100,16
70B,18,moment_law,1,100,0.670625,1.0,100,16
70B,18,oracle,1,100,0.670625,1.0,100,16
70B,18,uniform,2,200,0.67734375,2.0,100,16
70B,18,p_based,2,200,0.6757887067901902,2.0,100,16
70B,18,auc_kappa_based,2,200,0.6774585512230706,2.0,100,16
70B,18,moment_law,2,200,0.683133295394276,2.0,100,16
70B,18,oracle,2,200,0.6989402162334847,2.0,100,16
70B,18,uniform,4,400,0.6772150039672852,4.0,100,16
70B,18,p_based,4,400,0.6746359995013398,4.0,100,16
70B,18,auc_kappa_based,4,400,0.6731458593763476,4.0,100,16
70B,18,moment_law,4,400,0.6792985425088898,2.79,100,16
70B,18,oracle,4,400,0.7094824958655217,4.0,100,16
70B,18,uniform,8,800,0.6709378658868446,8.0,100,16
70B,18,p_based,8,800,0.6566693158186658,8.0,100,16
70B,18,auc_kappa_based,8,800,0.6730710437367534,6.09,100,16
70B,18,moment_law,8,800,0.6792985425088898,2.79,100,16
70B,18,oracle,8,800,0.709603571203221,5.78,100,16
70B,18,uniform,16,1600,0.6588682910185628,16.0,100,16
70B,18,p_based,16,1600,0.6497250639515368,9.93,100,16
70B,18,auc_kappa_based,16,1600,0.6730710437367534,6.09,100,16
70B,18,moment_law,16,1600,0.6792985425088898,2.79,100,16
70B,18,oracle,16,1600,0.709603571203221,5.78,100,16
70B,18,uniform,32,3200,0.646349583093494,32.0,100,16
70B,18,p_based,32,3200,0.6497250639515368,9.93,100,16
70B,18,auc_kappa_based,32,3200,0.6730710437367534,6.09,100,16
70B,18,moment_law,32,3200,0.6792985425088898,2.79,100,16
70B,18,oracle,32,3200,0.709603571203221,5.78,100,16
70B,19,uniform,1,100,0.6728125,1.0,100,16
70B,19,p_based,1,100,0.6728125,1.0,100,16
70B,19,auc_kappa_based,1,100,0.6728125,1.0,100,16
70B,19,moment_law,1,100,0.6728125,1.0,100,16
70B,19,oracle,1,100,0.6728125,1.0,100,16
70B,19,uniform,2,200,0.681767578125,2.0,100,16
70B,19,p_based,2,200,0.6840266209095717,2.0,100,16
70B,19,auc_kappa_based,2,200,0.6856216491054932,2.0,100,16
70B,19,moment_law,2,200,0.6842800993222217,2.0,100,16
70B,19,oracle,2,200,0.7023364098617221,2.0,100,16
70B,19,uniform,4,400,0.6842613315582275,4.0,100,16
70B,19,p_based,4,400,0.690165277962804,4.0,100,16
70B,19,auc_kappa_based,4,400,0.6863780775698979,4.0,100,16
70B,19,moment_law,4,400,0.682272857944572,3.36,100,16
70B,19,oracle,4,400,0.7196870936643001,4.0,100,16
70B,19,uniform,8,800,0.6810875402385227,8.0,100,16
70B,19,p_based,8,800,0.6798868222740242,8.0,100,16
70B,19,auc_kappa_based,8,800,0.688482873184631,5.25,100,16
70B,19,moment_law,8,800,0.682272857944572,3.36,100,16
70B,19,oracle,8,800,0.7209239451965075,6.42,100,16
70B,19,uniform,16,1600,0.6729421386855573,16.0,100,16
70B,19,p_based,16,1600,0.6695244965709464,10.73,100,16
70B,19,auc_kappa_based,16,1600,0.688482873184631,5.25,100,16
70B,19,moment_law,16,1600,0.682272857944572,3.36,100,16
70B,19,oracle,16,1600,0.7209239451965075,6.42,100,16
70B,19,uniform,32,3200,0.6635881740722473,32.0,100,16
70B,19,p_based,32,3200,0.6695244965709464,10.73,100,16
70B,19,auc_kappa_based,32,3200,0.688482873184631,5.25,100,16
70B,19,moment_law,32,3200,0.682272857944572,3.36,100,16
70B,19,oracle,32,3200,0.7209239451965075,6.42,100,16
MistralSmall119B,0,uniform,1,100,0.7096875,1.0,100,16
MistralSmall119B,0,p_based,1,100,0.7096875,1.0,100,16
MistralSmall119B,0,auc_kappa_based,1,100,0.7096875,1.0,100,16
MistralSmall119B,0,moment_law,1,100,0.7096875,1.0,100,16
MistralSmall119B,0,oracle,1,100,0.7096875,1.0,100,16
MistralSmall119B,0,uniform,2,200,0.709443359375,2.0,100,16
MistralSmall119B,0,p_based,2,200,0.7095780082511384,2.0,100,16
MistralSmall119B,0,auc_kappa_based,2,200,0.7183041786849281,2.0,100,16
MistralSmall119B,0,moment_law,2,200,0.7178189817827803,2.0,100,16
MistralSmall119B,0,oracle,2,200,0.725245312213303,2.0,100,16
MistralSmall119B,0,uniform,4,400,0.7084756755828857,4.0,100,16
MistralSmall119B,0,p_based,4,400,0.7075896008357848,4.0,100,16
MistralSmall119B,0,auc_kappa_based,4,400,0.7217696819683556,3.63,100,16
MistralSmall119B,0,moment_law,4,400,0.717903193395243,2.36,100,16
MistralSmall119B,0,oracle,4,400,0.7254742264384987,3.7,100,16
MistralSmall119B,0,uniform,8,800,0.7068018518913868,8.0,100,16
MistralSmall119B,0,p_based,8,800,0.7123724066642826,6.46,100,16
MistralSmall119B,0,auc_kappa_based,8,800,0.7217696819683556,3.63,100,16
MistralSmall119B,0,moment_law,8,800,0.717903193395243,2.36,100,16
MistralSmall119B,0,oracle,8,800,0.7254742264384987,3.7,100,16
MistralSmall119B,0,uniform,16,1600,0.7052635520391702,16.0,100,16
MistralSmall119B,0,p_based,16,1600,0.7123724066642826,6.46,100,16
MistralSmall119B,0,auc_kappa_based,16,1600,0.7217696819683556,3.63,100,16
MistralSmall119B,0,moment_law,16,1600,0.717903193395243,2.36,100,16
MistralSmall119B,0,oracle,16,1600,0.7254742264384987,3.7,100,16
MistralSmall119B,0,uniform,32,3200,0.7051681640055318,32.0,100,16
MistralSmall119B,0,p_based,32,3200,0.7123724066642826,6.46,100,16
MistralSmall119B,0,auc_kappa_based,32,3200,0.7217696819683556,3.63,100,16
MistralSmall119B,0,moment_law,32,3200,0.717903193395243,2.36,100,16
MistralSmall119B,0,oracle,32,3200,0.7254742264384987,3.7,100,16
MistralSmall119B,1,uniform,1,100,0.71,1.0,100,16
MistralSmall119B,1,p_based,1,100,0.71,1.0,100,16
MistralSmall119B,1,auc_kappa_based,1,100,0.71,1.0,100,16
MistralSmall119B,1,moment_law,1,100,0.71,1.0,100,16
MistralSmall119B,1,oracle,1,100,0.71,1.0,100,16
MistralSmall119B,1,uniform,2,200,0.706328125,2.0,100,16
MistralSmall119B,1,p_based,2,200,0.7049570610097239,2.0,100,16
MistralSmall119B,1,auc_kappa_based,2,200,0.7158166795427683,2.0,100,16
MistralSmall119B,1,moment_law,2,200,0.7153430430213956,2.0,100,16
MistralSmall119B,1,oracle,2,200,0.7214286826519292,2.0,100,16
MistralSmall119B,1,uniform,4,400,0.7034706497192382,4.0,100,16
MistralSmall119B,1,p_based,4,400,0.704250318677696,4.0,100,16
MistralSmall119B,1,auc_kappa_based,4,400,0.713750580813181,4.0,100,16
MistralSmall119B,1,moment_law,4,400,0.7160708561787582,2.54,100,16
MistralSmall119B,1,oracle,4,400,0.7215170309191419,3.74,100,16
MistralSmall119B,1,uniform,8,800,0.7007220871113895,8.0,100,16
MistralSmall119B,1,p_based,8,800,0.7073611635322525,6.09,100,16
MistralSmall119B,1,auc_kappa_based,8,800,0.7124017856534667,4.81,100,16
MistralSmall119B,1,moment_law,8,800,0.7160708561787582,2.54,100,16
MistralSmall119B,1,oracle,8,800,0.7215170309191419,3.74,100,16
MistralSmall119B,1,uniform,16,1600,0.7009526006308683,16.0,100,16
MistralSmall119B,1,p_based,16,1600,0.7073611635322525,6.09,100,16
MistralSmall119B,1,auc_kappa_based,16,1600,0.7124017856534667,4.81,100,16
MistralSmall119B,1,moment_law,16,1600,0.7160708561787582,2.54,100,16
MistralSmall119B,1,oracle,16,1600,0.7215170309191419,3.74,100,16
MistralSmall119B,1,uniform,32,3200,0.7054018047459565,32.0,100,16
MistralSmall119B,1,p_based,32,3200,0.7073611635322525,6.09,100,16
MistralSmall119B,1,auc_kappa_based,32,3200,0.7124017856534667,4.81,100,16
MistralSmall119B,1,moment_law,32,3200,0.7160708561787582,2.54,100,16
MistralSmall119B,1,oracle,32,3200,0.7215170309191419,3.74,100,16
MistralSmall119B,2,uniform,1,100,0.71,1.0,100,16
MistralSmall119B,2,p_based,1,100,0.71,1.0,100,16
MistralSmall119B,2,auc_kappa_based,1,100,0.71,1.0,100,16
MistralSmall119B,2,moment_law,1,100,0.71,1.0,100,16
MistralSmall119B,2,oracle,1,100,0.71,1.0,100,16
MistralSmall119B,2,uniform,2,200,0.70943359375,2.0,100,16
MistralSmall119B,2,p_based,2,200,0.7054676791357068,2.0,100,16
MistralSmall119B,2,auc_kappa_based,2,200,0.717528905937942,2.0,100,16
MistralSmall119B,2,moment_law,2,200,0.718854866574088,2.0,100,16
MistralSmall119B,2,oracle,2,200,0.72434732923414,2.0,100,16
MistralSmall119B,2,uniform,4,400,0.7080217933654785,4.0,100,16
MistralSmall119B,2,p_based,4,400,0.7015013921642574,4.0,100,16
MistralSmall119B,2,auc_kappa_based,4,400,0.7173428232510107,3.96,100,16
MistralSmall119B,2,moment_law,4,400,0.7189965195013293,2.37,100,16
MistralSmall119B,2,oracle,4,400,0.724456441002067,3.77,100,16
MistralSmall119B,2,uniform,8,800,0.7064118177595993,8.0,100,16
MistralSmall119B,2,p_based,8,800,0.7065866687774254,7.07,100,16
MistralSmall119B,2,auc_kappa_based,8,800,0.7173428232510107,3.96,100,16
MistralSmall119B,2,moment_law,8,800,0.7189965195013293,2.37,100,16
MistralSmall119B,2,oracle,8,800,0.724456441002067,3.77,100,16
MistralSmall119B,2,uniform,16,1600,0.7063636093204428,16.0,100,16
MistralSmall119B,2,p_based,16,1600,0.7065866687774254,7.07,100,16
MistralSmall119B,2,auc_kappa_based,16,1600,0.7173428232510107,3.96,100,16
MistralSmall119B,2,moment_law,16,1600,0.7189965195013293,2.37,100,16
MistralSmall119B,2,oracle,16,1600,0.724456441002067,3.77,100,16
MistralSmall119B,2,uniform,32,3200,0.7081085135152394,32.0,100,16
MistralSmall119B,2,p_based,32,3200,0.7065866687774254,7.07,100,16
MistralSmall119B,2,auc_kappa_based,32,3200,0.7173428232510107,3.96,100,16
MistralSmall119B,2,moment_law,32,3200,0.7189965195013293,2.37,100,16
MistralSmall119B,2,oracle,32,3200,0.724456441002067,3.77,100,16
MistralSmall119B,3,uniform,1,100,0.708125,1.0,100,16
MistralSmall119B,3,p_based,1,100,0.708125,1.0,100,16
MistralSmall119B,3,auc_kappa_based,1,100,0.708125,1.0,100,16
MistralSmall119B,3,moment_law,1,100,0.708125,1.0,100,16
MistralSmall119B,3,oracle,1,100,0.708125,1.0,100,16
MistralSmall119B,3,uniform,2,200,0.70888671875,2.0,100,16
MistralSmall119B,3,p_based,2,200,0.7064317863276393,2.0,100,16
MistralSmall119B,3,auc_kappa_based,2,200,0.7168920226724643,2.0,100,16
MistralSmall119B,3,moment_law,2,200,0.7149171023014186,1.89,100,16
MistralSmall119B,3,oracle,2,200,0.7248085137454089,2.0,100,16
MistralSmall119B,3,uniform,4,400,0.7093621635437012,4.0,100,16
MistralSmall119B,3,p_based,4,400,0.7054317053693143,4.0,100,16
MistralSmall119B,3,auc_kappa_based,4,400,0.7135817293782983,3.61,100,16
MistralSmall119B,3,moment_law,4,400,0.7149171023014186,1.89,100,16
MistralSmall119B,3,oracle,4,400,0.7249522673172026,3.93,100,16
MistralSmall119B,3,uniform,8,800,0.7096788226824537,8.0,100,16
MistralSmall119B,3,p_based,8,800,0.7071074086294128,7.04,100,16
MistralSmall119B,3,auc_kappa_based,8,800,0.7135817293782983,3.61,100,16
MistralSmall119B,3,moment_law,8,800,0.7149171023014186,1.89,100,16
MistralSmall119B,3,oracle,8,800,0.7249522673172026,3.93,100,16
MistralSmall119B,3,uniform,16,1600,0.7092738836084123,16.0,100,16
MistralSmall119B,3,p_based,16,1600,0.7071074086294128,7.04,100,16
MistralSmall119B,3,auc_kappa_based,16,1600,0.7135817293782983,3.61,100,16
MistralSmall119B,3,moment_law,16,1600,0.7149171023014186,1.89,100,16
MistralSmall119B,3,oracle,16,1600,0.7249522673172026,3.93,100,16
MistralSmall119B,3,uniform,32,3200,0.7092861397972218,32.0,100,16
MistralSmall119B,3,p_based,32,3200,0.7071074086294128,7.04,100,16
MistralSmall119B,3,auc_kappa_based,32,3200,0.7135817293782983,3.61,100,16
MistralSmall119B,3,moment_law,32,3200,0.7149171023014186,1.89,100,16
MistralSmall119B,3,oracle,32,3200,0.7249522673172026,3.93,100,16
MistralSmall119B,4,uniform,1,100,0.7125,1.0,100,16
MistralSmall119B,4,p_based,1,100,0.7125,1.0,100,16
MistralSmall119B,4,auc_kappa_based,1,100,0.7125,1.0,100,16
MistralSmall119B,4,moment_law,1,100,0.7125,1.0,100,16
MistralSmall119B,4,oracle,1,100,0.7125,1.0,100,16
MistralSmall119B,4,uniform,2,200,0.7104296875,2.0,100,16
MistralSmall119B,4,p_based,2,200,0.7052324684370646,2.0,100,16
MistralSmall119B,4,auc_kappa_based,2,200,0.7184095242591669,2.0,100,16
MistralSmall119B,4,moment_law,2,200,0.7177451340312448,2.0,100,16
MistralSmall119B,4,oracle,2,200,0.728209208663922,2.0,100,16
MistralSmall119B,4,uniform,4,400,0.7070317077636719,4.0,100,16
MistralSmall119B,4,p_based,4,400,0.7049948249905035,4.0,100,16
MistralSmall119B,4,auc_kappa_based,4,400,0.722155070471176,3.36,100,16
MistralSmall119B,4,moment_law,4,400,0.7180165081569371,2.09,100,16
MistralSmall119B,4,oracle,4,400,0.7287496090690546,3.63,100,16
MistralSmall119B,4,uniform,8,800,0.7028203830956773,8.0,100,16
MistralSmall119B,4,p_based,8,800,0.7072143476563866,6.19,100,16
MistralSmall119B,4,auc_kappa_based,8,800,0.722155070471176,3.36,100,16
MistralSmall119B,4,moment_law,8,800,0.7180165081569371,2.09,100,16
MistralSmall119B,4,oracle,8,800,0.7287496090690546,3.63,100,16
MistralSmall119B,4,uniform,16,1600,0.7007134545245628,16.0,100,16
MistralSmall119B,4,p_based,16,1600,0.7072143476563866,6.19,100,16
MistralSmall119B,4,auc_kappa_based,16,1600,0.722155070471176,3.36,100,16
MistralSmall119B,4,moment_law,16,1600,0.7180165081569371,2.09,100,16
MistralSmall119B,4,oracle,16,1600,0.7287496090690546,3.63,100,16
MistralSmall119B,4,uniform,32,3200,0.7036383920508388,32.0,100,16
MistralSmall119B,4,p_based,32,3200,0.7072143476563866,6.19,100,16
MistralSmall119B,4,auc_kappa_based,32,3200,0.722155070471176,3.36,100,16
MistralSmall119B,4,moment_law,32,3200,0.7180165081569371,2.09,100,16
MistralSmall119B,4,oracle,32,3200,0.7287496090690546,3.63,100,16
MistralSmall119B,5,uniform,1,100,0.7125,1.0,100,16
MistralSmall119B,5,p_based,1,100,0.7125,1.0,100,16
MistralSmall119B,5,auc_kappa_based,1,100,0.7125,1.0,100,16
MistralSmall119B,5,moment_law,1,100,0.7125,1.0,100,16
MistralSmall119B,5,oracle,1,100,0.7125,1.0,100,16
MistralSmall119B,5,uniform,2,200,0.70931640625,2.0,100,16
MistralSmall119B,5,p_based,2,200,0.7048059914346851,2.0,100,16
MistralSmall119B,5,auc_kappa_based,2,200,0.7174004036898342,2.0,100,16
MistralSmall119B,5,moment_law,2,200,0.7177698020356995,2.0,100,16
MistralSmall119B,5,oracle,2,200,0.7265544647002439,2.0,100,16
MistralSmall119B,5,uniform,4,400,0.7069427299499512,4.0,100,16
MistralSmall119B,5,p_based,4,400,0.7013353211124886,4.0,100,16
MistralSmall119B,5,auc_kappa_based,4,400,0.7159813012838725,4.0,100,16
MistralSmall119B,5,moment_law,4,400,0.7180241406309542,2.26,100,16
MistralSmall119B,5,oracle,4,400,0.7267749772457699,4.0,100,16
MistralSmall119B,5,uniform,8,800,0.7036101271390908,8.0,100,16
MistralSmall119B,5,p_based,8,800,0.6995552990928452,7.02,100,16
MistralSmall119B,5,auc_kappa_based,8,800,0.7140884840476854,4.57,100,16
MistralSmall119B,5,moment_law,8,800,0.7180241406309542,2.26,100,16
MistralSmall119B,5,oracle,8,800,0.7267749772457708,4.13,100,16
MistralSmall119B,5,uniform,16,1600,0.6998091746617553,16.0,100,16
MistralSmall119B,5,p_based,16,1600,0.6995552990928452,7.02,100,16
MistralSmall119B,5,auc_kappa_based,16,1600,0.7140884840476854,4.57,100,16
MistralSmall119B,5,moment_law,16,1600,0.7180241406309542,2.26,100,16
MistralSmall119B,5,oracle,16,1600,0.7267749772457708,4.13,100,16
MistralSmall119B,5,uniform,32,3200,0.7002206107951321,32.0,100,16
MistralSmall119B,5,p_based,32,3200,0.6995552990928452,7.02,100,16
MistralSmall119B,5,auc_kappa_based,32,3200,0.7140884840476854,4.57,100,16
MistralSmall119B,5,moment_law,32,3200,0.7180241406309542,2.26,100,16
MistralSmall119B,5,oracle,32,3200,0.7267749772457708,4.13,100,16
MistralSmall119B,6,uniform,1,100,0.70625,1.0,100,16
MistralSmall119B,6,p_based,1,100,0.70625,1.0,100,16
MistralSmall119B,6,auc_kappa_based,1,100,0.70625,1.0,100,16
MistralSmall119B,6,moment_law,1,100,0.70625,1.0,100,16
MistralSmall119B,6,oracle,1,100,0.70625,1.0,100,16
MistralSmall119B,6,uniform,2,200,0.70439453125,2.0,100,16
MistralSmall119B,6,p_based,2,200,0.7024138098582152,2.0,100,16
MistralSmall119B,6,auc_kappa_based,2,200,0.7126220677491054,2.0,100,16
MistralSmall119B,6,moment_law,2,200,0.7131364781609494,1.81,100,16
MistralSmall119B,6,oracle,2,200,0.7205801447652722,2.0,100,16
MistralSmall119B,6,uniform,4,400,0.7016322135925293,4.0,100,16
MistralSmall119B,6,p_based,4,400,0.697250881349309,4.0,100,16
MistralSmall119B,6,auc_kappa_based,4,400,0.7099856976250927,3.66,100,16
MistralSmall119B,6,moment_law,4,400,0.7131364781609494,1.81,100,16
MistralSmall119B,6,oracle,4,400,0.7210336712802616,4.0,100,16
MistralSmall119B,6,uniform,8,800,0.697682972140592,8.0,100,16
MistralSmall119B,6,p_based,8,800,0.6912860971003028,6.11,100,16
MistralSmall119B,6,auc_kappa_based,8,800,0.7099856976250927,3.66,100,16
MistralSmall119B,6,moment_law,8,800,0.7131364781609494,1.81,100,16
MistralSmall119B,6,oracle,8,800,0.721033671325281,4.49,100,16
MistralSmall119B,6,uniform,16,1600,0.693144090056432,16.0,100,16
MistralSmall119B,6,p_based,16,1600,0.6912860971003028,6.11,100,16
MistralSmall119B,6,auc_kappa_based,16,1600,0.7099856976250927,3.66,100,16
MistralSmall119B,6,moment_law,16,1600,0.7131364781609494,1.81,100,16
MistralSmall119B,6,oracle,16,1600,0.721033671325281,4.49,100,16
MistralSmall119B,6,uniform,32,3200,0.6897831174101973,32.0,100,16
MistralSmall119B,6,p_based,32,3200,0.6912860971003028,6.11,100,16
MistralSmall119B,6,auc_kappa_based,32,3200,0.7099856976250927,3.66,100,16
MistralSmall119B,6,moment_law,32,3200,0.7131364781609494,1.81,100,16
MistralSmall119B,6,oracle,32,3200,0.721033671325281,4.49,100,16
MistralSmall119B,7,uniform,1,100,0.7103125,1.0,100,16
MistralSmall119B,7,p_based,1,100,0.7103125,1.0,100,16
MistralSmall119B,7,auc_kappa_based,1,100,0.7103125,1.0,100,16
MistralSmall119B,7,moment_law,1,100,0.7103125,1.0,100,16
MistralSmall119B,7,oracle,1,100,0.7103125,1.0,100,16
MistralSmall119B,7,uniform,2,200,0.708759765625,2.0,100,16
MistralSmall119B,7,p_based,2,200,0.7069700585689596,2.0,100,16
MistralSmall119B,7,auc_kappa_based,2,200,0.7148230915935239,2.0,100,16
MistralSmall119B,7,moment_law,2,200,0.7152040215252439,2.0,100,16
MistralSmall119B,7,oracle,2,200,0.7208260780584983,2.0,100,16
MistralSmall119B,7,uniform,4,400,0.7068293476104737,4.0,100,16
MistralSmall119B,7,p_based,4,400,0.6997059799204667,4.0,100,16
MistralSmall119B,7,auc_kappa_based,4,400,0.7089721474587892,4.0,100,16
MistralSmall119B,7,moment_law,4,400,0.7153859462750429,2.51,100,16
MistralSmall119B,7,oracle,4,400,0.720830484912181,3.42,100,16
MistralSmall119B,7,uniform,8,800,0.702527094193183,8.0,100,16
MistralSmall119B,7,p_based,8,800,0.6941323346069246,6.85,100,16
MistralSmall119B,7,auc_kappa_based,8,800,0.7080945011978307,4.18,100,16
MistralSmall119B,7,moment_law,8,800,0.7153859462750429,2.51,100,16
MistralSmall119B,7,oracle,8,800,0.720830484912181,3.42,100,16
MistralSmall119B,7,uniform,16,1600,0.6970067136050829,16.0,100,16
MistralSmall119B,7,p_based,16,1600,0.6941323346069246,6.85,100,16
MistralSmall119B,7,auc_kappa_based,16,1600,0.7080945011978307,4.18,100,16
MistralSmall119B,7,moment_law,16,1600,0.7153859462750429,2.51,100,16
MistralSmall119B,7,oracle,16,1600,0.720830484912181,3.42,100,16
MistralSmall119B,7,uniform,32,3200,0.6932370091432334,32.0,100,16
MistralSmall119B,7,p_based,32,3200,0.6941323346069246,6.85,100,16
MistralSmall119B,7,auc_kappa_based,32,3200,0.7080945011978307,4.18,100,16
MistralSmall119B,7,moment_law,32,3200,0.7153859462750429,2.51,100,16
MistralSmall119B,7,oracle,32,3200,0.720830484912181,3.42,100,16
MistralSmall119B,8,uniform,1,100,0.7090625,1.0,100,16
MistralSmall119B,8,p_based,1,100,0.7090625,1.0,100,16
MistralSmall119B,8,auc_kappa_based,1,100,0.7090625,1.0,100,16
MistralSmall119B,8,moment_law,1,100,0.7090625,1.0,100,16
MistralSmall119B,8,oracle,1,100,0.7090625,1.0,100,16
MistralSmall119B,8,uniform,2,200,0.707802734375,2.0,100,16
MistralSmall119B,8,p_based,2,200,0.7062409590713259,2.0,100,16
MistralSmall119B,8,auc_kappa_based,2,200,0.7128796645429257,2.0,100,16
MistralSmall119B,8,moment_law,2,200,0.7138839647560973,1.78,100,16
MistralSmall119B,8,oracle,2,200,0.7237289517932584,2.0,100,16
MistralSmall119B,8,uniform,4,400,0.7062692546844482,4.0,100,16
MistralSmall119B,8,p_based,4,400,0.7036676505445669,4.0,100,16
MistralSmall119B,8,auc_kappa_based,4,400,0.7135631311719561,3.3,100,16
MistralSmall119B,8,moment_law,4,400,0.7138839647560973,1.78,100,16
MistralSmall119B,8,oracle,4,400,0.7247124085437991,4.0,100,16
MistralSmall119B,8,uniform,8,800,0.7037001720034732,8.0,100,16
MistralSmall119B,8,p_based,8,800,0.7031699563081572,6.67,100,16
MistralSmall119B,8,auc_kappa_based,8,800,0.7135631311719561,3.3,100,16
MistralSmall119B,8,moment_law,8,800,0.7138839647560973,1.78,100,16
MistralSmall119B,8,oracle,8,800,0.7247124085460674,4.5,100,16
MistralSmall119B,8,uniform,16,1600,0.7006219609248454,16.0,100,16
MistralSmall119B,8,p_based,16,1600,0.7031699563081572,6.67,100,16
MistralSmall119B,8,auc_kappa_based,16,1600,0.7135631311719561,3.3,100,16
MistralSmall119B,8,moment_law,16,1600,0.7138839647560973,1.78,100,16
MistralSmall119B,8,oracle,16,1600,0.7247124085460674,4.5,100,16
MistralSmall119B,8,uniform,32,3200,0.7010522716062613,32.0,100,16
MistralSmall119B,8,p_based,32,3200,0.7031699563081572,6.67,100,16
MistralSmall119B,8,auc_kappa_based,32,3200,0.7135631311719561,3.3,100,16
MistralSmall119B,8,moment_law,32,3200,0.7138839647560973,1.78,100,16
MistralSmall119B,8,oracle,32,3200,0.7247124085460674,4.5,100,16
MistralSmall119B,9,uniform,1,100,0.709375,1.0,100,16
MistralSmall119B,9,p_based,1,100,0.709375,1.0,100,16
MistralSmall119B,9,auc_kappa_based,1,100,0.709375,1.0,100,16
MistralSmall119B,9,moment_law,1,100,0.709375,1.0,100,16
MistralSmall119B,9,oracle,1,100,0.709375,1.0,100,16
MistralSmall119B,9,uniform,2,200,0.70853515625,2.0,100,16
MistralSmall119B,9,p_based,2,200,0.7069375492629425,2.0,100,16
MistralSmall119B,9,auc_kappa_based,2,200,0.7137004890820634,2.0,100,16
MistralSmall119B,9,moment_law,2,200,0.7104424750094277,1.94,100,16
MistralSmall119B,9,oracle,2,200,0.7226478572334177,2.0,100,16
MistralSmall119B,9,uniform,4,400,0.7071239280700684,4.0,100,16
MistralSmall119B,9,p_based,4,400,0.7025891175535987,4.0,100,16
MistralSmall119B,9,auc_kappa_based,4,400,0.7095386658194185,3.23,100,16
MistralSmall119B,9,moment_law,4,400,0.7104424750094277,1.94,100,16
MistralSmall119B,9,oracle,4,400,0.7226760134670738,3.74,100,16
MistralSmall119B,9,uniform,8,800,0.7034567515674826,8.0,100,16
MistralSmall119B,9,p_based,8,800,0.696503533997099,6.81,100,16
MistralSmall119B,9,auc_kappa_based,8,800,0.7095386658194185,3.23,100,16
MistralSmall119B,9,moment_law,8,800,0.7104424750094277,1.94,100,16
MistralSmall119B,9,oracle,8,800,0.7226760134670738,3.74,100,16
MistralSmall119B,9,uniform,16,1600,0.6981371294698079,16.0,100,16
MistralSmall119B,9,p_based,16,1600,0.696503533997099,6.81,100,16
MistralSmall119B,9,auc_kappa_based,16,1600,0.7095386658194185,3.23,100,16
MistralSmall119B,9,moment_law,16,1600,0.7104424750094277,1.94,100,16
MistralSmall119B,9,oracle,16,1600,0.7226760134670738,3.74,100,16
MistralSmall119B,9,uniform,32,3200,0.6950181029462899,32.0,100,16
MistralSmall119B,9,p_based,32,3200,0.696503533997099,6.81,100,16
MistralSmall119B,9,auc_kappa_based,32,3200,0.7095386658194185,3.23,100,16
MistralSmall119B,9,moment_law,32,3200,0.7104424750094277,1.94,100,16
MistralSmall119B,9,oracle,32,3200,0.7226760134670738,3.74,100,16
MistralSmall119B,10,uniform,1,100,0.709375,1.0,100,16
MistralSmall119B,10,p_based,1,100,0.709375,1.0,100,16
MistralSmall119B,10,auc_kappa_based,1,100,0.709375,1.0,100,16
MistralSmall119B,10,moment_law,1,100,0.709375,1.0,100,16
MistralSmall119B,10,oracle,1,100,0.709375,1.0,100,16
MistralSmall119B,10,uniform,2,200,0.70708984375,2.0,100,16
MistralSmall119B,10,p_based,2,200,0.7028612015062181,2.0,100,16
MistralSmall119B,10,auc_kappa_based,2,200,0.7084604469998362,2.0,100,16
MistralSmall119B,10,moment_law,2,200,0.7060179623247653,2.0,100,16
MistralSmall119B,10,oracle,2,200,0.7274279784268617,2.0,100,16
MistralSmall119B,10,uniform,4,400,0.7034600639343261,4.0,100,16
MistralSmall119B,10,p_based,4,400,0.7022568292777421,4.0,100,16
MistralSmall119B,10,auc_kappa_based,4,400,0.7083297228332822,3.9,100,16
MistralSmall119B,10,moment_law,4,400,0.7056788093437817,2.3,100,16
MistralSmall119B,10,oracle,4,400,0.7281517335059072,4.0,100,16
MistralSmall119B,10,uniform,8,800,0.7004291179234678,8.0,100,16
MistralSmall119B,10,p_based,8,800,0.7017390816019972,6.46,100,16
MistralSmall119B,10,auc_kappa_based,8,800,0.7083297228332822,3.9,100,16
MistralSmall119B,10,moment_law,8,800,0.7056788093437817,2.3,100,16
MistralSmall119B,10,oracle,8,800,0.7281517335072675,4.37,100,16
MistralSmall119B,10,uniform,16,1600,0.7005223001453164,16.0,100,16
MistralSmall119B,10,p_based,16,1600,0.7017390816019972,6.46,100,16
MistralSmall119B,10,auc_kappa_based,16,1600,0.7083297228332822,3.9,100,16
MistralSmall119B,10,moment_law,16,1600,0.7056788093437817,2.3,100,16
MistralSmall119B,10,oracle,16,1600,0.7281517335072675,4.37,100,16
MistralSmall119B,10,uniform,32,3200,0.7036730052322854,32.0,100,16
MistralSmall119B,10,p_based,32,3200,0.7017390816019972,6.46,100,16
MistralSmall119B,10,auc_kappa_based,32,3200,0.7083297228332822,3.9,100,16
MistralSmall119B,10,moment_law,32,3200,0.7056788093437817,2.3,100,16
MistralSmall119B,10,oracle,32,3200,0.7281517335072675,4.37,100,16
MistralSmall119B,11,uniform,1,100,0.7121875,1.0,100,16
MistralSmall119B,11,p_based,1,100,0.7121875,1.0,100,16
MistralSmall119B,11,auc_kappa_based,1,100,0.7121875,1.0,100,16
MistralSmall119B,11,moment_law,1,100,0.7121875,1.0,100,16
MistralSmall119B,11,oracle,1,100,0.7121875,1.0,100,16
MistralSmall119B,11,uniform,2,200,0.709111328125,2.0,100,16
MistralSmall119B,11,p_based,2,200,0.7036164594558935,2.0,100,16
MistralSmall119B,11,auc_kappa_based,2,200,0.7161123819976203,2.0,100,16
MistralSmall119B,11,moment_law,2,200,0.7217372461602105,2.0,100,16
MistralSmall119B,11,oracle,2,200,0.7242153230245999,2.0,100,16
MistralSmall119B,11,uniform,4,400,0.7069677066802978,4.0,100,16
MistralSmall119B,11,p_based,4,400,0.6976634324630598,4.0,100,16
MistralSmall119B,11,auc_kappa_based,4,400,0.7175552976610432,4.0,100,16
MistralSmall119B,11,moment_law,4,400,0.7222709890777641,2.4,100,16
MistralSmall119B,11,oracle,4,400,0.7245120625985919,4.0,100,16
MistralSmall119B,11,uniform,8,800,0.7038432679682682,8.0,100,16
MistralSmall119B,11,p_based,8,800,0.70378414011658,6.45,100,16
MistralSmall119B,11,auc_kappa_based,8,800,0.7173080179309611,4.08,100,16
MistralSmall119B,11,moment_law,8,800,0.7222709890777641,2.4,100,16
MistralSmall119B,11,oracle,8,800,0.7245120626029552,4.32,100,16
MistralSmall119B,11,uniform,16,1600,0.7019520974845639,16.0,100,16
MistralSmall119B,11,p_based,16,1600,0.70378414011658,6.45,100,16
MistralSmall119B,11,auc_kappa_based,16,1600,0.7173080179309611,4.08,100,16
MistralSmall119B,11,moment_law,16,1600,0.7222709890777641,2.4,100,16
MistralSmall119B,11,oracle,16,1600,0.7245120626029552,4.32,100,16
MistralSmall119B,11,uniform,32,3200,0.705783054350182,32.0,100,16
MistralSmall119B,11,p_based,32,3200,0.70378414011658,6.45,100,16
MistralSmall119B,11,auc_kappa_based,32,3200,0.7173080179309611,4.08,100,16
MistralSmall119B,11,moment_law,32,3200,0.7222709890777641,2.4,100,16
MistralSmall119B,11,oracle,32,3200,0.7245120626029552,4.32,100,16
MistralSmall119B,12,uniform,1,100,0.7078125,1.0,100,16
MistralSmall119B,12,p_based,1,100,0.7078125,1.0,100,16
MistralSmall119B,12,auc_kappa_based,1,100,0.7078125,1.0,100,16
MistralSmall119B,12,moment_law,1,100,0.7078125,1.0,100,16
MistralSmall119B,12,oracle,1,100,0.7078125,1.0,100,16
MistralSmall119B,12,uniform,2,200,0.706982421875,2.0,100,16
MistralSmall119B,12,p_based,2,200,0.7036814904513429,2.0,100,16
MistralSmall119B,12,auc_kappa_based,2,200,0.7137650347069251,2.0,100,16
MistralSmall119B,12,moment_law,2,200,0.7162396858411529,2.0,100,16
MistralSmall119B,12,oracle,2,200,0.7229437373989619,2.0,100,16
MistralSmall119B,12,uniform,4,400,0.7064847469329834,4.0,100,16
MistralSmall119B,12,p_based,4,400,0.701577736527362,4.0,100,16
MistralSmall119B,12,auc_kappa_based,4,400,0.7162441704630408,3.77,100,16
MistralSmall119B,12,moment_law,4,400,0.7162613963544052,2.03,100,16
MistralSmall119B,12,oracle,4,400,0.723131806610655,4.0,100,16
MistralSmall119B,12,uniform,8,800,0.7051840231860751,8.0,100,16
MistralSmall119B,12,p_based,8,800,0.7042265956091535,6.64,100,16
MistralSmall119B,12,auc_kappa_based,8,800,0.7162441704630408,3.77,100,16
MistralSmall119B,12,moment_law,8,800,0.7162613963544052,2.03,100,16
MistralSmall119B,12,oracle,8,800,0.723131806610655,4.06,100,16
MistralSmall119B,12,uniform,16,1600,0.7048976115406304,16.0,100,16
MistralSmall119B,12,p_based,16,1600,0.7042265956091535,6.64,100,16
MistralSmall119B,12,auc_kappa_based,16,1600,0.7162441704630408,3.77,100,16
MistralSmall119B,12,moment_law,16,1600,0.7162613963544052,2.03,100,16
MistralSmall119B,12,oracle,16,1600,0.723131806610655,4.06,100,16
MistralSmall119B,12,uniform,32,3200,0.7070086333752957,32.0,100,16
MistralSmall119B,12,p_based,32,3200,0.7042265956091535,6.64,100,16
MistralSmall119B,12,auc_kappa_based,32,3200,0.7162441704630408,3.77,100,16
MistralSmall119B,12,moment_law,32,3200,0.7162613963544052,2.03,100,16
MistralSmall119B,12,oracle,32,3200,0.723131806610655,4.06,100,16
MistralSmall119B,13,uniform,1,100,0.7090625,1.0,100,16
MistralSmall119B,13,p_based,1,100,0.7090625,1.0,100,16
MistralSmall119B,13,auc_kappa_based,1,100,0.7090625,1.0,100,16
MistralSmall119B,13,moment_law,1,100,0.7090625,1.0,100,16
MistralSmall119B,13,oracle,1,100,0.7090625,1.0,100,16
MistralSmall119B,13,uniform,2,200,0.708603515625,2.0,100,16
MistralSmall119B,13,p_based,2,200,0.7064926186115096,2.0,100,16
MistralSmall119B,13,auc_kappa_based,2,200,0.7210940691676653,2.0,100,16
MistralSmall119B,13,moment_law,2,200,0.7212714027275056,2.0,100,16
MistralSmall119B,13,oracle,2,200,0.7253289340790016,2.0,100,16
MistralSmall119B,13,uniform,4,400,0.7085469532012939,4.0,100,16
MistralSmall119B,13,p_based,4,400,0.7062531255269673,4.0,100,16
MistralSmall119B,13,auc_kappa_based,4,400,0.7201167126375974,3.56,100,16
MistralSmall119B,13,moment_law,4,400,0.7216360354976686,2.36,100,16
MistralSmall119B,13,oracle,4,400,0.7259553938044188,4.0,100,16
MistralSmall119B,13,uniform,8,800,0.708098009499854,8.0,100,16
MistralSmall119B,13,p_based,8,800,0.7082299845666497,5.95,100,16
MistralSmall119B,13,auc_kappa_based,8,800,0.7201167126375974,3.56,100,16
MistralSmall119B,13,moment_law,8,800,0.7216360354976686,2.36,100,16
MistralSmall119B,13,oracle,8,800,0.7259553938214498,4.34,100,16
MistralSmall119B,13,uniform,16,1600,0.7082841125295586,16.0,100,16
MistralSmall119B,13,p_based,16,1600,0.7082299845666497,5.95,100,16
MistralSmall119B,13,auc_kappa_based,16,1600,0.7201167126375974,3.56,100,16
MistralSmall119B,13,moment_law,16,1600,0.7216360354976686,2.36,100,16
MistralSmall119B,13,oracle,16,1600,0.7259553938214498,4.34,100,16
MistralSmall119B,13,uniform,32,3200,0.7073218783137619,32.0,100,16
MistralSmall119B,13,p_based,32,3200,0.7082299845666497,5.95,100,16
MistralSmall119B,13,auc_kappa_based,32,3200,0.7201167126375974,3.56,100,16
MistralSmall119B,13,moment_law,32,3200,0.7216360354976686,2.36,100,16
MistralSmall119B,13,oracle,32,3200,0.7259553938214498,4.34,100,16
MistralSmall119B,14,uniform,1,100,0.7078125,1.0,100,16
MistralSmall119B,14,p_based,1,100,0.7078125,1.0,100,16
MistralSmall119B,14,auc_kappa_based,1,100,0.7078125,1.0,100,16
MistralSmall119B,14,moment_law,1,100,0.7078125,1.0,100,16
MistralSmall119B,14,oracle,1,100,0.7078125,1.0,100,16
MistralSmall119B,14,uniform,2,200,0.706337890625,2.0,100,16
MistralSmall119B,14,p_based,2,200,0.7001752722151576,2.0,100,16
MistralSmall119B,14,auc_kappa_based,2,200,0.7110148026036572,2.0,100,16
MistralSmall119B,14,moment_law,2,200,0.7141673860315879,2.0,100,16
MistralSmall119B,14,oracle,2,200,0.7194528326474142,2.0,100,16
MistralSmall119B,14,uniform,4,400,0.7037929248809814,4.0,100,16
MistralSmall119B,14,p_based,4,400,0.6968830701763664,4.0,100,16
MistralSmall119B,14,auc_kappa_based,4,400,0.7067789799282774,3.68,100,16
MistralSmall119B,14,moment_law,4,400,0.7144133625227294,2.32,100,16
MistralSmall119B,14,oracle,4,400,0.7196358258198982,3.73,100,16
MistralSmall119B,14,uniform,8,800,0.7004703403206531,8.0,100,16
MistralSmall119B,14,p_based,8,800,0.6993473271861211,6.75,100,16
MistralSmall119B,14,auc_kappa_based,8,800,0.7067789799282774,3.68,100,16
MistralSmall119B,14,moment_law,8,800,0.7144133625227294,2.32,100,16
MistralSmall119B,14,oracle,8,800,0.7196358258198982,3.73,100,16
MistralSmall119B,14,uniform,16,1600,0.6983931250823396,16.0,100,16
MistralSmall119B,14,p_based,16,1600,0.6993473271861211,6.75,100,16
MistralSmall119B,14,auc_kappa_based,16,1600,0.7067789799282774,3.68,100,16
MistralSmall119B,14,moment_law,16,1600,0.7144133625227294,2.32,100,16
MistralSmall119B,14,oracle,16,1600,0.7196358258198982,3.73,100,16
MistralSmall119B,14,uniform,32,3200,0.6994003639400198,32.0,100,16
MistralSmall119B,14,p_based,32,3200,0.6993473271861211,6.75,100,16
MistralSmall119B,14,auc_kappa_based,32,3200,0.7067789799282774,3.68,100,16
MistralSmall119B,14,moment_law,32,3200,0.7144133625227294,2.32,100,16
MistralSmall119B,14,oracle,32,3200,0.7196358258198982,3.73,100,16
MistralSmall119B,15,uniform,1,100,0.7096875,1.0,100,16
MistralSmall119B,15,p_based,1,100,0.7096875,1.0,100,16
MistralSmall119B,15,auc_kappa_based,1,100,0.7096875,1.0,100,16
MistralSmall119B,15,moment_law,1,100,0.7096875,1.0,100,16
MistralSmall119B,15,oracle,1,100,0.7096875,1.0,100,16
MistralSmall119B,15,uniform,2,200,0.708955078125,2.0,100,16
MistralSmall119B,15,p_based,2,200,0.7078527185406699,2.0,100,16
MistralSmall119B,15,auc_kappa_based,2,200,0.7183491231980441,2.0,100,16
MistralSmall119B,15,moment_law,2,200,0.7181827277912987,2.0,100,16
MistralSmall119B,15,oracle,2,200,0.7273734123269494,2.0,100,16
MistralSmall119B,15,uniform,4,400,0.7076794910430908,4.0,100,16
MistralSmall119B,15,p_based,4,400,0.7077280278085116,4.0,100,16
MistralSmall119B,15,auc_kappa_based,4,400,0.7199842584609054,4.0,100,16
MistralSmall119B,15,moment_law,4,400,0.7185061879372182,2.51,100,16
MistralSmall119B,15,oracle,4,400,0.72799599693635,3.87,100,16
MistralSmall119B,15,uniform,8,800,0.7057915184302419,8.0,100,16
MistralSmall119B,15,p_based,8,800,0.7084202250960854,6.72,100,16
MistralSmall119B,15,auc_kappa_based,8,800,0.7201276142505475,4.12,100,16
MistralSmall119B,15,moment_law,8,800,0.7185061879372182,2.51,100,16
MistralSmall119B,15,oracle,8,800,0.72799599693635,3.87,100,16
MistralSmall119B,15,uniform,16,1600,0.7050024529627944,16.0,100,16
MistralSmall119B,15,p_based,16,1600,0.7084202250960854,6.72,100,16
MistralSmall119B,15,auc_kappa_based,16,1600,0.7201276142505475,4.12,100,16
MistralSmall119B,15,moment_law,16,1600,0.7185061879372182,2.51,100,16
MistralSmall119B,15,oracle,16,1600,0.72799599693635,3.87,100,16
MistralSmall119B,15,uniform,32,3200,0.7070827965238996,32.0,100,16
MistralSmall119B,15,p_based,32,3200,0.7084202250960854,6.72,100,16
MistralSmall119B,15,auc_kappa_based,32,3200,0.7201276142505475,4.12,100,16
MistralSmall119B,15,moment_law,32,3200,0.7185061879372182,2.51,100,16
MistralSmall119B,15,oracle,32,3200,0.72799599693635,3.87,100,16
MistralSmall119B,16,uniform,1,100,0.7078125,1.0,100,16
MistralSmall119B,16,p_based,1,100,0.7078125,1.0,100,16
MistralSmall119B,16,auc_kappa_based,1,100,0.7078125,1.0,100,16
MistralSmall119B,16,moment_law,1,100,0.7078125,1.0,100,16
MistralSmall119B,16,oracle,1,100,0.7078125,1.0,100,16
MistralSmall119B,16,uniform,2,200,0.705908203125,2.0,100,16
MistralSmall119B,16,p_based,2,200,0.7068257091542256,2.0,100,16
MistralSmall119B,16,auc_kappa_based,2,200,0.7131923111649033,2.0,100,16
MistralSmall119B,16,moment_law,2,200,0.7138861529807281,2.0,100,16
MistralSmall119B,16,oracle,2,200,0.7260723795007366,2.0,100,16
MistralSmall119B,16,uniform,4,400,0.7046802234649658,4.0,100,16
MistralSmall119B,16,p_based,4,400,0.7081295738646696,4.0,100,16
MistralSmall119B,16,auc_kappa_based,4,400,0.7123578104827304,3.98,100,16
MistralSmall119B,16,moment_law,4,400,0.7139203966223207,2.08,100,16
MistralSmall119B,16,oracle,4,400,0.72670749669079,4.0,100,16
MistralSmall119B,16,uniform,8,800,0.7032546928112151,8.0,100,16
MistralSmall119B,16,p_based,8,800,0.7118738168060529,6.45,100,16
MistralSmall119B,16,auc_kappa_based,8,800,0.7123578104827304,3.98,100,16
MistralSmall119B,16,moment_law,8,800,0.7139203966223207,2.08,100,16
MistralSmall119B,16,oracle,8,800,0.7267074966908281,4.21,100,16
MistralSmall119B,16,uniform,16,1600,0.7029459925542537,16.0,100,16
MistralSmall119B,16,p_based,16,1600,0.7118738168060529,6.45,100,16
MistralSmall119B,16,auc_kappa_based,16,1600,0.7123578104827304,3.98,100,16
MistralSmall119B,16,moment_law,16,1600,0.7139203966223207,2.08,100,16
MistralSmall119B,16,oracle,16,1600,0.7267074966908281,4.21,100,16
MistralSmall119B,16,uniform,32,3200,0.7059276449583132,32.0,100,16
MistralSmall119B,16,p_based,32,3200,0.7118738168060529,6.45,100,16
MistralSmall119B,16,auc_kappa_based,32,3200,0.7123578104827304,3.98,100,16
MistralSmall119B,16,moment_law,32,3200,0.7139203966223207,2.08,100,16
MistralSmall119B,16,oracle,32,3200,0.7267074966908281,4.21,100,16
MistralSmall119B,17,uniform,1,100,0.709375,1.0,100,16
MistralSmall119B,17,p_based,1,100,0.709375,1.0,100,16
MistralSmall119B,17,auc_kappa_based,1,100,0.709375,1.0,100,16
MistralSmall119B,17,moment_law,1,100,0.709375,1.0,100,16
MistralSmall119B,17,oracle,1,100,0.709375,1.0,100,16
MistralSmall119B,17,uniform,2,200,0.709765625,2.0,100,16
MistralSmall119B,17,p_based,2,200,0.7069110593604246,2.0,100,16
MistralSmall119B,17,auc_kappa_based,2,200,0.712505951331613,2.0,100,16
MistralSmall119B,17,moment_law,2,200,0.7133812831991267,2.0,100,16
MistralSmall119B,17,oracle,2,200,0.723747181319039,2.0,100,16
MistralSmall119B,17,uniform,4,400,0.709597053527832,4.0,100,16
MistralSmall119B,17,p_based,4,400,0.7022122408175585,4.0,100,16
MistralSmall119B,17,auc_kappa_based,4,400,0.712865648980416,2.84,100,16
MistralSmall119B,17,moment_law,4,400,0.7134440331470266,2.04,100,16
MistralSmall119B,17,oracle,4,400,0.724239438916831,4.0,100,16
MistralSmall119B,17,uniform,8,800,0.7073140113120098,8.0,100,16
MistralSmall119B,17,p_based,8,800,0.7030163576975837,6.39,100,16
MistralSmall119B,17,auc_kappa_based,8,800,0.712865648980416,2.84,100,16
MistralSmall119B,17,moment_law,8,800,0.7134440331470266,2.04,100,16
MistralSmall119B,17,oracle,8,800,0.7242394389168311,4.1,100,16
MistralSmall119B,17,uniform,16,1600,0.7038554126654014,16.0,100,16
MistralSmall119B,17,p_based,16,1600,0.7030163576975837,6.39,100,16
MistralSmall119B,17,auc_kappa_based,16,1600,0.712865648980416,2.84,100,16
MistralSmall119B,17,moment_law,16,1600,0.7134440331470266,2.04,100,16
MistralSmall119B,17,oracle,16,1600,0.7242394389168311,4.1,100,16
MistralSmall119B,17,uniform,32,3200,0.7016641697808313,32.0,100,16
MistralSmall119B,17,p_based,32,3200,0.7030163576975837,6.39,100,16
MistralSmall119B,17,auc_kappa_based,32,3200,0.712865648980416,2.84,100,16
MistralSmall119B,17,moment_law,32,3200,0.7134440331470266,2.04,100,16
MistralSmall119B,17,oracle,32,3200,0.7242394389168311,4.1,100,16
MistralSmall119B,18,uniform,1,100,0.7071875,1.0,100,16
MistralSmall119B,18,p_based,1,100,0.7071875,1.0,100,16
MistralSmall119B,18,auc_kappa_based,1,100,0.7071875,1.0,100,16
MistralSmall119B,18,moment_law,1,100,0.7071875,1.0,100,16
MistralSmall119B,18,oracle,1,100,0.7071875,1.0,100,16
MistralSmall119B,18,uniform,2,200,0.706591796875,2.0,100,16
MistralSmall119B,18,p_based,2,200,0.703061235746652,2.0,100,16
MistralSmall119B,18,auc_kappa_based,2,200,0.7154316112814402,2.0,100,16
MistralSmall119B,18,moment_law,2,200,0.7157550830943393,1.95,100,16
MistralSmall119B,18,oracle,2,200,0.7216833661165225,2.0,100,16
MistralSmall119B,18,uniform,4,400,0.7063707256317139,4.0,100,16
MistralSmall119B,18,p_based,4,400,0.7001213617625119,4.0,100,16
MistralSmall119B,18,auc_kappa_based,4,400,0.7117951132019129,3.8,100,16
MistralSmall119B,18,moment_law,4,400,0.7157550830943393,1.95,100,16
MistralSmall119B,18,oracle,4,400,0.7227621995723268,3.83,100,16
MistralSmall119B,18,uniform,8,800,0.7041761105037858,8.0,100,16
MistralSmall119B,18,p_based,8,800,0.7019442016593235,6.76,100,16
MistralSmall119B,18,auc_kappa_based,8,800,0.7117951132019129,3.8,100,16
MistralSmall119B,18,moment_law,8,800,0.7157550830943393,1.95,100,16
MistralSmall119B,18,oracle,8,800,0.7227621995723268,3.83,100,16
MistralSmall119B,18,uniform,16,1600,0.7011212342520112,16.0,100,16
MistralSmall119B,18,p_based,16,1600,0.7019442016593235,6.76,100,16
MistralSmall119B,18,auc_kappa_based,16,1600,0.7117951132019129,3.8,100,16
MistralSmall119B,18,moment_law,16,1600,0.7157550830943393,1.95,100,16
MistralSmall119B,18,oracle,16,1600,0.7227621995723268,3.83,100,16
MistralSmall119B,18,uniform,32,3200,0.7026991434481868,32.0,100,16
MistralSmall119B,18,p_based,32,3200,0.7019442016593235,6.76,100,16
MistralSmall119B,18,auc_kappa_based,32,3200,0.7117951132019129,3.8,100,16
MistralSmall119B,18,moment_law,32,3200,0.7157550830943393,1.95,100,16
MistralSmall119B,18,oracle,32,3200,0.7227621995723268,3.83,100,16
MistralSmall119B,19,uniform,1,100,0.710625,1.0,100,16
MistralSmall119B,19,p_based,1,100,0.710625,1.0,100,16
MistralSmall119B,19,auc_kappa_based,1,100,0.710625,1.0,100,16
MistralSmall119B,19,moment_law,1,100,0.710625,1.0,100,16
MistralSmall119B,19,oracle,1,100,0.710625,1.0,100,16
MistralSmall119B,19,uniform,2,200,0.70798828125,2.0,100,16
MistralSmall119B,19,p_based,2,200,0.7074444250503285,2.0,100,16
MistralSmall119B,19,auc_kappa_based,2,200,0.7134990648552147,2.0,100,16
MistralSmall119B,19,moment_law,2,200,0.7133577958643109,2.0,100,16
MistralSmall119B,19,oracle,2,200,0.7302597336384067,2.0,100,16
MistralSmall119B,19,uniform,4,400,0.7057307624816894,4.0,100,16
MistralSmall119B,19,p_based,4,400,0.7089006038556317,4.0,100,16
MistralSmall119B,19,auc_kappa_based,4,400,0.7139391049489779,4.0,100,16
MistralSmall119B,19,moment_law,4,400,0.7134558387441413,2.54,100,16
MistralSmall119B,19,oracle,4,400,0.7314599548656266,3.37,100,16
MistralSmall119B,19,uniform,8,800,0.70414732339299,8.0,100,16
MistralSmall119B,19,p_based,8,800,0.7108148022542596,7.37,100,16
MistralSmall119B,19,auc_kappa_based,8,800,0.7152722377378222,4.95,100,16
MistralSmall119B,19,moment_law,8,800,0.7134558387441413,2.54,100,16
MistralSmall119B,19,oracle,8,800,0.7314599548656266,3.37,100,16
MistralSmall119B,19,uniform,16,1600,0.7044238903687803,16.0,100,16
MistralSmall119B,19,p_based,16,1600,0.7108148022542596,7.37,100,16
MistralSmall119B,19,auc_kappa_based,16,1600,0.7152722377378222,4.95,100,16
MistralSmall119B,19,moment_law,16,1600,0.7134558387441413,2.54,100,16
MistralSmall119B,19,oracle,16,1600,0.7314599548656266,3.37,100,16
MistralSmall119B,19,uniform,32,3200,0.7071688257370145,32.0,100,16
MistralSmall119B,19,p_based,32,3200,0.7108148022542596,7.37,100,16
MistralSmall119B,19,auc_kappa_based,32,3200,0.7152722377378222,4.95,100,16
MistralSmall119B,19,moment_law,32,3200,0.7134558387441413,2.54,100,16
MistralSmall119B,19,oracle,32,3200,0.7314599548656266,3.37,100,16
Super120B,0,uniform,1,100,0.6984375,1.0,100,16
Super120B,0,p_based,1,100,0.6984375,1.0,100,16
Super120B,0,auc_kappa_based,1,100,0.6984375,1.0,100,16
Super120B,0,moment_law,1,100,0.6984375,1.0,100,16
Super120B,0,oracle,1,100,0.6984375,1.0,100,16
Super120B,0,uniform,2,200,0.691357421875,2.0,100,16
Super120B,0,p_based,2,200,0.6875495363899518,2.0,100,16
Super120B,0,auc_kappa_based,2,200,0.6994873384907523,2.0,100,16
Super120B,0,moment_law,2,200,0.6950425431354849,1.71,100,16
Super120B,0,oracle,2,200,0.7112546688304261,2.0,100,16
Super120B,0,uniform,4,400,0.6824444484710693,4.0,100,16
Super120B,0,p_based,4,400,0.6825008089653337,4.0,100,16
Super120B,0,auc_kappa_based,4,400,0.69187964170073,3.55,100,16
Super120B,0,moment_law,4,400,0.6950425431354849,1.71,100,16
Super120B,0,oracle,4,400,0.7112546706657935,2.17,100,16
Super120B,0,uniform,8,800,0.6746104851354812,8.0,100,16
Super120B,0,p_based,8,800,0.6697596125413514,8.0,100,16
Super120B,0,auc_kappa_based,8,800,0.69187964170073,3.55,100,16
Super120B,0,moment_law,8,800,0.6950425431354849,1.71,100,16
Super120B,0,oracle,8,800,0.7112546706657935,2.17,100,16
Super120B,0,uniform,16,1600,0.6669102531201273,16.0,100,16
Super120B,0,p_based,16,1600,0.6677094143462295,8.94,100,16
Super120B,0,auc_kappa_based,16,1600,0.69187964170073,3.55,100,16
Super120B,0,moment_law,16,1600,0.6950425431354849,1.71,100,16
Super120B,0,oracle,16,1600,0.7112546706657935,2.17,100,16
Super120B,0,uniform,32,3200,0.6605036926911447,32.0,100,16
Super120B,0,p_based,32,3200,0.6677094143462295,8.94,100,16
Super120B,0,auc_kappa_based,32,3200,0.69187964170073,3.55,100,16
Super120B,0,moment_law,32,3200,0.6950425431354849,1.71,100,16
Super120B,0,oracle,32,3200,0.7112546706657935,2.17,100,16
Super120B,1,uniform,1,100,0.695625,1.0,100,16
Super120B,1,p_based,1,100,0.695625,1.0,100,16
Super120B,1,auc_kappa_based,1,100,0.695625,1.0,100,16
Super120B,1,moment_law,1,100,0.695625,1.0,100,16
Super120B,1,oracle,1,100,0.695625,1.0,100,16
Super120B,1,uniform,2,200,0.689765625,2.0,100,16
Super120B,1,p_based,2,200,0.6889059350039406,2.0,100,16
Super120B,1,auc_kappa_based,2,200,0.6976555569522194,2.0,100,16
Super120B,1,moment_law,2,200,0.6947281100722801,1.73,100,16
Super120B,1,oracle,2,200,0.7102795781523225,2.0,100,16
Super120B,1,uniform,4,400,0.6847955703735351,4.0,100,16
Super120B,1,p_based,4,400,0.6843959988253454,4.0,100,16
Super120B,1,auc_kappa_based,4,400,0.6973798952435699,3.51,100,16
Super120B,1,moment_law,4,400,0.6947281100722801,1.73,100,16
Super120B,1,oracle,4,400,0.7151236345698843,2.61,100,16
Super120B,1,uniform,8,800,0.6814524260154939,8.0,100,16
Super120B,1,p_based,8,800,0.6830021153595165,8.0,100,16
Super120B,1,auc_kappa_based,8,800,0.6973798952435699,3.51,100,16
Super120B,1,moment_law,8,800,0.6947281100722801,1.73,100,16
Super120B,1,oracle,8,800,0.7151236345698843,2.61,100,16
Super120B,1,uniform,16,1600,0.6776056422037305,16.0,100,16
Super120B,1,p_based,16,1600,0.6800279115598141,9.77,100,16
Super120B,1,auc_kappa_based,16,1600,0.6973798952435699,3.51,100,16
Super120B,1,moment_law,16,1600,0.6947281100722801,1.73,100,16
Super120B,1,oracle,16,1600,0.7151236345698843,2.61,100,16
Super120B,1,uniform,32,3200,0.6730881299883698,32.0,100,16
Super120B,1,p_based,32,3200,0.6800279115598141,9.77,100,16
Super120B,1,auc_kappa_based,32,3200,0.6973798952435699,3.51,100,16
Super120B,1,moment_law,32,3200,0.6947281100722801,1.73,100,16
Super120B,1,oracle,32,3200,0.7151236345698843,2.61,100,16
Super120B,2,uniform,1,100,0.69875,1.0,100,16
Super120B,2,p_based,1,100,0.69875,1.0,100,16
Super120B,2,auc_kappa_based,1,100,0.69875,1.0,100,16
Super120B,2,moment_law,1,100,0.69875,1.0,100,16
Super120B,2,oracle,1,100,0.69875,1.0,100,16
Super120B,2,uniform,2,200,0.69171875,2.0,100,16
Super120B,2,p_based,2,200,0.6863512165177963,2.0,100,16
Super120B,2,auc_kappa_based,2,200,0.6956323124902565,2.0,100,16
Super120B,2,moment_law,2,200,0.6896942723279011,1.84,100,16
Super120B,2,oracle,2,200,0.7086637045048099,2.0,100,16
Super120B,2,uniform,4,400,0.6850452423095703,4.0,100,16
Super120B,2,p_based,4,400,0.6832840546937007,4.0,100,16
Super120B,2,auc_kappa_based,4,400,0.6953108548049538,3.79,100,16
Super120B,2,moment_law,4,400,0.6896942723279011,1.84,100,16
Super120B,2,oracle,4,400,0.7088717340774247,2.59,100,16
Super120B,2,uniform,8,800,0.6807643293712318,8.0,100,16
Super120B,2,p_based,8,800,0.6804084305915802,8.0,100,16
Super120B,2,auc_kappa_based,8,800,0.6953108548049538,3.79,100,16
Super120B,2,moment_law,8,800,0.6896942723279011,1.84,100,16
Super120B,2,oracle,8,800,0.7088717340774247,2.59,100,16
Super120B,2,uniform,16,1600,0.6792481950392865,16.0,100,16
Super120B,2,p_based,16,1600,0.6814156506609453,8.86,100,16
Super120B,2,auc_kappa_based,16,1600,0.6953108548049538,3.79,100,16
Super120B,2,moment_law,16,1600,0.6896942723279011,1.84,100,16
Super120B,2,oracle,16,1600,0.7088717340774247,2.59,100,16
Super120B,2,uniform,32,3200,0.681370617354546,32.0,100,16
Super120B,2,p_based,32,3200,0.6814156506609453,8.86,100,16
Super120B,2,auc_kappa_based,32,3200,0.6953108548049538,3.79,100,16
Super120B,2,moment_law,32,3200,0.6896942723279011,1.84,100,16
Super120B,2,oracle,32,3200,0.7088717340774247,2.59,100,16
Super120B,3,uniform,1,100,0.6978125,1.0,100,16
Super120B,3,p_based,1,100,0.6978125,1.0,100,16
Super120B,3,auc_kappa_based,1,100,0.6978125,1.0,100,16
Super120B,3,moment_law,1,100,0.6978125,1.0,100,16
Super120B,3,oracle,1,100,0.6978125,1.0,100,16
Super120B,3,uniform,2,200,0.691689453125,2.0,100,16
Super120B,3,p_based,2,200,0.690062775730267,2.0,100,16
Super120B,3,auc_kappa_based,2,200,0.6992256059769479,2.0,100,16
Super120B,3,moment_law,2,200,0.6962756726440551,1.9,100,16
Super120B,3,oracle,2,200,0.7121492140414599,2.0,100,16
Super120B,3,uniform,4,400,0.6854179477691651,4.0,100,16
Super120B,3,p_based,4,400,0.685591696569967,4.0,100,16
Super120B,3,auc_kappa_based,4,400,0.7023688561692083,4.0,100,16
Super120B,3,moment_law,4,400,0.6962756726440551,1.9,100,16
Super120B,3,oracle,4,400,0.7126769023318186,2.66,100,16
Super120B,3,uniform,8,800,0.6805765194061769,8.0,100,16
Super120B,3,p_based,8,800,0.6799774281568185,8.0,100,16
Super120B,3,auc_kappa_based,8,800,0.7016808109674425,4.1,100,16
Super120B,3,moment_law,8,800,0.6962756726440551,1.9,100,16
Super120B,3,oracle,8,800,0.7126769023318186,2.66,100,16
Super120B,3,uniform,16,1600,0.6781487977422489,16.0,100,16
Super120B,3,p_based,16,1600,0.6792372397867442,8.23,100,16
Super120B,3,auc_kappa_based,16,1600,0.7016808109674425,4.1,100,16
Super120B,3,moment_law,16,1600,0.6962756726440551,1.9,100,16
Super120B,3,oracle,16,1600,0.7126769023318186,2.66,100,16
Super120B,3,uniform,32,3200,0.6768907541930141,32.0,100,16
Super120B,3,p_based,32,3200,0.6792372397867442,8.23,100,16
Super120B,3,auc_kappa_based,32,3200,0.7016808109674425,4.1,100,16
Super120B,3,moment_law,32,3200,0.6962756726440551,1.9,100,16
Super120B,3,oracle,32,3200,0.7126769023318186,2.66,100,16
Super120B,4,uniform,1,100,0.6946875,1.0,100,16
Super120B,4,p_based,1,100,0.6946875,1.0,100,16
Super120B,4,auc_kappa_based,1,100,0.6946875,1.0,100,16
Super120B,4,moment_law,1,100,0.6946875,1.0,100,16
Super120B,4,oracle,1,100,0.6946875,1.0,100,16
Super120B,4,uniform,2,200,0.685693359375,2.0,100,16
Super120B,4,p_based,2,200,0.6866413275600735,2.0,100,16
Super120B,4,auc_kappa_based,2,200,0.6873631342590225,2.0,100,16
Super120B,4,moment_law,2,200,0.6842875141930205,1.81,100,16
Super120B,4,oracle,2,200,0.7096867225393282,2.0,100,16
Super120B,4,uniform,4,400,0.6770393657684326,4.0,100,16
Super120B,4,p_based,4,400,0.6812511051256629,4.0,100,16
Super120B,4,auc_kappa_based,4,400,0.6878443812175857,4.0,100,16
Super120B,4,moment_law,4,400,0.6842875141930205,1.81,100,16
Super120B,4,oracle,4,400,0.7102955539597536,2.68,100,16
Super120B,4,uniform,8,800,0.6704301858844974,8.0,100,16
Super120B,4,p_based,8,800,0.6802119586757789,8.0,100,16
Super120B,4,auc_kappa_based,8,800,0.6896875607980222,5.96,100,16
Super120B,4,moment_law,8,800,0.6842875141930205,1.81,100,16
Super120B,4,oracle,8,800,0.7102955539597536,2.68,100,16
Super120B,4,uniform,16,1600,0.6661861129485283,16.0,100,16
Super120B,4,p_based,16,1600,0.6772575038519727,9.25,100,16
Super120B,4,auc_kappa_based,16,1600,0.6896875607980222,5.96,100,16
Super120B,4,moment_law,16,1600,0.6842875141930205,1.81,100,16
Super120B,4,oracle,16,1600,0.7102955539597536,2.68,100,16
Super120B,4,uniform,32,3200,0.6633123294153641,32.0,100,16
Super120B,4,p_based,32,3200,0.6772575038519727,9.25,100,16
Super120B,4,auc_kappa_based,32,3200,0.6896875607980222,5.96,100,16
Super120B,4,moment_law,32,3200,0.6842875141930205,1.81,100,16
Super120B,4,oracle,32,3200,0.7102955539597536,2.68,100,16
Super120B,5,uniform,1,100,0.6984375,1.0,100,16
Super120B,5,p_based,1,100,0.6984375,1.0,100,16
Super120B,5,auc_kappa_based,1,100,0.6984375,1.0,100,16
Super120B,5,moment_law,1,100,0.6984375,1.0,100,16
Super120B,5,oracle,1,100,0.6984375,1.0,100,16
Super120B,5,uniform,2,200,0.689736328125,2.0,100,16
Super120B,5,p_based,2,200,0.6831576292650425,2.0,100,16
Super120B,5,auc_kappa_based,2,200,0.6880985278341583,2.0,100,16
Super120B,5,moment_law,2,200,0.6917047213006078,2.0,100,16
Super120B,5,oracle,2,200,0.710710651805865,2.0,100,16
Super120B,5,uniform,4,400,0.6816659259796143,4.0,100,16
Super120B,5,p_based,4,400,0.6776787894823084,4.0,100,16
Super120B,5,auc_kappa_based,4,400,0.6840515892137696,4.0,100,16
Super120B,5,moment_law,4,400,0.6912881241669997,2.3,100,16
Super120B,5,oracle,4,400,0.710710651805865,2.0,100,16
Super120B,5,uniform,8,800,0.6758944762362534,8.0,100,16
Super120B,5,p_based,8,800,0.676838415621335,8.0,100,16
Super120B,5,auc_kappa_based,8,800,0.6896658136622773,5.17,100,16
Super120B,5,moment_law,8,800,0.6912881241669997,2.3,100,16
Super120B,5,oracle,8,800,0.710710651805865,2.0,100,16
Super120B,5,uniform,16,1600,0.6720308797819748,16.0,100,16
Super120B,5,p_based,16,1600,0.6742303727652945,9.19,100,16
Super120B,5,auc_kappa_based,16,1600,0.6896658136622773,5.17,100,16
Super120B,5,moment_law,16,1600,0.6912881241669997,2.3,100,16
Super120B,5,oracle,16,1600,0.710710651805865,2.0,100,16
Super120B,5,uniform,32,3200,0.668881185786642,32.0,100,16
Super120B,5,p_based,32,3200,0.6742303727652945,9.19,100,16
Super120B,5,auc_kappa_based,32,3200,0.6896658136622773,5.17,100,16
Super120B,5,moment_law,32,3200,0.6912881241669997,2.3,100,16
Super120B,5,oracle,32,3200,0.710710651805865,2.0,100,16
Super120B,6,uniform,1,100,0.6971875,1.0,100,16
Super120B,6,p_based,1,100,0.6971875,1.0,100,16
Super120B,6,auc_kappa_based,1,100,0.6971875,1.0,100,16
Super120B,6,moment_law,1,100,0.6971875,1.0,100,16
Super120B,6,oracle,1,100,0.6971875,1.0,100,16
Super120B,6,uniform,2,200,0.690498046875,2.0,100,16
Super120B,6,p_based,2,200,0.6890783967210459,2.0,100,16
Super120B,6,auc_kappa_based,2,200,0.7013664643887293,2.0,100,16
Super120B,6,moment_law,2,200,0.6980321442865325,1.81,100,16
Super120B,6,oracle,2,200,0.7088526849107837,2.0,100,16
Super120B,6,uniform,4,400,0.6837364482879639,4.0,100,16
Super120B,6,p_based,4,400,0.6870283334769689,4.0,100,16
Super120B,6,auc_kappa_based,4,400,0.7028993649638957,3.48,100,16
Super120B,6,moment_law,4,400,0.6980321442865325,1.81,100,16
Super120B,6,oracle,4,400,0.708854408740589,2.44,100,16
Super120B,6,uniform,8,800,0.6767397848205564,8.0,100,16
Super120B,6,p_based,8,800,0.6679417174856905,8.0,100,16
Super120B,6,auc_kappa_based,8,800,0.7028993649638957,3.48,100,16
Super120B,6,moment_law,8,800,0.6980321442865325,1.81,100,16
Super120B,6,oracle,8,800,0.708854408740589,2.44,100,16
Super120B,6,uniform,16,1600,0.666595661493904,16.0,100,16
Super120B,6,p_based,16,1600,0.6668363274041829,8.42,100,16
Super120B,6,auc_kappa_based,16,1600,0.7028993649638957,3.48,100,16
Super120B,6,moment_law,16,1600,0.6980321442865325,1.81,100,16
Super120B,6,oracle,16,1600,0.708854408740589,2.44,100,16
Super120B,6,uniform,32,3200,0.6524850169034789,32.0,100,16
Super120B,6,p_based,32,3200,0.6668363274041829,8.42,100,16
Super120B,6,auc_kappa_based,32,3200,0.7028993649638957,3.48,100,16
Super120B,6,moment_law,32,3200,0.6980321442865325,1.81,100,16
Super120B,6,oracle,32,3200,0.708854408740589,2.44,100,16
Super120B,7,uniform,1,100,0.7021875,1.0,100,16
Super120B,7,p_based,1,100,0.7021875,1.0,100,16
Super120B,7,auc_kappa_based,1,100,0.7021875,1.0,100,16
Super120B,7,moment_law,1,100,0.7021875,1.0,100,16
Super120B,7,oracle,1,100,0.7021875,1.0,100,16
Super120B,7,uniform,2,200,0.696591796875,2.0,100,16
Super120B,7,p_based,2,200,0.6923493648959115,2.0,100,16
Super120B,7,auc_kappa_based,2,200,0.6994924244486662,2.0,100,16
Super120B,7,moment_law,2,200,0.7002816110959036,1.81,100,16
Super120B,7,oracle,2,200,0.7188610363218632,2.0,100,16
Super120B,7,uniform,4,400,0.6904723262786865,4.0,100,16
Super120B,7,p_based,4,400,0.6865672964538679,4.0,100,16
Super120B,7,auc_kappa_based,4,400,0.694317836307614,4.0,100,16
Super120B,7,moment_law,4,400,0.7002816110959036,1.81,100,16
Super120B,7,oracle,4,400,0.7210986151822256,3.06,100,16
Super120B,7,uniform,8,800,0.6854991043487735,8.0,100,16
Super120B,7,p_based,8,800,0.6828813937727526,8.0,100,16
Super120B,7,auc_kappa_based,8,800,0.6951419353055764,4.1,100,16
Super120B,7,moment_law,8,800,0.7002816110959036,1.81,100,16
Super120B,7,oracle,8,800,0.7210986151822256,3.06,100,16
Super120B,7,uniform,16,1600,0.6804699732169632,16.0,100,16
Super120B,7,p_based,16,1600,0.6812479297170548,8.93,100,16
Super120B,7,auc_kappa_based,16,1600,0.6951419353055764,4.1,100,16
Super120B,7,moment_law,16,1600,0.7002816110959036,1.81,100,16
Super120B,7,oracle,16,1600,0.7210986151822256,3.06,100,16
Super120B,7,uniform,32,3200,0.6769994613269439,32.0,100,16
Super120B,7,p_based,32,3200,0.6812479297170548,8.93,100,16
Super120B,7,auc_kappa_based,32,3200,0.6951419353055764,4.1,100,16
Super120B,7,moment_law,32,3200,0.7002816110959036,1.81,100,16
Super120B,7,oracle,32,3200,0.7210986151822256,3.06,100,16
Super120B,8,uniform,1,100,0.699375,1.0,100,16
Super120B,8,p_based,1,100,0.699375,1.0,100,16
Super120B,8,auc_kappa_based,1,100,0.699375,1.0,100,16
Super120B,8,moment_law,1,100,0.699375,1.0,100,16
Super120B,8,oracle,1,100,0.699375,1.0,100,16
Super120B,8,uniform,2,200,0.69341796875,2.0,100,16
Super120B,8,p_based,2,200,0.6926578929598634,2.0,100,16
Super120B,8,auc_kappa_based,2,200,0.698822235076982,2.0,100,16
Super120B,8,moment_law,2,200,0.6997467206848451,1.91,100,16
Super120B,8,oracle,2,200,0.7132775956470598,2.0,100,16
Super120B,8,uniform,4,400,0.6885091972351074,4.0,100,16
Super120B,8,p_based,4,400,0.6884294558902962,4.0,100,16
Super120B,8,auc_kappa_based,4,400,0.699331197148797,4.0,100,16
Super120B,8,moment_law,4,400,0.6997467206848451,1.91,100,16
Super120B,8,oracle,4,400,0.7137869154704543,2.5,100,16
Super120B,8,uniform,8,800,0.6863390801363676,8.0,100,16
Super120B,8,p_based,8,800,0.6931076446498315,8.0,100,16
Super120B,8,auc_kappa_based,8,800,0.6999277559849639,4.1,100,16
Super120B,8,moment_law,8,800,0.6997467206848451,1.91,100,16
Super120B,8,oracle,8,800,0.7137869154704543,2.5,100,16
Super120B,8,uniform,16,1600,0.6862710031368815,16.0,100,16
Super120B,8,p_based,16,1600,0.6929719824267536,8.71,100,16
Super120B,8,auc_kappa_based,16,1600,0.6999277559849639,4.1,100,16
Super120B,8,moment_law,16,1600,0.6997467206848451,1.91,100,16
Super120B,8,oracle,16,1600,0.7137869154704543,2.5,100,16
Super120B,8,uniform,32,3200,0.6873222029304057,32.0,100,16
Super120B,8,p_based,32,3200,0.6929719824267536,8.71,100,16
Super120B,8,auc_kappa_based,32,3200,0.6999277559849639,4.1,100,16
Super120B,8,moment_law,32,3200,0.6997467206848451,1.91,100,16
Super120B,8,oracle,32,3200,0.7137869154704543,2.5,100,16
Super120B,9,uniform,1,100,0.6975,1.0,100,16
Super120B,9,p_based,1,100,0.6975,1.0,100,16
Super120B,9,auc_kappa_based,1,100,0.6975,1.0,100,16
Super120B,9,moment_law,1,100,0.6975,1.0,100,16
Super120B,9,oracle,1,100,0.6975,1.0,100,16
Super120B,9,uniform,2,200,0.68990234375,2.0,100,16
Super120B,9,p_based,2,200,0.6870714598172526,2.0,100,16
Super120B,9,auc_kappa_based,2,200,0.692308156084294,2.0,100,16
Super120B,9,moment_law,2,200,0.6921647467419237,2.0,100,16
Super120B,9,oracle,2,200,0.7116154061635777,2.0,100,16
Super120B,9,uniform,4,400,0.6830595207214355,4.0,100,16
Super120B,9,p_based,4,400,0.684538178791102,4.0,100,16
Super120B,9,auc_kappa_based,4,400,0.6917392297976735,4.0,100,16
Super120B,9,moment_law,4,400,0.6921647467419237,2.0,100,16
Super120B,9,oracle,4,400,0.7124244945008289,3.25,100,16
Super120B,9,uniform,8,800,0.6793638629560701,8.0,100,16
Super120B,9,p_based,8,800,0.6887739983384946,8.0,100,16
Super120B,9,auc_kappa_based,8,800,0.691051009413934,4.65,100,16
Super120B,9,moment_law,8,800,0.6921647467419237,2.0,100,16
Super120B,9,oracle,8,800,0.7124244945008289,3.25,100,16
Super120B,9,uniform,16,1600,0.6781341499122396,16.0,100,16
Super120B,9,p_based,16,1600,0.6885066005529317,8.76,100,16
Super120B,9,auc_kappa_based,16,1600,0.691051009413934,4.65,100,16
Super120B,9,moment_law,16,1600,0.6921647467419237,2.0,100,16
Super120B,9,oracle,16,1600,0.7124244945008289,3.25,100,16
Super120B,9,uniform,32,3200,0.6749990837531985,32.0,100,16
Super120B,9,p_based,32,3200,0.6885066005529317,8.76,100,16
Super120B,9,auc_kappa_based,32,3200,0.691051009413934,4.65,100,16
Super120B,9,moment_law,32,3200,0.6921647467419237,2.0,100,16
Super120B,9,oracle,32,3200,0.7124244945008289,3.25,100,16
Super120B,10,uniform,1,100,0.6959375,1.0,100,16
Super120B,10,p_based,1,100,0.6959375,1.0,100,16
Super120B,10,auc_kappa_based,1,100,0.6959375,1.0,100,16
Super120B,10,moment_law,1,100,0.6959375,1.0,100,16
Super120B,10,oracle,1,100,0.6959375,1.0,100,16
Super120B,10,uniform,2,200,0.690498046875,2.0,100,16
Super120B,10,p_based,2,200,0.6927185100718956,2.0,100,16
Super120B,10,auc_kappa_based,2,200,0.6966077641473523,2.0,100,16
Super120B,10,moment_law,2,200,0.68872966182135,1.75,100,16
Super120B,10,oracle,2,200,0.7170951692061734,2.0,100,16
Super120B,10,uniform,4,400,0.6852212047576904,4.0,100,16
Super120B,10,p_based,4,400,0.6916677362920115,4.0,100,16
Super120B,10,auc_kappa_based,4,400,0.6847829239106289,3.79,100,16
Super120B,10,moment_law,4,400,0.68872966182135,1.75,100,16
Super120B,10,oracle,4,400,0.7233171067775287,3.99,100,16
Super120B,10,uniform,8,800,0.6816370242814719,8.0,100,16
Super120B,10,p_based,8,800,0.6951273916433754,8.0,100,16
Super120B,10,auc_kappa_based,8,800,0.6847829239106289,3.79,100,16
Super120B,10,moment_law,8,800,0.68872966182135,1.75,100,16
Super120B,10,oracle,8,800,0.7233171067775287,3.99,100,16
Super120B,10,uniform,16,1600,0.6777207771925815,16.0,100,16
Super120B,10,p_based,16,1600,0.6929767946395609,8.33,100,16
Super120B,10,auc_kappa_based,16,1600,0.6847829239106289,3.79,100,16
Super120B,10,moment_law,16,1600,0.68872966182135,1.75,100,16
Super120B,10,oracle,16,1600,0.7233171067775287,3.99,100,16
Super120B,10,uniform,32,3200,0.6713495807242625,32.0,100,16
Super120B,10,p_based,32,3200,0.6929767946395609,8.33,100,16
Super120B,10,auc_kappa_based,32,3200,0.6847829239106289,3.79,100,16
Super120B,10,moment_law,32,3200,0.68872966182135,1.75,100,16
Super120B,10,oracle,32,3200,0.7233171067775287,3.99,100,16
Super120B,11,uniform,1,100,0.695,1.0,100,16
Super120B,11,p_based,1,100,0.695,1.0,100,16
Super120B,11,auc_kappa_based,1,100,0.695,1.0,100,16
Super120B,11,moment_law,1,100,0.695,1.0,100,16
Super120B,11,oracle,1,100,0.695,1.0,100,16
Super120B,11,uniform,2,200,0.68951171875,2.0,100,16
Super120B,11,p_based,2,200,0.687077130988755,2.0,100,16
Super120B,11,auc_kappa_based,2,200,0.7003637524181997,2.0,100,16
Super120B,11,moment_law,2,200,0.7025482410258336,1.82,100,16
Super120B,11,oracle,2,200,0.7096658382273446,2.0,100,16
Super120B,11,uniform,4,400,0.6830914115905762,4.0,100,16
Super120B,11,p_based,4,400,0.6813011068990735,4.0,100,16
Super120B,11,auc_kappa_based,4,400,0.7010360215522624,3.82,100,16
Super120B,11,moment_law,4,400,0.7025482410258336,1.82,100,16
Super120B,11,oracle,4,400,0.7134461461544097,2.74,100,16
Super120B,11,uniform,8,800,0.6778966091533767,8.0,100,16
Super120B,11,p_based,8,800,0.6846582513913154,8.0,100,16
Super120B,11,auc_kappa_based,8,800,0.7010360215522624,3.82,100,16
Super120B,11,moment_law,8,800,0.7025482410258336,1.82,100,16
Super120B,11,oracle,8,800,0.7134461461544097,2.74,100,16
Super120B,11,uniform,16,1600,0.6755328417125078,16.0,100,16
Super120B,11,p_based,16,1600,0.6857863472322526,9.55,100,16
Super120B,11,auc_kappa_based,16,1600,0.7010360215522624,3.82,100,16
Super120B,11,moment_law,16,1600,0.7025482410258336,1.82,100,16
Super120B,11,oracle,16,1600,0.7134461461544097,2.74,100,16
Super120B,11,uniform,32,3200,0.6761037084030594,32.0,100,16
Super120B,11,p_based,32,3200,0.6857863472322526,9.55,100,16
Super120B,11,auc_kappa_based,32,3200,0.7010360215522624,3.82,100,16
Super120B,11,moment_law,32,3200,0.7025482410258336,1.82,100,16
Super120B,11,oracle,32,3200,0.7134461461544097,2.74,100,16
Super120B,12,uniform,1,100,0.69875,1.0,100,16
Super120B,12,p_based,1,100,0.69875,1.0,100,16
Super120B,12,auc_kappa_based,1,100,0.69875,1.0,100,16
Super120B,12,moment_law,1,100,0.69875,1.0,100,16
Super120B,12,oracle,1,100,0.69875,1.0,100,16
Super120B,12,uniform,2,200,0.6925,2.0,100,16
Super120B,12,p_based,2,200,0.6901926018056278,2.0,100,16
Super120B,12,auc_kappa_based,2,200,0.6986397895665912,2.0,100,16
Super120B,12,moment_law,2,200,0.6980880657565897,1.6,100,16
Super120B,12,oracle,2,200,0.7124358312752176,2.0,100,16
Super120B,12,uniform,4,400,0.6873229217529296,4.0,100,16
Super120B,12,p_based,4,400,0.6857192339069834,4.0,100,16
Super120B,12,auc_kappa_based,4,400,0.7019648171766623,3.48,100,16
Super120B,12,moment_law,4,400,0.6980880657565897,1.6,100,16
Super120B,12,oracle,4,400,0.7136786039770538,3.01,100,16
Super120B,12,uniform,8,800,0.6824070241039589,8.0,100,16
Super120B,12,p_based,8,800,0.6737047004315696,8.0,100,16
Super120B,12,auc_kappa_based,8,800,0.7019648171766623,3.48,100,16
Super120B,12,moment_law,8,800,0.6980880657565897,1.6,100,16
Super120B,12,oracle,8,800,0.7136786039770538,3.01,100,16
Super120B,12,uniform,16,1600,0.6752931469984229,16.0,100,16
Super120B,12,p_based,16,1600,0.6736879680330418,8.19,100,16
Super120B,12,auc_kappa_based,16,1600,0.7019648171766623,3.48,100,16
Super120B,12,moment_law,16,1600,0.6980880657565897,1.6,100,16
Super120B,12,oracle,16,1600,0.7136786039770538,3.01,100,16
Super120B,12,uniform,32,3200,0.66600975299411,32.0,100,16
Super120B,12,p_based,32,3200,0.6736879680330418,8.19,100,16
Super120B,12,auc_kappa_based,32,3200,0.7019648171766623,3.48,100,16
Super120B,12,moment_law,32,3200,0.6980880657565897,1.6,100,16
Super120B,12,oracle,32,3200,0.7136786039770538,3.01,100,16
Super120B,13,uniform,1,100,0.69375,1.0,100,16
Super120B,13,p_based,1,100,0.69375,1.0,100,16
Super120B,13,auc_kappa_based,1,100,0.69375,1.0,100,16
Super120B,13,moment_law,1,100,0.69375,1.0,100,16
Super120B,13,oracle,1,100,0.69375,1.0,100,16
Super120B,13,uniform,2,200,0.687578125,2.0,100,16
Super120B,13,p_based,2,200,0.6864240942980043,2.0,100,16
Super120B,13,auc_kappa_based,2,200,0.6939056545256423,2.0,100,16
Super120B,13,moment_law,2,200,0.6945494926666421,1.82,100,16
Super120B,13,oracle,2,200,0.7079650665545529,2.0,100,16
Super120B,13,uniform,4,400,0.6804290008544922,4.0,100,16
Super120B,13,p_based,4,400,0.6817449475483651,4.0,100,16
Super120B,13,auc_kappa_based,4,400,0.6978964069782232,4.0,100,16
Super120B,13,moment_law,4,400,0.6945494926666421,1.82,100,16
Super120B,13,oracle,4,400,0.709006631304327,2.55,100,16
Super120B,13,uniform,8,800,0.6748409827762952,8.0,100,16
Super120B,13,p_based,8,800,0.6832595654026674,8.0,100,16
Super120B,13,auc_kappa_based,8,800,0.6967680948379973,4.41,100,16
Super120B,13,moment_law,8,800,0.6945494926666421,1.82,100,16
Super120B,13,oracle,8,800,0.709006631304327,2.55,100,16
Super120B,13,uniform,16,1600,0.6699848003141047,16.0,100,16
Super120B,13,p_based,16,1600,0.6803365741091244,8.82,100,16
Super120B,13,auc_kappa_based,16,1600,0.6967680948379973,4.41,100,16
Super120B,13,moment_law,16,1600,0.6945494926666421,1.82,100,16
Super120B,13,oracle,16,1600,0.709006631304327,2.55,100,16
Super120B,13,uniform,32,3200,0.6650110554618243,32.0,100,16
Super120B,13,p_based,32,3200,0.6803365741091244,8.82,100,16
Super120B,13,auc_kappa_based,32,3200,0.6967680948379973,4.41,100,16
Super120B,13,moment_law,32,3200,0.6945494926666421,1.82,100,16
Super120B,13,oracle,32,3200,0.709006631304327,2.55,100,16
Super120B,14,uniform,1,100,0.69625,1.0,100,16
Super120B,14,p_based,1,100,0.69625,1.0,100,16
Super120B,14,auc_kappa_based,1,100,0.69625,1.0,100,16
Super120B,14,moment_law,1,100,0.69625,1.0,100,16
Super120B,14,oracle,1,100,0.69625,1.0,100,16
Super120B,14,uniform,2,200,0.690625,2.0,100,16
Super120B,14,p_based,2,200,0.6863402473554016,2.0,100,16
Super120B,14,auc_kappa_based,2,200,0.6930198673675065,2.0,100,16
Super120B,14,moment_law,2,200,0.6922582181629283,2.0,100,16
Super120B,14,oracle,2,200,0.709686731411089,2.0,100,16
Super120B,14,uniform,4,400,0.6828493118286133,4.0,100,16
Super120B,14,p_based,4,400,0.6783032511529546,4.0,100,16
Super120B,14,auc_kappa_based,4,400,0.6871258809665036,4.0,100,16
Super120B,14,moment_law,4,400,0.692031768625358,2.11,100,16
Super120B,14,oracle,4,400,0.7097019236285607,2.54,100,16
Super120B,14,uniform,8,800,0.6757383966580164,8.0,100,16
Super120B,14,p_based,8,800,0.6807148424743285,8.0,100,16
Super120B,14,auc_kappa_based,8,800,0.6873218300907346,4.34,100,16
Super120B,14,moment_law,8,800,0.692031768625358,2.11,100,16
Super120B,14,oracle,8,800,0.7097019236285607,2.54,100,16
Super120B,14,uniform,16,1600,0.6710273270680921,16.0,100,16
Super120B,14,p_based,16,1600,0.6799661877411984,8.95,100,16
Super120B,14,auc_kappa_based,16,1600,0.6873218300907346,4.34,100,16
Super120B,14,moment_law,16,1600,0.692031768625358,2.11,100,16
Super120B,14,oracle,16,1600,0.7097019236285607,2.54,100,16
Super120B,14,uniform,32,3200,0.670234826551185,32.0,100,16
Super120B,14,p_based,32,3200,0.6799661877411984,8.95,100,16
Super120B,14,auc_kappa_based,32,3200,0.6873218300907346,4.34,100,16
Super120B,14,moment_law,32,3200,0.692031768625358,2.11,100,16
Super120B,14,oracle,32,3200,0.7097019236285607,2.54,100,16
Super120B,15,uniform,1,100,0.6996875,1.0,100,16
Super120B,15,p_based,1,100,0.6996875,1.0,100,16
Super120B,15,auc_kappa_based,1,100,0.6996875,1.0,100,16
Super120B,15,moment_law,1,100,0.6996875,1.0,100,16
Super120B,15,oracle,1,100,0.6996875,1.0,100,16
Super120B,15,uniform,2,200,0.694345703125,2.0,100,16
Super120B,15,p_based,2,200,0.6920393477630296,2.0,100,16
Super120B,15,auc_kappa_based,2,200,0.7025888411492157,2.0,100,16
Super120B,15,moment_law,2,200,0.6998473584259405,1.66,100,16
Super120B,15,oracle,2,200,0.7081721889800227,2.0,100,16
Super120B,15,uniform,4,400,0.6896513080596924,4.0,100,16
Super120B,15,p_based,4,400,0.6904215090466654,4.0,100,16
Super120B,15,auc_kappa_based,4,400,0.7031987391334653,3.17,100,16
Super120B,15,moment_law,4,400,0.6998473584259405,1.66,100,16
Super120B,15,oracle,4,400,0.7081721890319463,2.16,100,16
Super120B,15,uniform,8,800,0.6857544947988663,8.0,100,16
Super120B,15,p_based,8,800,0.6895777146814556,8.0,100,16
Super120B,15,auc_kappa_based,8,800,0.7031987391334653,3.17,100,16
Super120B,15,moment_law,8,800,0.6998473584259405,1.66,100,16
Super120B,15,oracle,8,800,0.7081721890319463,2.16,100,16
Super120B,15,uniform,16,1600,0.6825618582443876,16.0,100,16
Super120B,15,p_based,16,1600,0.6885009962820425,8.81,100,16
Super120B,15,auc_kappa_based,16,1600,0.7031987391334653,3.17,100,16
Super120B,15,moment_law,16,1600,0.6998473584259405,1.66,100,16
Super120B,15,oracle,16,1600,0.7081721890319463,2.16,100,16
Super120B,15,uniform,32,3200,0.6831501656879659,32.0,100,16
Super120B,15,p_based,32,3200,0.6885009962820425,8.81,100,16
Super120B,15,auc_kappa_based,32,3200,0.7031987391334653,3.17,100,16
Super120B,15,moment_law,32,3200,0.6998473584259405,1.66,100,16
Super120B,15,oracle,32,3200,0.7081721890319463,2.16,100,16
Super120B,16,uniform,1,100,0.6975,1.0,100,16
Super120B,16,p_based,1,100,0.6975,1.0,100,16
Super120B,16,auc_kappa_based,1,100,0.6975,1.0,100,16
Super120B,16,moment_law,1,100,0.6975,1.0,100,16
Super120B,16,oracle,1,100,0.6975,1.0,100,16
Super120B,16,uniform,2,200,0.69173828125,2.0,100,16
Super120B,16,p_based,2,200,0.6904061507851114,2.0,100,16
Super120B,16,auc_kappa_based,2,200,0.6963143442238311,2.0,100,16
Super120B,16,moment_law,2,200,0.6985282465949192,1.69,100,16
Super120B,16,oracle,2,200,0.7146570845698927,2.0,100,16
Super120B,16,uniform,4,400,0.6868247032165528,4.0,100,16
Super120B,16,p_based,4,400,0.6898774054414097,4.0,100,16
Super120B,16,auc_kappa_based,4,400,0.6984765072056908,3.48,100,16
Super120B,16,moment_law,4,400,0.6985282465949192,1.69,100,16
Super120B,16,oracle,4,400,0.7169396763259442,2.97,100,16
Super120B,16,uniform,8,800,0.685821667964683,8.0,100,16
Super120B,16,p_based,8,800,0.700107986173589,8.0,100,16
Super120B,16,auc_kappa_based,8,800,0.6984765072056908,3.48,100,16
Super120B,16,moment_law,8,800,0.6985282465949192,1.69,100,16
Super120B,16,oracle,8,800,0.7169396763259442,2.97,100,16
Super120B,16,uniform,16,1600,0.6888422469128034,16.0,100,16
Super120B,16,p_based,16,1600,0.7002853163371602,8.04,100,16
Super120B,16,auc_kappa_based,16,1600,0.6984765072056908,3.48,100,16
Super120B,16,moment_law,16,1600,0.6985282465949192,1.69,100,16
Super120B,16,oracle,16,1600,0.7169396763259442,2.97,100,16
Super120B,16,uniform,32,3200,0.6939028690206102,32.0,100,16
Super120B,16,p_based,32,3200,0.7002853163371602,8.04,100,16
Super120B,16,auc_kappa_based,32,3200,0.6984765072056908,3.48,100,16
Super120B,16,moment_law,32,3200,0.6985282465949192,1.69,100,16
Super120B,16,oracle,32,3200,0.7169396763259442,2.97,100,16
Super120B,17,uniform,1,100,0.6990625,1.0,100,16
Super120B,17,p_based,1,100,0.6990625,1.0,100,16
Super120B,17,auc_kappa_based,1,100,0.6990625,1.0,100,16
Super120B,17,moment_law,1,100,0.6990625,1.0,100,16
Super120B,17,oracle,1,100,0.6990625,1.0,100,16
Super120B,17,uniform,2,200,0.690322265625,2.0,100,16
Super120B,17,p_based,2,200,0.6876841270554178,2.0,100,16
Super120B,17,auc_kappa_based,2,200,0.698331830674981,2.0,100,16
Super120B,17,moment_law,2,200,0.6947189574537447,2.0,100,16
Super120B,17,oracle,2,200,0.7131536254164291,2.0,100,16
Super120B,17,uniform,4,400,0.6823941135406494,4.0,100,16
Super120B,17,p_based,4,400,0.6832305657221235,4.0,100,16
Super120B,17,auc_kappa_based,4,400,0.6972888911318472,4.0,100,16
Super120B,17,moment_law,4,400,0.6945784979283147,2.09,100,16
Super120B,17,oracle,4,400,0.7137402421419006,2.33,100,16
Super120B,17,uniform,8,800,0.6772350930700577,8.0,100,16
Super120B,17,p_based,8,800,0.6817929522841285,8.0,100,16
Super120B,17,auc_kappa_based,8,800,0.6947385177094734,4.65,100,16
Super120B,17,moment_law,8,800,0.6945784979283147,2.09,100,16
Super120B,17,oracle,8,800,0.7137402421419006,2.33,100,16
Super120B,17,uniform,16,1600,0.6742938936830981,16.0,100,16
Super120B,17,p_based,16,1600,0.6830504903753887,8.67,100,16
Super120B,17,auc_kappa_based,16,1600,0.6947385177094734,4.65,100,16
Super120B,17,moment_law,16,1600,0.6945784979283147,2.09,100,16
Super120B,17,oracle,16,1600,0.7137402421419006,2.33,100,16
Super120B,17,uniform,32,3200,0.6725015745894878,32.0,100,16
Super120B,17,p_based,32,3200,0.6830504903753887,8.67,100,16
Super120B,17,auc_kappa_based,32,3200,0.6947385177094734,4.65,100,16
Super120B,17,moment_law,32,3200,0.6945784979283147,2.09,100,16
Super120B,17,oracle,32,3200,0.7137402421419006,2.33,100,16
Super120B,18,uniform,1,100,0.694375,1.0,100,16
Super120B,18,p_based,1,100,0.694375,1.0,100,16
Super120B,18,auc_kappa_based,1,100,0.694375,1.0,100,16
Super120B,18,moment_law,1,100,0.694375,1.0,100,16
Super120B,18,oracle,1,100,0.694375,1.0,100,16
Super120B,18,uniform,2,200,0.68859375,2.0,100,16
Super120B,18,p_based,2,200,0.6857950619155124,2.0,100,16
Super120B,18,auc_kappa_based,2,200,0.6958817741106654,2.0,100,16
Super120B,18,moment_law,2,200,0.6870412577295443,1.83,100,16
Super120B,18,oracle,2,200,0.7118181843394583,2.0,100,16
Super120B,18,uniform,4,400,0.682939567565918,4.0,100,16
Super120B,18,p_based,4,400,0.6818894357885299,4.0,100,16
Super120B,18,auc_kappa_based,4,400,0.6870134929765987,2.95,100,16
Super120B,18,moment_law,4,400,0.6870412577295443,1.83,100,16
Super120B,18,oracle,4,400,0.7139694822513026,2.8,100,16
Super120B,18,uniform,8,800,0.6776362698943922,8.0,100,16
Super120B,18,p_based,8,800,0.6773831198690345,8.0,100,16
Super120B,18,auc_kappa_based,8,800,0.6870134929765987,2.95,100,16
Super120B,18,moment_law,8,800,0.6870412577295443,1.83,100,16
Super120B,18,oracle,8,800,0.7139694822513026,2.8,100,16
Super120B,18,uniform,16,1600,0.6742088893812358,16.0,100,16
Super120B,18,p_based,16,1600,0.67710895343651,8.54,100,16
Super120B,18,auc_kappa_based,16,1600,0.6870134929765987,2.95,100,16
Super120B,18,moment_law,16,1600,0.6870412577295443,1.83,100,16
Super120B,18,oracle,16,1600,0.7139694822513026,2.8,100,16
Super120B,18,uniform,32,3200,0.6726353969168756,32.0,100,16
Super120B,18,p_based,32,3200,0.67710895343651,8.54,100,16
Super120B,18,auc_kappa_based,32,3200,0.6870134929765987,2.95,100,16
Super120B,18,moment_law,32,3200,0.6870412577295443,1.83,100,16
Super120B,18,oracle,32,3200,0.7139694822513026,2.8,100,16
Super120B,19,uniform,1,100,0.69875,1.0,100,16
Super120B,19,p_based,1,100,0.69875,1.0,100,16
Super120B,19,auc_kappa_based,1,100,0.69875,1.0,100,16
Super120B,19,moment_law,1,100,0.69875,1.0,100,16
Super120B,19,oracle,1,100,0.69875,1.0,100,16
Super120B,19,uniform,2,200,0.6906640625,2.0,100,16
Super120B,19,p_based,2,200,0.685988130913303,2.0,100,16
Super120B,19,auc_kappa_based,2,200,0.6921093841627214,2.0,100,16
Super120B,19,moment_law,2,200,0.691813406543546,2.0,100,16
Super120B,19,oracle,2,200,0.7143517469064998,2.0,100,16
Super120B,19,uniform,4,400,0.6835890960693359,4.0,100,16
Super120B,19,p_based,4,400,0.6824387828580263,4.0,100,16
Super120B,19,auc_kappa_based,4,400,0.6913163864017138,4.0,100,16
Super120B,19,moment_law,4,400,0.6925885728027857,2.25,100,16
Super120B,19,oracle,4,400,0.7149352118961703,2.41,100,16
Super120B,19,uniform,8,800,0.6782991147432039,8.0,100,16
Super120B,19,p_based,8,800,0.6783803506643737,8.0,100,16
Super120B,19,auc_kappa_based,8,800,0.6911032824146167,4.79,100,16
Super120B,19,moment_law,8,800,0.6925885728027857,2.25,100,16
Super120B,19,oracle,8,800,0.7149352118961703,2.41,100,16
Super120B,19,uniform,16,1600,0.6736953117414256,16.0,100,16
Super120B,19,p_based,16,1600,0.6760476598499787,8.76,100,16
Super120B,19,auc_kappa_based,16,1600,0.6911032824146167,4.79,100,16
Super120B,19,moment_law,16,1600,0.6925885728027857,2.25,100,16
Super120B,19,oracle,16,1600,0.7149352118961703,2.41,100,16
Super120B,19,uniform,32,3200,0.6678466543933246,32.0,100,16
Super120B,19,p_based,32,3200,0.6760476598499787,8.76,100,16
Super120B,19,auc_kappa_based,32,3200,0.6911032824146167,4.79,100,16
Super120B,19,moment_law,32,3200,0.6925885728027857,2.25,100,16
Super120B,19,oracle,32,3200,0.7149352118961703,2.41,100,16
Super49B,0,uniform,1,100,0.6665625,1.0,100,16
Super49B,0,p_based,1,100,0.6665625,1.0,100,16
Super49B,0,auc_kappa_based,1,100,0.6665625,1.0,100,16
Super49B,0,moment_law,1,100,0.6665625,1.0,100,16
Super49B,0,oracle,1,100,0.6665625,1.0,100,16
Super49B,0,uniform,2,200,0.669462890625,2.0,100,16
Super49B,0,p_based,2,200,0.6715348227491177,2.0,100,16
Super49B,0,auc_kappa_based,2,200,0.678121395353725,2.0,100,16
Super49B,0,moment_law,2,200,0.6798186685298881,2.0,100,16
Super49B,0,oracle,2,200,0.6932392240896185,2.0,100,16
Super49B,0,uniform,4,400,0.6704330921173096,4.0,100,16
Super49B,0,p_based,4,400,0.6705915336824912,4.0,100,16
Super49B,0,auc_kappa_based,4,400,0.6802895170631289,4.0,100,16
Super49B,0,moment_law,4,400,0.6789106041471507,2.97,100,16
Super49B,0,oracle,4,400,0.7000871784181025,4.0,100,16
Super49B,0,uniform,8,800,0.6708477402783046,8.0,100,16
Super49B,0,p_based,8,800,0.6625835157038827,8.0,100,16
Super49B,0,auc_kappa_based,8,800,0.6797848361921079,6.85,100,16
Super49B,0,moment_law,8,800,0.6789106041471507,2.97,100,16
Super49B,0,oracle,8,800,0.7000878623177275,5.89,100,16
Super49B,0,uniform,16,1600,0.6700194101665828,16.0,100,16
Super49B,0,p_based,16,1600,0.6611340949028163,9.05,100,16
Super49B,0,auc_kappa_based,16,1600,0.6797848361921079,6.85,100,16
Super49B,0,moment_law,16,1600,0.6789106041471507,2.97,100,16
Super49B,0,oracle,16,1600,0.7000878623177275,5.89,100,16
Super49B,0,uniform,32,3200,0.6666356915544753,32.0,100,16
Super49B,0,p_based,32,3200,0.6611340949028163,9.05,100,16
Super49B,0,auc_kappa_based,32,3200,0.6797848361921079,6.85,100,16
Super49B,0,moment_law,32,3200,0.6789106041471507,2.97,100,16
Super49B,0,oracle,32,3200,0.7000878623177275,5.89,100,16
Super49B,1,uniform,1,100,0.67125,1.0,100,16
Super49B,1,p_based,1,100,0.67125,1.0,100,16
Super49B,1,auc_kappa_based,1,100,0.67125,1.0,100,16
Super49B,1,moment_law,1,100,0.67125,1.0,100,16
Super49B,1,oracle,1,100,0.67125,1.0,100,16
Super49B,1,uniform,2,200,0.67408203125,2.0,100,16
Super49B,1,p_based,2,200,0.6794601024052644,2.0,100,16
Super49B,1,auc_kappa_based,2,200,0.6815225579116366,2.0,100,16
Super49B,1,moment_law,2,200,0.6887278782252312,2.0,100,16
Super49B,1,oracle,2,200,0.702931011823797,2.0,100,16
Super49B,1,uniform,4,400,0.6758767509460449,4.0,100,16
Super49B,1,p_based,4,400,0.678179538637508,4.0,100,16
Super49B,1,auc_kappa_based,4,400,0.683378238654688,4.0,100,16
Super49B,1,moment_law,4,400,0.6879750144305202,3.43,100,16
Super49B,1,oracle,4,400,0.7108455269159961,4.0,100,16
Super49B,1,uniform,8,800,0.6772802038301415,8.0,100,16
Super49B,1,p_based,8,800,0.6797152367358607,8.0,100,16
Super49B,1,auc_kappa_based,8,800,0.6822509583608913,7.04,100,16
Super49B,1,moment_law,8,800,0.6879750144305202,3.43,100,16
Super49B,1,oracle,8,800,0.7109041180409557,6.59,100,16
Super49B,1,uniform,16,1600,0.6779318696756809,16.0,100,16
Super49B,1,p_based,16,1600,0.6792891688321943,9.05,100,16
Super49B,1,auc_kappa_based,16,1600,0.6822509583608913,7.04,100,16
Super49B,1,moment_law,16,1600,0.6879750144305202,3.43,100,16
Super49B,1,oracle,16,1600,0.7109041180409557,6.59,100,16
Super49B,1,uniform,32,3200,0.6779503720581862,32.0,100,16
Super49B,1,p_based,32,3200,0.6792891688321943,9.05,100,16
Super49B,1,auc_kappa_based,32,3200,0.6822509583608913,7.04,100,16
Super49B,1,moment_law,32,3200,0.6879750144305202,3.43,100,16
Super49B,1,oracle,32,3200,0.7109041180409557,6.59,100,16
Super49B,2,uniform,1,100,0.6665625,1.0,100,16
Super49B,2,p_based,1,100,0.6665625,1.0,100,16
Super49B,2,auc_kappa_based,1,100,0.6665625,1.0,100,16
Super49B,2,moment_law,1,100,0.6665625,1.0,100,16
Super49B,2,oracle,1,100,0.6665625,1.0,100,16
Super49B,2,uniform,2,200,0.670732421875,2.0,100,16
Super49B,2,p_based,2,200,0.674933534922875,2.0,100,16
Super49B,2,auc_kappa_based,2,200,0.6864000442504397,2.0,100,16
Super49B,2,moment_law,2,200,0.6892192781461545,2.0,100,16
Super49B,2,oracle,2,200,0.6999285076607845,2.0,100,16
Super49B,2,uniform,4,400,0.6740935802459717,4.0,100,16
Super49B,2,p_based,4,400,0.6758544257965533,4.0,100,16
Super49B,2,auc_kappa_based,4,400,0.6918412510795241,4.0,100,16
Super49B,2,moment_law,4,400,0.6890867671359776,3.08,100,16
Super49B,2,oracle,4,400,0.7081601372765113,4.0,100,16
Super49B,2,uniform,8,800,0.6787386984563909,8.0,100,16
Super49B,2,p_based,8,800,0.6743322936885088,8.0,100,16
Super49B,2,auc_kappa_based,8,800,0.6893414413968451,7.82,100,16
Super49B,2,moment_law,8,800,0.6890867671359776,3.08,100,16
Super49B,2,oracle,8,800,0.7081633085159842,5.33,100,16
Super49B,2,uniform,16,1600,0.6823233656421288,16.0,100,16
Super49B,2,p_based,16,1600,0.6764397618089089,9.17,100,16
Super49B,2,auc_kappa_based,16,1600,0.6893414413968451,7.82,100,16
Super49B,2,moment_law,16,1600,0.6890867671359776,3.08,100,16
Super49B,2,oracle,16,1600,0.7081633085159842,5.33,100,16
Super49B,2,uniform,32,3200,0.6809197037223407,32.0,100,16
Super49B,2,p_based,32,3200,0.6764397618089089,9.17,100,16
Super49B,2,auc_kappa_based,32,3200,0.6893414413968451,7.82,100,16
Super49B,2,moment_law,32,3200,0.6890867671359776,3.08,100,16
Super49B,2,oracle,32,3200,0.7081633085159842,5.33,100,16
Super49B,3,uniform,1,100,0.6653125,1.0,100,16
Super49B,3,p_based,1,100,0.6653125,1.0,100,16
Super49B,3,auc_kappa_based,1,100,0.6653125,1.0,100,16
Super49B,3,moment_law,1,100,0.6653125,1.0,100,16
Super49B,3,oracle,1,100,0.6653125,1.0,100,16
Super49B,3,uniform,2,200,0.667177734375,2.0,100,16
Super49B,3,p_based,2,200,0.6688170117124992,2.0,100,16
Super49B,3,auc_kappa_based,2,200,0.6767808744408268,2.0,100,16
Super49B,3,moment_law,2,200,0.6834309422420106,2.0,100,16
Super49B,3,oracle,2,200,0.6940739630258593,2.0,100,16
Super49B,3,uniform,4,400,0.666842451095581,4.0,100,16
Super49B,3,p_based,4,400,0.6698449457589998,4.0,100,16
Super49B,3,auc_kappa_based,4,400,0.6794088068855751,4.0,100,16
Super49B,3,moment_law,4,400,0.6809953170566834,3.32,100,16
Super49B,3,oracle,4,400,0.7013033201336865,4.0,100,16
Super49B,3,uniform,8,800,0.6680434095212968,8.0,100,16
Super49B,3,p_based,8,800,0.6675301094544376,8.0,100,16
Super49B,3,auc_kappa_based,8,800,0.6778587999678578,6.9,100,16
Super49B,3,moment_law,8,800,0.6809953170566834,3.32,100,16
Super49B,3,oracle,8,800,0.7013033891179488,5.24,100,16
Super49B,3,uniform,16,1600,0.6677431283918611,16.0,100,16
Super49B,3,p_based,16,1600,0.6656485019113902,9.25,100,16
Super49B,3,auc_kappa_based,16,1600,0.6778587999678578,6.9,100,16
Super49B,3,moment_law,16,1600,0.6809953170566834,3.32,100,16
Super49B,3,oracle,16,1600,0.7013033891179488,5.24,100,16
Super49B,3,uniform,32,3200,0.6614462547987512,32.0,100,16
Super49B,3,p_based,32,3200,0.6656485019113902,9.25,100,16
Super49B,3,auc_kappa_based,32,3200,0.6778587999678578,6.9,100,16
Super49B,3,moment_law,32,3200,0.6809953170566834,3.32,100,16
Super49B,3,oracle,32,3200,0.7013033891179488,5.24,100,16
Super49B,4,uniform,1,100,0.6675,1.0,100,16
Super49B,4,p_based,1,100,0.6675,1.0,100,16
Super49B,4,auc_kappa_based,1,100,0.6675,1.0,100,16
Super49B,4,moment_law,1,100,0.6675,1.0,100,16
Super49B,4,oracle,1,100,0.6675,1.0,100,16
Super49B,4,uniform,2,200,0.66998046875,2.0,100,16
Super49B,4,p_based,2,200,0.671826622106928,2.0,100,16
Super49B,4,auc_kappa_based,2,200,0.6819991170261737,2.0,100,16
Super49B,4,moment_law,2,200,0.6854270573756874,2.0,100,16
Super49B,4,oracle,2,200,0.6968243613276579,2.0,100,16
Super49B,4,uniform,4,400,0.6714926338195801,4.0,100,16
Super49B,4,p_based,4,400,0.6725163746558553,4.0,100,16
Super49B,4,auc_kappa_based,4,400,0.6852889507666426,4.0,100,16
Super49B,4,moment_law,4,400,0.6884302886310636,3.22,100,16
Super49B,4,oracle,4,400,0.7054129035260783,4.0,100,16
Super49B,4,uniform,8,800,0.6730077001606878,8.0,100,16
Super49B,4,p_based,8,800,0.6720384042180367,8.0,100,16
Super49B,4,auc_kappa_based,8,800,0.6847977138417864,6.71,100,16
Super49B,4,moment_law,8,800,0.6884302886310636,3.22,100,16
Super49B,4,oracle,8,800,0.7054207788209067,5.88,100,16
Super49B,4,uniform,16,1600,0.6723915727588178,16.0,100,16
Super49B,4,p_based,16,1600,0.6710598588293422,9.22,100,16
Super49B,4,auc_kappa_based,16,1600,0.6847977138417864,6.71,100,16
Super49B,4,moment_law,16,1600,0.6884302886310636,3.22,100,16
Super49B,4,oracle,16,1600,0.7054207788209067,5.88,100,16
Super49B,4,uniform,32,3200,0.6684406508810542,32.0,100,16
Super49B,4,p_based,32,3200,0.6710598588293422,9.22,100,16
Super49B,4,auc_kappa_based,32,3200,0.6847977138417864,6.71,100,16
Super49B,4,moment_law,32,3200,0.6884302886310636,3.22,100,16
Super49B,4,oracle,32,3200,0.7054207788209067,5.88,100,16
Super49B,5,uniform,1,100,0.665625,1.0,100,16
Super49B,5,p_based,1,100,0.665625,1.0,100,16
Super49B,5,auc_kappa_based,1,100,0.665625,1.0,100,16
Super49B,5,moment_law,1,100,0.665625,1.0,100,16
Super49B,5,oracle,1,100,0.665625,1.0,100,16
Super49B,5,uniform,2,200,0.6673828125,2.0,100,16
Super49B,5,p_based,2,200,0.6695455015494189,2.0,100,16
Super49B,5,auc_kappa_based,2,200,0.676132952207739,2.0,100,16
Super49B,5,moment_law,2,200,0.6798526182747362,2.0,100,16
Super49B,5,oracle,2,200,0.6976065132245728,2.0,100,16
Super49B,5,uniform,4,400,0.6690650939941406,4.0,100,16
Super49B,5,p_based,4,400,0.6688435018661213,4.0,100,16
Super49B,5,auc_kappa_based,4,400,0.6812510437064921,4.0,100,16
Super49B,5,moment_law,4,400,0.6816628670489802,3.35,100,16
Super49B,5,oracle,4,400,0.7121702464230714,4.0,100,16
Super49B,5,uniform,8,800,0.672802472726471,8.0,100,16
Super49B,5,p_based,8,800,0.6695443882728978,8.0,100,16
Super49B,5,auc_kappa_based,8,800,0.6792339478771958,7.52,100,16
Super49B,5,moment_law,8,800,0.6816628670489802,3.35,100,16
Super49B,5,oracle,8,800,0.7122829236209398,5.78,100,16
Super49B,5,uniform,16,1600,0.6774149950430056,16.0,100,16
Super49B,5,p_based,16,1600,0.6710790452701904,9.04,100,16
Super49B,5,auc_kappa_based,16,1600,0.6792339478771958,7.52,100,16
Super49B,5,moment_law,16,1600,0.6816628670489802,3.35,100,16
Super49B,5,oracle,16,1600,0.7122829236209398,5.78,100,16
Super49B,5,uniform,32,3200,0.6807155969752884,32.0,100,16
Super49B,5,p_based,32,3200,0.6710790452701904,9.04,100,16
Super49B,5,auc_kappa_based,32,3200,0.6792339478771958,7.52,100,16
Super49B,5,moment_law,32,3200,0.6816628670489802,3.35,100,16
Super49B,5,oracle,32,3200,0.7122829236209398,5.78,100,16
Super49B,6,uniform,1,100,0.6625,1.0,100,16
Super49B,6,p_based,1,100,0.6625,1.0,100,16
Super49B,6,auc_kappa_based,1,100,0.6625,1.0,100,16
Super49B,6,moment_law,1,100,0.6625,1.0,100,16
Super49B,6,oracle,1,100,0.6625,1.0,100,16
Super49B,6,uniform,2,200,0.66708984375,2.0,100,16
Super49B,6,p_based,2,200,0.6694168911467113,2.0,100,16
Super49B,6,auc_kappa_based,2,200,0.6748894057798475,2.0,100,16
Super49B,6,moment_law,2,200,0.6730663207714633,2.0,100,16
Super49B,6,oracle,2,200,0.6928890563217505,2.0,100,16
Super49B,6,uniform,4,400,0.669228687286377,4.0,100,16
Super49B,6,p_based,4,400,0.670537193326592,4.0,100,16
Super49B,6,auc_kappa_based,4,400,0.6809555125109132,4.0,100,16
Super49B,6,moment_law,4,400,0.6744747589632438,2.85,100,16
Super49B,6,oracle,4,400,0.6979867637139069,4.0,100,16
Super49B,6,uniform,8,800,0.6715862866763382,8.0,100,16
Super49B,6,p_based,8,800,0.6665048140962243,8.0,100,16
Super49B,6,auc_kappa_based,8,800,0.680984031900137,6.78,100,16
Super49B,6,moment_law,8,800,0.6744747589632438,2.85,100,16
Super49B,6,oracle,8,800,0.697986773132123,5.06,100,16
Super49B,6,uniform,16,1600,0.6726254813997835,16.0,100,16
Super49B,6,p_based,16,1600,0.6656178726431079,9.82,100,16
Super49B,6,auc_kappa_based,16,1600,0.680984031900137,6.78,100,16
Super49B,6,moment_law,16,1600,0.6744747589632438,2.85,100,16
Super49B,6,oracle,16,1600,0.697986773132123,5.06,100,16
Super49B,6,uniform,32,3200,0.669372885228821,32.0,100,16
Super49B,6,p_based,32,3200,0.6656178726431079,9.82,100,16
Super49B,6,auc_kappa_based,32,3200,0.680984031900137,6.78,100,16
Super49B,6,moment_law,32,3200,0.6744747589632438,2.85,100,16
Super49B,6,oracle,32,3200,0.697986773132123,5.06,100,16
Super49B,7,uniform,1,100,0.6659375,1.0,100,16
Super49B,7,p_based,1,100,0.6659375,1.0,100,16
Super49B,7,auc_kappa_based,1,100,0.6659375,1.0,100,16
Super49B,7,moment_law,1,100,0.6659375,1.0,100,16
Super49B,7,oracle,1,100,0.6659375,1.0,100,16
Super49B,7,uniform,2,200,0.669716796875,2.0,100,16
Super49B,7,p_based,2,200,0.670094027377154,2.0,100,16
Super49B,7,auc_kappa_based,2,200,0.6803059141855192,2.0,100,16
Super49B,7,moment_law,2,200,0.6810038769998167,2.0,100,16
Super49B,7,oracle,2,200,0.6951733421341566,2.0,100,16
Super49B,7,uniform,4,400,0.6726689434051514,4.0,100,16
Super49B,7,p_based,4,400,0.6674275679515632,4.0,100,16
Super49B,7,auc_kappa_based,4,400,0.6850634203731997,4.0,100,16
Super49B,7,moment_law,4,400,0.682944713519774,2.98,100,16
Super49B,7,oracle,4,400,0.7113521284030759,4.0,100,16
Super49B,7,uniform,8,800,0.6755933225887111,8.0,100,16
Super49B,7,p_based,8,800,0.6734317361321187,8.0,100,16
Super49B,7,auc_kappa_based,8,800,0.6902871234092731,6.96,100,16
Super49B,7,moment_law,8,800,0.682944713519774,2.98,100,16
Super49B,7,oracle,8,800,0.7113770365051498,6.19,100,16
Super49B,7,uniform,16,1600,0.6802513367197355,16.0,100,16
Super49B,7,p_based,16,1600,0.67647799139937,9.41,100,16
Super49B,7,auc_kappa_based,16,1600,0.6902871234092731,6.96,100,16
Super49B,7,moment_law,16,1600,0.682944713519774,2.98,100,16
Super49B,7,oracle,16,1600,0.7113770365051498,6.19,100,16
Super49B,7,uniform,32,3200,0.6872564236751727,32.0,100,16
Super49B,7,p_based,32,3200,0.67647799139937,9.41,100,16
Super49B,7,auc_kappa_based,32,3200,0.6902871234092731,6.96,100,16
Super49B,7,moment_law,32,3200,0.682944713519774,2.98,100,16
Super49B,7,oracle,32,3200,0.7113770365051498,6.19,100,16
Super49B,8,uniform,1,100,0.664375,1.0,100,16
Super49B,8,p_based,1,100,0.664375,1.0,100,16
Super49B,8,auc_kappa_based,1,100,0.664375,1.0,100,16
Super49B,8,moment_law,1,100,0.664375,1.0,100,16
Super49B,8,oracle,1,100,0.664375,1.0,100,16
Super49B,8,uniform,2,200,0.66546875,2.0,100,16
Super49B,8,p_based,2,200,0.665427883602988,2.0,100,16
Super49B,8,auc_kappa_based,2,200,0.6713391157066831,2.0,100,16
Super49B,8,moment_law,2,200,0.6705968251797684,2.0,100,16
Super49B,8,oracle,2,200,0.6935688510668717,2.0,100,16
Super49B,8,uniform,4,400,0.6665436935424804,4.0,100,16
Super49B,8,p_based,4,400,0.6653849828697099,4.0,100,16
Super49B,8,auc_kappa_based,4,400,0.6763453535052839,4.0,100,16
Super49B,8,moment_law,4,400,0.6737082100459685,3.07,100,16
Super49B,8,oracle,4,400,0.6958595339078621,4.0,100,16
Super49B,8,uniform,8,800,0.6691641533173606,8.0,100,16
Super49B,8,p_based,8,800,0.6644099956716386,8.0,100,16
Super49B,8,auc_kappa_based,8,800,0.6785873854272165,7.7,100,16
Super49B,8,moment_law,8,800,0.6737082100459685,3.07,100,16
Super49B,8,oracle,8,800,0.6958595339223046,4.84,100,16
Super49B,8,uniform,16,1600,0.6717521544448515,16.0,100,16
Super49B,8,p_based,16,1600,0.6664704761532699,9.0,100,16
Super49B,8,auc_kappa_based,16,1600,0.6785873854272165,7.7,100,16
Super49B,8,moment_law,16,1600,0.6737082100459685,3.07,100,16
Super49B,8,oracle,16,1600,0.6958595339223046,4.84,100,16
Super49B,8,uniform,32,3200,0.6706306070203033,32.0,100,16
Super49B,8,p_based,32,3200,0.6664704761532699,9.0,100,16
Super49B,8,auc_kappa_based,32,3200,0.6785873854272165,7.7,100,16
Super49B,8,moment_law,32,3200,0.6737082100459685,3.07,100,16
Super49B,8,oracle,32,3200,0.6958595339223046,4.84,100,16
Super49B,9,uniform,1,100,0.6684375,1.0,100,16
Super49B,9,p_based,1,100,0.6684375,1.0,100,16
Super49B,9,auc_kappa_based,1,100,0.6684375,1.0,100,16
Super49B,9,moment_law,1,100,0.6684375,1.0,100,16
Super49B,9,oracle,1,100,0.6684375,1.0,100,16
Super49B,9,uniform,2,200,0.673349609375,2.0,100,16
Super49B,9,p_based,2,200,0.6725744666768813,2.0,100,16
Super49B,9,auc_kappa_based,2,200,0.6830493787999239,2.0,100,16
Super49B,9,moment_law,2,200,0.6853015052379186,2.0,100,16
Super49B,9,oracle,2,200,0.7004021779330623,2.0,100,16
Super49B,9,uniform,4,400,0.6774717998504639,4.0,100,16
Super49B,9,p_based,4,400,0.6692497738719031,4.0,100,16
Super49B,9,auc_kappa_based,4,400,0.6886514433700397,4.0,100,16
Super49B,9,moment_law,4,400,0.686833626339689,3.14,100,16
Super49B,9,oracle,4,400,0.7117910346503359,4.0,100,16
Super49B,9,uniform,8,800,0.680901747314665,8.0,100,16
Super49B,9,p_based,8,800,0.6660075375972702,8.0,100,16
Super49B,9,auc_kappa_based,8,800,0.6935852277284202,6.64,100,16
Super49B,9,moment_law,8,800,0.686833626339689,3.14,100,16
Super49B,9,oracle,8,800,0.7117998914313379,5.45,100,16
Super49B,9,uniform,16,1600,0.6823070792058198,16.0,100,16
Super49B,9,p_based,16,1600,0.665690482319617,9.13,100,16
Super49B,9,auc_kappa_based,16,1600,0.6935852277284202,6.64,100,16
Super49B,9,moment_law,16,1600,0.686833626339689,3.14,100,16
Super49B,9,oracle,16,1600,0.7117998914313379,5.45,100,16
Super49B,9,uniform,32,3200,0.6814407381851213,32.0,100,16
Super49B,9,p_based,32,3200,0.665690482319617,9.13,100,16
Super49B,9,auc_kappa_based,32,3200,0.6935852277284202,6.64,100,16
Super49B,9,moment_law,32,3200,0.686833626339689,3.14,100,16
Super49B,9,oracle,32,3200,0.7117998914313379,5.45,100,16
Super49B,10,uniform,1,100,0.6653125,1.0,100,16
Super49B,10,p_based,1,100,0.6653125,1.0,100,16
Super49B,10,auc_kappa_based,1,100,0.6653125,1.0,100,16
Super49B,10,moment_law,1,100,0.6653125,1.0,100,16
Super49B,10,oracle,1,100,0.6653125,1.0,100,16
Super49B,10,uniform,2,200,0.668232421875,2.0,100,16
Super49B,10,p_based,2,200,0.6691446947629356,2.0,100,16
Super49B,10,auc_kappa_based,2,200,0.6782955741248102,2.0,100,16
Super49B,10,moment_law,2,200,0.6773673319589677,2.0,100,16
Super49B,10,oracle,2,200,0.6930843186315565,2.0,100,16
Super49B,10,uniform,4,400,0.6697619533538819,4.0,100,16
Super49B,10,p_based,4,400,0.6712461820805461,4.0,100,16
Super49B,10,auc_kappa_based,4,400,0.681856867979132,4.0,100,16
Super49B,10,moment_law,4,400,0.681349527682175,2.96,100,16
Super49B,10,oracle,4,400,0.7012776566704629,4.0,100,16
Super49B,10,uniform,8,800,0.6703767267204148,8.0,100,16
Super49B,10,p_based,8,800,0.6691342973231196,8.0,100,16
Super49B,10,auc_kappa_based,8,800,0.6853824265033126,7.03,100,16
Super49B,10,moment_law,8,800,0.681349527682175,2.96,100,16
Super49B,10,oracle,8,800,0.701278063528044,5.39,100,16
Super49B,10,uniform,16,1600,0.671775105112961,16.0,100,16
Super49B,10,p_based,16,1600,0.6715013461234048,9.97,100,16
Super49B,10,auc_kappa_based,16,1600,0.6853824265033126,7.03,100,16
Super49B,10,moment_law,16,1600,0.681349527682175,2.96,100,16
Super49B,10,oracle,16,1600,0.701278063528044,5.39,100,16
Super49B,10,uniform,32,3200,0.6741329464341058,32.0,100,16
Super49B,10,p_based,32,3200,0.6715013461234048,9.97,100,16
Super49B,10,auc_kappa_based,32,3200,0.6853824265033126,7.03,100,16
Super49B,10,moment_law,32,3200,0.681349527682175,2.96,100,16
Super49B,10,oracle,32,3200,0.701278063528044,5.39,100,16
Super49B,11,uniform,1,100,0.6675,1.0,100,16
Super49B,11,p_based,1,100,0.6675,1.0,100,16
Super49B,11,auc_kappa_based,1,100,0.6675,1.0,100,16
Super49B,11,moment_law,1,100,0.6675,1.0,100,16
Super49B,11,oracle,1,100,0.6675,1.0,100,16
Super49B,11,uniform,2,200,0.66904296875,2.0,100,16
Super49B,11,p_based,2,200,0.6693608171344649,2.0,100,16
Super49B,11,auc_kappa_based,2,200,0.6782109408100722,2.0,100,16
Super49B,11,moment_law,2,200,0.680148237646181,2.0,100,16
Super49B,11,oracle,2,200,0.6944715695807769,2.0,100,16
Super49B,11,uniform,4,400,0.6689826011657715,4.0,100,16
Super49B,11,p_based,4,400,0.6665929413582858,4.0,100,16
Super49B,11,auc_kappa_based,4,400,0.6829564838463625,4.0,100,16
Super49B,11,moment_law,4,400,0.6807111738961511,3.35,100,16
Super49B,11,oracle,4,400,0.7034396026251798,4.0,100,16
Super49B,11,uniform,8,800,0.6680675903690826,8.0,100,16
Super49B,11,p_based,8,800,0.6622973655388307,8.0,100,16
Super49B,11,auc_kappa_based,8,800,0.6845486687282154,7.19,100,16
Super49B,11,moment_law,8,800,0.6807111738961511,3.35,100,16
Super49B,11,oracle,8,800,0.7034415687680964,5.69,100,16
Super49B,11,uniform,16,1600,0.6658149528620569,16.0,100,16
Super49B,11,p_based,16,1600,0.6619171055820443,8.67,100,16
Super49B,11,auc_kappa_based,16,1600,0.6845486687282154,7.19,100,16
Super49B,11,moment_law,16,1600,0.6807111738961511,3.35,100,16
Super49B,11,oracle,16,1600,0.7034415687680964,5.69,100,16
Super49B,11,uniform,32,3200,0.6620129534039328,32.0,100,16
Super49B,11,p_based,32,3200,0.6619171055820443,8.67,100,16
Super49B,11,auc_kappa_based,32,3200,0.6845486687282154,7.19,100,16
Super49B,11,moment_law,32,3200,0.6807111738961511,3.35,100,16
Super49B,11,oracle,32,3200,0.7034415687680964,5.69,100,16
Super49B,12,uniform,1,100,0.6603125,1.0,100,16
Super49B,12,p_based,1,100,0.6603125,1.0,100,16
Super49B,12,auc_kappa_based,1,100,0.6603125,1.0,100,16
Super49B,12,moment_law,1,100,0.6603125,1.0,100,16
Super49B,12,oracle,1,100,0.6603125,1.0,100,16
Super49B,12,uniform,2,200,0.667060546875,2.0,100,16
Super49B,12,p_based,2,200,0.6681162122593368,2.0,100,16
Super49B,12,auc_kappa_based,2,200,0.6762576919004641,2.0,100,16
Super49B,12,moment_law,2,200,0.676790821822309,2.0,100,16
Super49B,12,oracle,2,200,0.6899712488640023,2.0,100,16
Super49B,12,uniform,4,400,0.669750165939331,4.0,100,16
Super49B,12,p_based,4,400,0.666617400218507,4.0,100,16
Super49B,12,auc_kappa_based,4,400,0.6818904899433694,4.0,100,16
Super49B,12,moment_law,4,400,0.676790821822309,2.08,100,16
Super49B,12,oracle,4,400,0.7044742899304498,4.0,100,16
Super49B,12,uniform,8,800,0.6706564402934874,8.0,100,16
Super49B,12,p_based,8,800,0.6669474695655593,8.0,100,16
Super49B,12,auc_kappa_based,8,800,0.684303221837246,5.85,100,16
Super49B,12,moment_law,8,800,0.676790821822309,2.08,100,16
Super49B,12,oracle,8,800,0.7050409513522752,6.79,100,16
Super49B,12,uniform,16,1600,0.6716964190545809,16.0,100,16
Super49B,12,p_based,16,1600,0.6669385112413937,8.17,100,16
Super49B,12,auc_kappa_based,16,1600,0.684303221837246,5.85,100,16
Super49B,12,moment_law,16,1600,0.676790821822309,2.08,100,16
Super49B,12,oracle,16,1600,0.7050409513522752,6.79,100,16
Super49B,12,uniform,32,3200,0.6720982750900525,32.0,100,16
Super49B,12,p_based,32,3200,0.6669385112413937,8.17,100,16
Super49B,12,auc_kappa_based,32,3200,0.684303221837246,5.85,100,16
Super49B,12,moment_law,32,3200,0.676790821822309,2.08,100,16
Super49B,12,oracle,32,3200,0.7050409513522752,6.79,100,16
Super49B,13,uniform,1,100,0.664375,1.0,100,16
Super49B,13,p_based,1,100,0.664375,1.0,100,16
Super49B,13,auc_kappa_based,1,100,0.664375,1.0,100,16
Super49B,13,moment_law,1,100,0.664375,1.0,100,16
Super49B,13,oracle,1,100,0.664375,1.0,100,16
Super49B,13,uniform,2,200,0.66953125,2.0,100,16
Super49B,13,p_based,2,200,0.6730966734050889,2.0,100,16
Super49B,13,auc_kappa_based,2,200,0.6737399077227951,2.0,100,16
Super49B,13,moment_law,2,200,0.6707119324688865,2.0,100,16
Super49B,13,oracle,2,200,0.6977156451664258,2.0,100,16
Super49B,13,uniform,4,400,0.6744320678710938,4.0,100,16
Super49B,13,p_based,4,400,0.6773044367813358,4.0,100,16
Super49B,13,auc_kappa_based,4,400,0.6814335309205424,4.0,100,16
Super49B,13,moment_law,4,400,0.6729055421705422,3.09,100,16
Super49B,13,oracle,4,400,0.7059226242426382,4.0,100,16
Super49B,13,uniform,8,800,0.677841167209117,8.0,100,16
Super49B,13,p_based,8,800,0.6800926255315752,8.0,100,16
Super49B,13,auc_kappa_based,8,800,0.6859931967872167,6.19,100,16
Super49B,13,moment_law,8,800,0.6729055421705422,3.09,100,16
Super49B,13,oracle,8,800,0.7059264271969765,5.6,100,16
Super49B,13,uniform,16,1600,0.6797684826539648,16.0,100,16
Super49B,13,p_based,16,1600,0.6802131607602473,10.2,100,16
Super49B,13,auc_kappa_based,16,1600,0.6859931967872167,6.19,100,16
Super49B,13,moment_law,16,1600,0.6729055421705422,3.09,100,16
Super49B,13,oracle,16,1600,0.7059264271969765,5.6,100,16
Super49B,13,uniform,32,3200,0.680163001254935,32.0,100,16
Super49B,13,p_based,32,3200,0.6802131607602473,10.2,100,16
Super49B,13,auc_kappa_based,32,3200,0.6859931967872167,6.19,100,16
Super49B,13,moment_law,32,3200,0.6729055421705422,3.09,100,16
Super49B,13,oracle,32,3200,0.7059264271969765,5.6,100,16
Super49B,14,uniform,1,100,0.66625,1.0,100,16
Super49B,14,p_based,1,100,0.66625,1.0,100,16
Super49B,14,auc_kappa_based,1,100,0.66625,1.0,100,16
Super49B,14,moment_law,1,100,0.66625,1.0,100,16
Super49B,14,oracle,1,100,0.66625,1.0,100,16
Super49B,14,uniform,2,200,0.6717578125,2.0,100,16
Super49B,14,p_based,2,200,0.6719300052727339,2.0,100,16
Super49B,14,auc_kappa_based,2,200,0.6814996152662016,2.0,100,16
Super49B,14,moment_law,2,200,0.6833306425575673,2.0,100,16
Super49B,14,oracle,2,200,0.6974208617728326,2.0,100,16
Super49B,14,uniform,4,400,0.6734589767456055,4.0,100,16
Super49B,14,p_based,4,400,0.6709327498551139,4.0,100,16
Super49B,14,auc_kappa_based,4,400,0.6851749310784038,4.0,100,16
Super49B,14,moment_law,4,400,0.6827408619692182,2.79,100,16
Super49B,14,oracle,4,400,0.7044910837589353,4.0,100,16
Super49B,14,uniform,8,800,0.6746674156836161,8.0,100,16
Super49B,14,p_based,8,800,0.6717679962750108,8.0,100,16
Super49B,14,auc_kappa_based,8,800,0.6870779970346667,6.51,100,16
Super49B,14,moment_law,8,800,0.6827408619692182,2.79,100,16
Super49B,14,oracle,8,800,0.7044939356882695,5.75,100,16
Super49B,14,uniform,16,1600,0.674546076138931,16.0,100,16
Super49B,14,p_based,16,1600,0.6713787778763332,9.31,100,16
Super49B,14,auc_kappa_based,16,1600,0.6870779970346667,6.51,100,16
Super49B,14,moment_law,16,1600,0.6827408619692182,2.79,100,16
Super49B,14,oracle,16,1600,0.7044939356882695,5.75,100,16
Super49B,14,uniform,32,3200,0.6719433078274235,32.0,100,16
Super49B,14,p_based,32,3200,0.6713787778763332,9.31,100,16
Super49B,14,auc_kappa_based,32,3200,0.6870779970346667,6.51,100,16
Super49B,14,moment_law,32,3200,0.6827408619692182,2.79,100,16
Super49B,14,oracle,32,3200,0.7044939356882695,5.75,100,16
Super49B,15,uniform,1,100,0.6646875,1.0,100,16
Super49B,15,p_based,1,100,0.6646875,1.0,100,16
Super49B,15,auc_kappa_based,1,100,0.6646875,1.0,100,16
Super49B,15,moment_law,1,100,0.6646875,1.0,100,16
Super49B,15,oracle,1,100,0.6646875,1.0,100,16
Super49B,15,uniform,2,200,0.667373046875,2.0,100,16
Super49B,15,p_based,2,200,0.6715468479037827,2.0,100,16
Super49B,15,auc_kappa_based,2,200,0.6791739454864643,2.0,100,16
Super49B,15,moment_law,2,200,0.6758303183621188,2.0,100,16
Super49B,15,oracle,2,200,0.6945693727461588,2.0,100,16
Super49B,15,uniform,4,400,0.6683098888397216,4.0,100,16
Super49B,15,p_based,4,400,0.6708013787483457,4.0,100,16
Super49B,15,auc_kappa_based,4,400,0.6820880499093613,4.0,100,16
Super49B,15,moment_law,4,400,0.6771766592069653,2.87,100,16
Super49B,15,oracle,4,400,0.7061965411768679,4.0,100,16
Super49B,15,uniform,8,800,0.670115466239904,8.0,100,16
Super49B,15,p_based,8,800,0.6659564915319309,8.0,100,16
Super49B,15,auc_kappa_based,8,800,0.6840941274411516,6.18,100,16
Super49B,15,moment_law,8,800,0.6771766592069653,2.87,100,16
Super49B,15,oracle,8,800,0.7061987265323546,5.66,100,16
Super49B,15,uniform,16,1600,0.6739321902558976,16.0,100,16
Super49B,15,p_based,16,1600,0.6671496908743643,9.59,100,16
Super49B,15,auc_kappa_based,16,1600,0.6840941274411516,6.18,100,16
Super49B,15,moment_law,16,1600,0.6771766592069653,2.87,100,16
Super49B,15,oracle,16,1600,0.7061987265323546,5.66,100,16
Super49B,15,uniform,32,3200,0.6756643271062862,32.0,100,16
Super49B,15,p_based,32,3200,0.6671496908743643,9.59,100,16
Super49B,15,auc_kappa_based,32,3200,0.6840941274411516,6.18,100,16
Super49B,15,moment_law,32,3200,0.6771766592069653,2.87,100,16
Super49B,15,oracle,32,3200,0.7061987265323546,5.66,100,16
Super49B,16,uniform,1,100,0.6678125,1.0,100,16
Super49B,16,p_based,1,100,0.6678125,1.0,100,16
Super49B,16,auc_kappa_based,1,100,0.6678125,1.0,100,16
Super49B,16,moment_law,1,100,0.6678125,1.0,100,16
Super49B,16,oracle,1,100,0.6678125,1.0,100,16
Super49B,16,uniform,2,200,0.670498046875,2.0,100,16
Super49B,16,p_based,2,200,0.6730990240949996,2.0,100,16
Super49B,16,auc_kappa_based,2,200,0.680424375687712,2.0,100,16
Super49B,16,moment_law,2,200,0.6817652408265167,2.0,100,16
Super49B,16,oracle,2,200,0.6969473256672124,2.0,100,16
Super49B,16,uniform,4,400,0.6717542934417725,4.0,100,16
Super49B,16,p_based,4,400,0.6717853385385183,4.0,100,16
Super49B,16,auc_kappa_based,4,400,0.685451576047432,4.0,100,16
Super49B,16,moment_law,4,400,0.6818371134159027,3.39,100,16
Super49B,16,oracle,4,400,0.7032505017307277,4.0,100,16
Super49B,16,uniform,8,800,0.6730828361678778,8.0,100,16
Super49B,16,p_based,8,800,0.6693770473152537,8.0,100,16
Super49B,16,auc_kappa_based,8,800,0.6876118470911056,7.59,100,16
Super49B,16,moment_law,8,800,0.6818371134159027,3.39,100,16
Super49B,16,oracle,8,800,0.7032505795538435,5.38,100,16
Super49B,16,uniform,16,1600,0.6735723551668303,16.0,100,16
Super49B,16,p_based,16,1600,0.6698056454609549,8.65,100,16
Super49B,16,auc_kappa_based,16,1600,0.6876118470911056,7.59,100,16
Super49B,16,moment_law,16,1600,0.6818371134159027,3.39,100,16
Super49B,16,oracle,16,1600,0.7032505795538435,5.38,100,16
Super49B,16,uniform,32,3200,0.6723063056967965,32.0,100,16
Super49B,16,p_based,32,3200,0.6698056454609549,8.65,100,16
Super49B,16,auc_kappa_based,32,3200,0.6876118470911056,7.59,100,16
Super49B,16,moment_law,32,3200,0.6818371134159027,3.39,100,16
Super49B,16,oracle,32,3200,0.7032505795538435,5.38,100,16
Super49B,17,uniform,1,100,0.6665625,1.0,100,16
Super49B,17,p_based,1,100,0.6665625,1.0,100,16
Super49B,17,auc_kappa_based,1,100,0.6665625,1.0,100,16
Super49B,17,moment_law,1,100,0.6665625,1.0,100,16
Super49B,17,oracle,1,100,0.6665625,1.0,100,16
Super49B,17,uniform,2,200,0.671494140625,2.0,100,16
Super49B,17,p_based,2,200,0.6739711525148414,2.0,100,16
Super49B,17,auc_kappa_based,2,200,0.6809686172779794,2.0,100,16
Super49B,17,moment_law,2,200,0.6844115363244047,2.0,100,16
Super49B,17,oracle,2,200,0.6950193024785645,2.0,100,16
Super49B,17,uniform,4,400,0.6732831668853759,4.0,100,16
Super49B,17,p_based,4,400,0.673798696723087,4.0,100,16
Super49B,17,auc_kappa_based,4,400,0.6869917137288973,4.0,100,16
Super49B,17,moment_law,4,400,0.6860978042738679,3.14,100,16
Super49B,17,oracle,4,400,0.7038535626530831,4.0,100,16
Super49B,17,uniform,8,800,0.6741541379449427,8.0,100,16
Super49B,17,p_based,8,800,0.675812376045539,8.0,100,16
Super49B,17,auc_kappa_based,8,800,0.6889627454250029,6.76,100,16
Super49B,17,moment_law,8,800,0.6860978042738679,3.14,100,16
Super49B,17,oracle,8,800,0.7039283373115652,6.31,100,16
Super49B,17,uniform,16,1600,0.6753200287254287,16.0,100,16
Super49B,17,p_based,16,1600,0.6751275512810796,9.14,100,16
Super49B,17,auc_kappa_based,16,1600,0.6889627454250029,6.76,100,16
Super49B,17,moment_law,16,1600,0.6860978042738679,3.14,100,16
Super49B,17,oracle,16,1600,0.7039283373115652,6.31,100,16
Super49B,17,uniform,32,3200,0.6781779659727546,32.0,100,16
Super49B,17,p_based,32,3200,0.6751275512810796,9.14,100,16
Super49B,17,auc_kappa_based,32,3200,0.6889627454250029,6.76,100,16
Super49B,17,moment_law,32,3200,0.6860978042738679,3.14,100,16
Super49B,17,oracle,32,3200,0.7039283373115652,6.31,100,16
Super49B,18,uniform,1,100,0.665625,1.0,100,16
Super49B,18,p_based,1,100,0.665625,1.0,100,16
Super49B,18,auc_kappa_based,1,100,0.665625,1.0,100,16
Super49B,18,moment_law,1,100,0.665625,1.0,100,16
Super49B,18,oracle,1,100,0.665625,1.0,100,16
Super49B,18,uniform,2,200,0.66994140625,2.0,100,16
Super49B,18,p_based,2,200,0.6745307611313638,2.0,100,16
Super49B,18,auc_kappa_based,2,200,0.6797394546578289,2.0,100,16
Super49B,18,moment_law,2,200,0.6799619985062313,2.0,100,16
Super49B,18,oracle,2,200,0.699084566067305,2.0,100,16
Super49B,18,uniform,4,400,0.6730483055114747,4.0,100,16
Super49B,18,p_based,4,400,0.6799206946647465,4.0,100,16
Super49B,18,auc_kappa_based,4,400,0.6860590333791818,4.0,100,16
Super49B,18,moment_law,4,400,0.6812356466906004,2.6,100,16
Super49B,18,oracle,4,400,0.7103397571770241,4.0,100,16
Super49B,18,uniform,8,800,0.6764558143127033,8.0,100,16
Super49B,18,p_based,8,800,0.6802516094112068,8.0,100,16
Super49B,18,auc_kappa_based,8,800,0.6873166833691465,6.76,100,16
Super49B,18,moment_law,8,800,0.6812356466906004,2.6,100,16
Super49B,18,oracle,8,800,0.710441281891477,6.21,100,16
Super49B,18,uniform,16,1600,0.6780249503710959,16.0,100,16
Super49B,18,p_based,16,1600,0.680223506495678,9.62,100,16
Super49B,18,auc_kappa_based,16,1600,0.6873166833691465,6.76,100,16
Super49B,18,moment_law,16,1600,0.6812356466906004,2.6,100,16
Super49B,18,oracle,16,1600,0.710441281891477,6.21,100,16
Super49B,18,uniform,32,3200,0.6758638302367858,32.0,100,16
Super49B,18,p_based,32,3200,0.680223506495678,9.62,100,16
Super49B,18,auc_kappa_based,32,3200,0.6873166833691465,6.76,100,16
Super49B,18,moment_law,32,3200,0.6812356466906004,2.6,100,16
Super49B,18,oracle,32,3200,0.710441281891477,6.21,100,16
Super49B,19,uniform,1,100,0.6659375,1.0,100,16
Super49B,19,p_based,1,100,0.6659375,1.0,100,16
Super49B,19,auc_kappa_based,1,100,0.6659375,1.0,100,16
Super49B,19,moment_law,1,100,0.6659375,1.0,100,16
Super49B,19,oracle,1,100,0.6659375,1.0,100,16
Super49B,19,uniform,2,200,0.670166015625,2.0,100,16
Super49B,19,p_based,2,200,0.669171801551729,2.0,100,16
Super49B,19,auc_kappa_based,2,200,0.6798566201576469,2.0,100,16
Super49B,19,moment_law,2,200,0.6811261043493172,2.0,100,16
Super49B,19,oracle,2,200,0.6908747175903136,2.0,100,16
Super49B,19,uniform,4,400,0.6713715076446534,4.0,100,16
Super49B,19,p_based,4,400,0.668265818250384,4.0,100,16
Super49B,19,auc_kappa_based,4,400,0.6838393007785438,4.0,100,16
Super49B,19,moment_law,4,400,0.6788354852532885,2.71,100,16
Super49B,19,oracle,4,400,0.7055620266934115,4.0,100,16
Super49B,19,uniform,8,800,0.6706269337141293,8.0,100,16
Super49B,19,p_based,8,800,0.661588618276918,8.0,100,16
Super49B,19,auc_kappa_based,8,800,0.6852067034436554,6.85,100,16
Super49B,19,moment_law,8,800,0.6788354852532885,2.71,100,16
Super49B,19,oracle,8,800,0.7055724870215272,5.71,100,16
Super49B,19,uniform,16,1600,0.6679514052393071,16.0,100,16
Super49B,19,p_based,16,1600,0.6586445167513156,9.18,100,16
Super49B,19,auc_kappa_based,16,1600,0.6852067034436554,6.85,100,16
Super49B,19,moment_law,16,1600,0.6788354852532885,2.71,100,16
Super49B,19,oracle,16,1600,0.7055724870215272,5.71,100,16
Super49B,19,uniform,32,3200,0.6645064866213276,32.0,100,16
Super49B,19,p_based,32,3200,0.6586445167513156,9.18,100,16
Super49B,19,auc_kappa_based,32,3200,0.6852067034436554,6.85,100,16
Super49B,19,moment_law,32,3200,0.6788354852532885,2.71,100,16
Super49B,19,oracle,32,3200,0.7055724870215272,5.71,100,16
