model,N,difficulty_bin,num_problems,actual_acc_mean,auc_only_pred_mean,moment_pred_mean,auc_only_mae,moment_mae,mean_p,mean_kappa,mean_theta
3B,2,all_correct,3,1.0,1.0,1.0,0.0,0.0,1.0,,0.5
3B,2,easy,18,0.9159191743827161,0.9159191743827161,0.9159191743827161,5.551115123125783e-17,3.0839528461809905e-17,0.8900462962962963,0.6561025766495773,0.515073861922946
3B,2,hard,29,0.0993624281609196,0.09936242816091953,0.0993624281609196,9.277031968294934e-17,1.4356332214980472e-18,0.09267241379310345,0.4674137818038448,0.46292590311986886
3B,2,medium,33,0.5152830387205387,0.5152830387205387,0.5152830387205387,1.8671932686877633e-16,6.7286243916676156e-18,0.4810606060606061,0.5769556382983554,0.5350390384015128
3B,2,no_correct,16,0.0,0.0,0.0,0.0,0.0,0.0,,0.0
3B,3,all_correct,3,1.0,1.0,1.0,0.0,0.0,1.0,,0.3333333333333333
3B,3,easy,18,0.9244404859503601,0.9215544908403069,0.9244404859503601,0.017336363851373,1.2335811384723961e-17,0.8900462962962963,0.6561025766495773,0.34668492477187063
3B,3,hard,29,0.10293286787595791,0.11246603903073181,0.10293286787595791,0.019189883276081572,0.0,0.09267241379310345,0.4674137818038448,0.31181480431884545
3B,3,medium,33,0.525142374263468,0.5202336602809055,0.525142374263468,0.039826026400834096,9.25185853854297e-18,0.4810606060606061,0.5769556382983554,0.36391658758427575
3B,3,no_correct,16,0.0,0.007626421216681334,0.0,0.007626421216681334,0.0,0.0,,0.0
3B,4,all_correct,3,1.0,1.0,1.0,0.0,0.0,1.0,,0.25
3B,4,easy,18,0.9280973730100361,0.9224959960100342,0.9280973730100364,0.026044884897401883,3.700743415417188e-17,0.8900462962962963,0.6561025766495773,0.26109223709933826
3B,4,hard,29,0.10543556262097907,0.11411493536529392,0.10543556262097907,0.023674549478986177,1.825502041496337e-24,0.09267241379310345,0.4674137818038448,0.23609605514491705
3B,4,medium,33,0.5288837288722,0.521595912906323,0.5288837288722001,0.05589304621726903,2.0185873175002847e-17,0.4810606060606061,0.5769556382983554,0.27507103392977067
3B,4,no_correct,16,0.0,0.008114415496109362,0.0,0.008114415496109362,0.0,0.0,,0.0
3B,8,all_correct,3,1.0,0.9959723762240054,1.0,0.004027623775994638,0.0,1.0,,0.125
3B,8,easy,18,0.9306035510140516,0.924542822153672,0.9306035510140516,0.05133036826165683,2.4671622769447922e-17,0.8900462962962963,0.6561025766495773,0.13097241682213318
3B,8,hard,29,0.10993417502391517,0.11841265219130694,0.10993417502391517,0.04251302688882563,1.046815891567018e-18,0.09267241379310345,0.4674137818038448,0.11657127263103122
3B,8,medium,33,0.5318185133505706,0.524593166442805,0.5318185133505706,0.10370748179756707,1.682156097916904e-17,0.4810606060606061,0.5769556382983554,0.13859666452085842
3B,8,no_correct,16,0.0,0.009005212754523262,0.0,0.009005212754523262,0.0,0.0,,0.0
3B,16,all_correct,3,1.0,0.9904315143255977,1.0,0.009568485674402272,0.0,1.0,,0.0625
3B,16,easy,18,0.9246470223723416,0.9260322260992319,0.9246470223723416,0.07562749512645119,3.700743415417188e-17,0.8900462962962963,0.6561025766495773,0.06510368809683158
3B,16,hard,29,0.10575479301453425,0.12251337565314445,0.10575479301453425,0.06786563363397048,1.257113726078877e-18,0.09267241379310345,0.4674137818038448,0.05109358800349278
3B,16,medium,33,0.534768880644738,0.5268737342960439,0.534768880644738,0.16227582441734179,3.3643121958338078e-18,0.4810606060606061,0.5769556382983554,0.07011689150082835
3B,16,no_correct,16,0.0,0.00917932432969415,0.0,0.00917932432969415,0.0,0.0,,0.0
3B,32,all_correct,3,1.0,0.9834572810607037,1.0,0.016542718939296153,0.0,1.0,,0.03125
3B,32,easy,18,0.9183249508148114,0.9260300779781423,0.9183249508148114,0.10147053290616032,3.700743415417188e-17,0.8900462962962963,0.6561025766495773,0.032340657598777606
3B,32,hard,29,0.09451314588769172,0.12580241611280865,0.09451314588769172,0.11143094875067104,3.7387422748620915e-21,0.09267241379310345,0.4674137818038448,0.020407454362708143
3B,32,medium,33,0.5544972586574864,0.5277209307827964,0.5544972586574864,0.23413870162879685,1.5139404881252134e-17,0.4810606060606061,0.5769556382983554,0.0368720452546091
3B,32,no_correct,16,0.0,0.00792006453837868,0.0,0.00792006453837868,0.0,0.0,,0.0
3B,48,all_correct,3,1.0,0.97818781039449,1.0,0.021812189605510013,0.0,1.0,,0.020833333333333332
3B,48,easy,18,0.9195140833217597,0.9251117157064014,0.9195140833217597,0.10647327157704543,1.850371707708594e-17,0.8900462962962963,0.6561025766495773,0.021589763918869447
3B,48,hard,29,0.09086631837335798,0.1269058257657781,0.09086631837335798,0.13777862911798933,3.962945871954988e-18,0.09267241379310345,0.4674137818038448,0.012683927441082888
3B,48,medium,33,0.5801667270105794,0.5270267032233205,0.5801667270105794,0.2904722919463281,3.418522304458083e-18,0.4810606060606061,0.5769556382983554,0.026012046483529887
3B,48,no_correct,16,0.0,0.005993639046824373,0.0,0.005993639046824373,0.0,0.0,,0.0
70B,2,all_correct,43,1.0,1.0,1.0,0.0,0.0,1.0,,0.5
70B,2,easy,18,0.9004629629629629,0.9004629629629629,0.9004629629629629,1.0485439677015367e-16,3.700743415417188e-17,0.8842592592592592,0.55279947072035,0.510040615635106
70B,2,hard,11,0.10428503787878793,0.10428503787878786,0.10428503787878793,1.1575336648790696e-16,0.0,0.09280303030303029,0.5961176714189803,0.5897306397306395
70B,2,medium,13,0.573551014957265,0.573551014957265,0.573551014957265,1.2810265668751805e-16,8.540177112501205e-18,0.5560897435897436,0.5398579908771939,0.5148075649953919
70B,2,no_correct,15,0.0,0.0,0.0,0.0,0.0,0.0,,0.0
70B,3,all_correct,43,1.0,1.0,1.0,0.0,0.0,1.0,,0.3333333333333333
70B,3,easy,18,0.9031223877957818,0.8845781084305793,0.9031223877957818,0.033993664948948975,2.4671622769447922e-17,0.8842592592592592,0.55279947072035,0.34126757568204596
70B,3,hard,11,0.10896152277988222,0.13703337608429864,0.10896152277988222,0.029041262424671168,0.0,0.09280303030303029,0.5961176714189803,0.4224366056397307
70B,3,medium,13,0.570591418491809,0.5836944051018826,0.570591418491809,0.04954982243912745,4.270088556250602e-18,0.5560897435897436,0.5398579908771939,0.34098914822814314
70B,3,no_correct,15,0.0,0.007626421216681334,0.0,0.007626421216681334,0.0,0.0,,0.0
70B,4,all_correct,43,1.0,1.0,1.0,0.0,0.0,1.0,,0.25
70B,4,easy,18,0.9030248068978266,0.8834963516144098,0.9030248068978266,0.0379674761017309,4.3175339846533866e-17,0.8842592592592592,0.55279947072035,0.2560505487154432
70B,4,hard,11,0.1113022826737427,0.14053342216532497,0.1113022826737427,0.03468586404900029,4.435372523804336e-18,0.09280303030303029,0.5961176714189803,0.3306530245671413
70B,4,medium,13,0.5627661521165346,0.5839071878618163,0.5627661521165346,0.07538901848974043,1.708035422500241e-17,0.5560897435897436,0.5398579908771939,0.2520781423299621
70B,4,no_correct,15,0.0,0.008114415496109362,0.0,0.008114415496109362,0.0,0.0,,0.0
70B,8,all_correct,43,1.0,0.9959723762240053,1.0,0.004027623775994638,0.0,1.0,,0.125
70B,8,easy,18,0.8984131453896309,0.8806202709263586,0.8984131453896309,0.05815128411674183,3.0839528461809905e-17,0.8842592592592592,0.55279947072035,0.12756642437775992
70B,8,hard,11,0.11441871188300136,0.14870742765263137,0.11441871188300136,0.062062590577502116,0.0,0.09280303030303029,0.5961176714189803,0.1729065687090409
70B,8,medium,13,0.524973532424368,0.584134884749848,0.524973532424368,0.14600198899578912,1.2810265668751807e-17,0.5560897435897436,0.5398579908771939,0.11753415216242072
70B,8,no_correct,15,0.0,0.009005212754523262,0.0,0.009005212754523262,0.0,0.0,,0.0
70B,16,all_correct,43,1.0,0.9904315143255978,1.0,0.009568485674402272,0.0,1.0,,0.0625
70B,16,easy,18,0.8828724011906045,0.8767270869640966,0.8828724011906045,0.0780440260503559,1.850371707708594e-17,0.8842592592592592,0.55279947072035,0.06278694655220048
70B,16,hard,11,0.11182447264193694,0.15622990070062587,0.11182447264193694,0.10264023330192086,1.2714734591738547e-18,0.09280303030303029,0.5961176714189803,0.07784115839512566
70B,16,medium,13,0.46308042318900305,0.5836458959546365,0.463080423189003,0.23063117721548465,1.3877787807814457e-17,0.5560897435897436,0.5398579908771939,0.052073504006456266
70B,16,no_correct,15,0.0,0.00917932432969415,0.0,0.00917932432969415,0.0,0.0,,0.0
70B,32,all_correct,43,1.0,0.9834572810607038,1.0,0.016542718939296153,0.0,1.0,,0.03125
70B,32,easy,18,0.857407159651928,0.8717190586056788,0.857407159651928,0.10797973288436441,3.0839528461809905e-17,0.8842592592592592,0.55279947072035,0.030547745971667113
70B,32,hard,11,0.1119547473426027,0.1624493088699964,0.1119547473426027,0.15185253597008644,0.0,0.09280303030303029,0.5961176714189803,0.030832579808230606
70B,32,medium,13,0.40311812560959726,0.5817235357929386,0.40311812560959726,0.32595771752329633,1.814787636406506e-17,0.5560897435897436,0.5398579908771939,0.022898066588493318
70B,32,no_correct,15,0.0,0.00792006453837868,0.0,0.00792006453837868,0.0,0.0,,0.0
70B,48,all_correct,43,1.0,0.97818781039449,1.0,0.021812189605510013,0.0,1.0,,0.020833333333333332
70B,48,easy,18,0.8445223525582761,0.8678641453529249,0.8445223525582761,0.1289218911219172,1.2335811384723961e-17,0.8842592592592592,0.55279947072035,0.020086562778887016
70B,48,hard,11,0.1236678858601893,0.1650057878485127,0.1236678858601893,0.18222390677500575,0.0,0.09280303030303029,0.5961176714189803,0.019829395321901196
70B,48,medium,13,0.3829568759952095,0.5794092214504963,0.3829568759952095,0.37814533070891654,0.0,0.5560897435897436,0.5398579908771939,0.01464352251181383
70B,48,no_correct,15,0.0,0.005993639046824373,0.0,0.005993639046824373,0.0,0.0,,0.0
8B,2,all_correct,3,1.0,1.0,1.0,0.0,0.0,1.0,,0.5
8B,2,easy,16,0.9367947048611112,0.9367947048611112,0.936794704861111,7.632783294297951e-17,3.469446951953614e-17,0.9166666666666666,0.6764971998458023,0.5110638954476541
8B,2,hard,23,0.08503170289855076,0.08503170289855072,0.08503170289855076,1.0033112625731077e-16,0.0,0.11050724637681159,0.41322947686993733,0.42869187475165754
8B,2,medium,39,0.531261128917379,0.531261128917379,0.531261128917379,1.8290212649273411e-16,1.7792035651044177e-17,0.4973290598290598,0.5695761516186889,0.5339869703356209
8B,2,no_correct,19,0.0,0.0,0.0,0.0,0.0,0.0,,0.0
8B,3,all_correct,3,1.0,1.0,1.0,0.0,0.0,1.0,,0.3333333333333333
8B,3,easy,16,0.9410886411313657,0.9476043767517237,0.9410886411313657,0.010666041692183978,3.469446951953614e-17,0.9166666666666666,0.6764971998458023,0.34229164375741933
8B,3,hard,23,0.07158470460950087,0.0928069015855674,0.07158470460950087,0.031337804660601896,6.033820786006285e-19,0.11050724637681159,0.41322947686993733,0.270441290983071
8B,3,medium,39,0.5446202349685423,0.5337601731558002,0.5446202349685423,0.04690949795737292,7.11681426041767e-18,0.4973290598290598,0.5695761516186889,0.36488335218277285
8B,3,no_correct,19,0.0,0.007626421216681334,0.0,0.007626421216681334,0.0,0.0,,0.0
8B,4,all_correct,3,1.0,1.0,1.0,0.0,0.0,1.0,,0.25
8B,4,easy,16,0.9417561896053361,0.9486226920786899,0.9417561896053361,0.01284801458412567,4.163336342344337e-17,0.9166666666666666,0.6764971998458023,0.2569041990454939
8B,4,hard,23,0.0629134370125051,0.09231586752352594,0.0629134370125051,0.039283949990022375,7.636554432289205e-19,0.11050724637681159,0.41322947686993733,0.19480008624006787
8B,4,medium,39,0.5515110104021372,0.5348905855825035,0.5515110104021372,0.06173802285445064,2.846725704167068e-18,0.4973290598290598,0.5695761516186889,0.2770480118213762
8B,4,no_correct,19,0.0,0.008114415496109362,0.0,0.008114415496109362,0.0,0.0,,0.0
8B,8,all_correct,3,1.0,0.9959723762240054,1.0,0.004027623775994638,0.0,1.0,,0.125
8B,8,easy,16,0.9371905545237988,0.9503991794319069,0.9371905545237988,0.02568611820372512,3.469446951953614e-17,0.9166666666666666,0.6764971998458023,0.12780963825218528
8B,8,hard,23,0.04503513799560518,0.09090972704297294,0.04503513799560518,0.05921180446906975,1.2068378133640355e-18,0.11050724637681159,0.41322947686993733,0.08231575614416474
8B,8,medium,39,0.5625247205964493,0.537329238512734,0.5625247205964493,0.09817595781583181,4.270088556250602e-18,0.4973290598290598,0.5695761516186889,0.14098588004829207
8B,8,no_correct,19,0.0,0.009005212754523262,0.0,0.009005212754523262,0.0,0.0,,0.0
8B,16,all_correct,3,1.0,0.9904315143255977,1.0,0.009568485674402272,0.0,1.0,,0.0625
8B,16,easy,16,0.9284363994527689,0.9502934452862968,0.9284363994527689,0.05190128030515138,2.7755575615628914e-17,0.9166666666666666,0.6764971998458023,0.0632715286057653
8B,16,hard,23,0.029929828697724536,0.08894270211466457,0.029929828697724536,0.06963803943649748,1.1313413973761785e-19,0.11050724637681159,0.41322947686993733,0.028765069679962153
8B,16,medium,39,0.5689836981813833,0.5390512057597211,0.5689836981813833,0.13969977676121026,7.11681426041767e-18,0.4973290598290598,0.5695761516186889,0.07086533850383038
8B,16,no_correct,19,0.0,0.00917932432969415,0.0,0.00917932432969415,0.0,0.0,,0.0
8B,32,all_correct,3,1.0,0.9834572810607037,1.0,0.016542718939296153,0.0,1.0,,0.03125
8B,32,easy,16,0.9175096246168486,0.9484459551630912,0.9175096246168486,0.08919728103742848,4.163336342344337e-17,0.9166666666666666,0.6764971998458023,0.031235750581112335
8B,32,hard,23,0.016308387569189717,0.08643731499513788,0.016308387569189717,0.07194257783964848,1.1784806222668526e-21,0.11050724637681159,0.41322947686993733,0.007676227025432883
8B,32,medium,39,0.5643710380575957,0.5393398016402221,0.5643710380575957,0.1986444327395892,1.209858424271004e-17,0.4973290598290598,0.5695761516186889,0.03453687548581706
8B,32,no_correct,19,0.0,0.00792006453837868,0.0,0.00792006453837868,0.0,0.0,,0.0
8B,48,all_correct,3,1.0,0.97818781039449,1.0,0.021812189605510013,0.0,1.0,,0.020833333333333332
8B,48,easy,16,0.9085328302925565,0.9466309502401669,0.9085328302925565,0.1128669107260904,6.938893903907228e-18,0.9166666666666666,0.6764971998458023,0.020611321563070096
8B,48,hard,23,0.009054027847577547,0.08456084800821612,0.009054027847577547,0.07550974561151025,1.8413764113102e-23,0.11050724637681159,0.41322947686993733,0.0028093576100652047
8B,48,medium,39,0.5561406737049903,0.538318813673209,0.5561406737049903,0.25133171661682,9.963539964584738e-18,0.4973290598290598,0.5695761516186889,0.02231258121897128
8B,48,no_correct,19,0.0,0.005993639046824373,0.0,0.005993639046824373,0.0,0.0,,0.0
Dracarys70B,2,all_correct,19,1.0,1.0,1.0,0.0,0.0,1.0,,0.5
Dracarys70B,2,easy,28,0.903475322420635,0.903475322420635,0.903475322420635,7.533656238527848e-17,3.568574007723718e-17,0.8861607142857143,0.597083763611588,0.5103174235528373
Dracarys70B,2,hard,14,0.0732266865079365,0.07322668650793651,0.0732266865079365,8.922983879555701e-17,9.912705577010326e-19,0.09226190476190477,0.4075161697183115,0.4188226332199548
Dracarys70B,2,medium,21,0.46567046957671954,0.46567046957671954,0.46567046957671954,1.8239378261699e-16,5.28677630773884e-18,0.4712301587301588,0.489843546138965,0.4947871123816879
Dracarys70B,2,no_correct,18,0.0,0.0,0.0,0.0,0.0,0.0,,0.0
Dracarys70B,3,all_correct,19,1.0,1.0,1.0,0.0,0.0,1.0,,0.3333333333333333
Dracarys70B,3,easy,28,0.9076479957217262,0.9069758373437224,0.9076479957217262,0.018834920226857507,3.172065784643304e-17,0.8861607142857143,0.597083763611588,0.3418464656719836
Dracarys70B,3,hard,14,0.06580687830687827,0.08085953541101899,0.06580687830687827,0.021761925979559803,4.956352788505163e-19,0.09226190476190477,0.4075161697183115,0.26706216340702943
Dracarys70B,3,medium,21,0.46439206831459434,0.4819382647927074,0.46439206831459434,0.0493120123960452,1.32169407693471e-18,0.4712301587301588,0.489843546138965,0.3290833248457743
Dracarys70B,3,no_correct,18,0.0,0.007626421216681334,0.0,0.007626421216681334,0.0,0.0,,0.0
Dracarys70B,4,all_correct,19,1.0,1.0,1.0,0.0,0.0,1.0,,0.25
Dracarys70B,4,easy,28,0.908465356843602,0.9069360098140982,0.908465356843602,0.027237403480707422,2.3790493384824782e-17,0.8861607142857143,0.597083763611588,0.2566042819826537
Dracarys70B,4,hard,14,0.06228199038766254,0.08099166343886362,0.06228199038766254,0.02735838297093109,2.106449935114694e-18,0.09226190476190477,0.4075161697183115,0.19886042065571163
Dracarys70B,4,medium,21,0.461984202694991,0.4810425596424127,0.461984202694991,0.06227442295302123,2.64338815386942e-18,0.4712301587301588,0.489843546138965,0.24521588441420972
Dracarys70B,4,no_correct,18,0.0,0.008114415496109362,0.0,0.008114415496109362,0.0,0.0,,0.0
Dracarys70B,8,all_correct,19,1.0,0.9959723762240054,1.0,0.004027623775994638,0.0,1.0,,0.125
Dracarys70B,8,easy,28,0.9047779965059498,0.9065291479840004,0.9047779965059497,0.05621553953231161,2.7755575615628914e-17,0.8861607142857143,0.597083763611588,0.1277273383201505
Dracarys70B,8,hard,14,0.06135446215851551,0.08110645379974653,0.06135446215851551,0.043113329901840906,5.11123881314595e-19,0.09226190476190477,0.4075161697183115,0.10838688536360756
Dracarys70B,8,medium,21,0.44707234205323315,0.4785994426590369,0.44707234205323315,0.09733391732238054,5.28677630773884e-18,0.4712301587301588,0.489843546138965,0.11752585356999064
Dracarys70B,8,no_correct,18,0.0,0.009005212754523262,0.0,0.009005212754523262,0.0,0.0,,0.0
Dracarys70B,16,all_correct,19,1.0,0.9904315143255977,1.0,0.009568485674402272,0.0,1.0,,0.0625
Dracarys70B,16,easy,28,0.8936952817282681,0.9055335800569528,0.8936952817282681,0.0884996545378099,3.172065784643304e-17,0.8861607142857143,0.597083763611588,0.06306485051309792
Dracarys70B,16,hard,14,0.06962639562870274,0.08070932581545585,0.06962639562870272,0.061722637829343716,2.106449935114694e-18,0.09226190476190477,0.4075161697183115,0.0628466677032236
Dracarys70B,16,medium,21,0.42804661009844347,0.4754396399924179,0.42804661009844347,0.15984621047234254,1.1895246692412391e-17,0.4712301587301588,0.489843546138965,0.054910569591624506
Dracarys70B,16,no_correct,18,0.0,0.00917932432969415,0.0,0.00917932432969415,0.0,0.0,,0.0
Dracarys70B,32,all_correct,19,1.0,0.9834572810607038,1.0,0.016542718939296153,0.0,1.0,,0.03125
Dracarys70B,32,easy,28,0.879005293280611,0.9033605999360058,0.879005293280611,0.11917986055894304,3.172065784643304e-17,0.8861607142857143,0.597083763611588,0.03103778308957647
Dracarys70B,32,hard,14,0.08197542417047395,0.07928836114081769,0.08197542417047395,0.0816049103009754,0.0,0.09226190476190477,0.4075161697183115,0.03385538036800134
Dracarys70B,32,medium,21,0.4107978875957484,0.4708464659593125,0.4107978875957484,0.2444584140435957,2.64338815386942e-18,0.4712301587301588,0.489843546138965,0.025122283050241317
Dracarys70B,32,no_correct,18,0.0,0.00792006453837868,0.0,0.00792006453837868,0.0,0.0,,0.0
Dracarys70B,48,all_correct,19,1.0,0.9781878103944899,1.0,0.021812189605510013,0.0,1.0,,0.020833333333333332
Dracarys70B,48,easy,28,0.8714303418077485,0.9010012573947915,0.8714303418077485,0.13650036391876422,1.1895246692412391e-17,0.8861607142857143,0.597083763611588,0.020533887911498207
Dracarys70B,48,hard,14,0.08521948880869445,0.07760728885204159,0.08521948880869445,0.09123279143028752,1.982541115402065e-18,0.09226190476190477,0.4075161697183115,0.021487270911402716
Dracarys70B,48,medium,21,0.400571372066011,0.466969825655691,0.400571372066011,0.2887941072932715,1.1317005533753456e-17,0.4712301587301588,0.489843546138965,0.01577099728851799
Dracarys70B,48,no_correct,18,0.0,0.005993639046824373,0.0,0.005993639046824373,0.0,0.0,,0.0
GLM5,2,all_correct,50,1.0,1.0,1.0,0.0,0.0,1.0,,0.5
GLM5,2,easy,22,0.9397095959595959,0.9397095959595959,0.9397095959595959,7.065055611250996e-17,4.0371746350005693e-17,0.9242424242424242,0.6604628080585443,0.5085906639989002
GLM5,2,hard,5,0.07265625,0.07265624999999999,0.07265625,8.118505867571457e-17,0.0,0.0625,0.5300555041628121,0.5233333333333324
GLM5,2,medium,18,0.5634886188271604,0.5634886188271605,0.5634886188271604,1.4494578377050655e-16,1.2335811384723961e-17,0.5011574074074074,0.6334397488523629,0.5680993789397444
GLM5,2,no_correct,5,0.0,0.0,0.0,0.0,0.0,0.0,,0.0
GLM5,3,all_correct,50,1.0,1.0,1.0,0.0,0.0,1.0,,0.33333333333333326
GLM5,3,easy,22,0.945972583912037,0.9468102814429489,0.945972583912037,0.01180088518425409,3.532527805625498e-17,0.9242424242424242,0.6604628080585443,0.3413435195473486
GLM5,3,hard,5,0.079931640625,0.09126497307056883,0.079931640625,0.02978283302354649,0.0,0.0625,0.5300555041628121,0.3509259259259254
GLM5,3,medium,18,0.5825562025784464,0.55378989109611,0.5825562025784464,0.07357027924231085,1.2335811384723961e-17,0.5011574074074074,0.6334397488523629,0.39386020902163277
GLM5,3,no_correct,5,0.0,0.007626421216681334,0.0,0.007626421216681334,0.0,0.0,,0.0
GLM5,4,all_correct,50,1.0,1.0,1.0,0.0,0.0,1.0,,0.25
GLM5,4,easy,22,0.950640266324267,0.9467262358504058,0.950640266324267,0.011008302586825698,5.551115123125783e-17,0.9242424242424242,0.6604628080585443,0.25730897141003245
GLM5,4,hard,5,0.0853966606987847,0.09460399788474039,0.0853966606987847,0.03429418711271099,0.0,0.0625,0.5300555041628121,0.26895091869212917
GLM5,4,medium,18,0.5884828188128268,0.5565836706878844,0.5884828188128268,0.10110126757586659,3.0839528461809902e-18,0.5011574074074074,0.6334397488523629,0.29947070506761286
GLM5,4,no_correct,5,0.0,0.008114415496109362,0.0,0.008114415496109362,0.0,0.0,,0.0
GLM5,8,all_correct,50,1.0,0.9959723762240054,1.0,0.004027623775994638,0.0,1.0,,0.125
GLM5,8,easy,22,0.9635119043168268,0.9462859022150617,0.9635119043168268,0.02152818077235964,3.027880976250427e-17,0.9242424242424242,0.6604628080585443,0.13050745356685292
GLM5,8,hard,5,0.09543981207426072,0.1024781220592816,0.09543981207426072,0.04205904383268262,0.0,0.0625,0.5300555041628121,0.1491621967476789
GLM5,8,medium,18,0.5800369488272924,0.563030075129632,0.5800369488272923,0.15851882734483344,9.25185853854297e-18,0.5011574074074074,0.6334397488523629,0.1486626850280559
GLM5,8,no_correct,5,0.0,0.009005212754523262,0.0,0.009005212754523262,0.0,0.0,,0.0
GLM5,16,all_correct,50,1.0,0.9904315143255977,1.0,0.009568485674402272,0.0,1.0,,0.0625
GLM5,16,easy,22,0.9731324636197175,0.9453272672496552,0.9731324636197175,0.03580964440590094,5.0464682937507114e-17,0.9242424242424242,0.6604628080585443,0.06598313059345569
GLM5,16,hard,5,0.0980942938478366,0.1099222348238769,0.0980942938478366,0.05086843930144208,0.0,0.0625,0.5300555041628121,0.07073707502987432
GLM5,16,medium,18,0.5603304275240582,0.5687597938881364,0.5603304275240582,0.22262787220645242,6.1679056923619804e-18,0.5011574074074074,0.6334397488523629,0.07266682452400629
GLM5,16,no_correct,5,0.0,0.00917932432969415,0.0,0.00917932432969415,0.0,0.0,,0.0
GLM5,32,all_correct,50,1.0,0.9834572810607038,1.0,0.016542718939296153,0.0,1.0,,0.03125
GLM5,32,easy,22,0.9790772335730814,0.9435867933570745,0.9790772335730815,0.04494873122881755,3.027880976250427e-17,0.9242424242424242,0.6604628080585443,0.03322437175126285
GLM5,32,hard,5,0.0846987249291511,0.1165063247685804,0.0846987249291511,0.057720224851672074,2.524354896707238e-30,0.0625,0.5300555041628121,0.021390646696133615
GLM5,32,medium,18,0.5559368234058893,0.5730561412801545,0.5559368234058893,0.2883314852904876,1.0793834961633467e-17,0.5011574074074074,0.6334397488523629,0.036745537137690965
GLM5,32,no_correct,5,0.0,0.00792006453837868,0.0,0.00792006453837868,0.0,0.0,,0.0
GLM5,48,all_correct,50,1.0,0.9781878103944899,1.0,0.021812189605510013,0.0,1.0,,0.02083333333333333
GLM5,48,easy,22,0.984088037491262,0.9419196964500839,0.984088037491262,0.04943157231165633,2.0185873175002847e-17,0.9242424242424242,0.6604628080585443,0.022273910268148286
GLM5,48,hard,5,0.06605783767615427,0.11964388704662596,0.06605783767615427,0.05358604937047171,0.0,0.0625,0.5300555041628121,0.008452444543596066
GLM5,48,medium,18,0.5598818913272738,0.5743795376595875,0.5598818913272738,0.33866443014030845,6.264279218805137e-18,0.5011574074074074,0.6334397488523629,0.024879246583656905
GLM5,48,no_correct,5,0.0,0.005993639046824373,0.0,0.005993639046824373,0.0,0.0,,0.0
Gemma3n2B,2,all_correct,33,1.0,1.0,1.0,0.0,0.0,1.0,,0.5
Gemma3n2B,2,easy,26,0.9151976495726496,0.9151976495726496,0.9151976495726496,9.394194823751324e-17,1.708035422500241e-17,0.9038461538461539,0.6118193633045382,0.5066065784042534
Gemma3n2B,2,hard,11,0.10523200757575751,0.10523200757575757,0.10523200757575751,1.3877787807814457e-16,0.0,0.08901515151515152,0.5955940904141985,0.5858676046176038
Gemma3n2B,2,medium,16,0.5309516059027777,0.5309516059027778,0.5309516059027777,7.28583859910259e-17,1.3877787807814457e-17,0.4934895833333333,0.578508860045758,0.5407625315708992
Gemma3n2B,2,no_correct,14,0.0,0.0,0.0,0.0,0.0,0.0,,0.0
Gemma3n2B,3,all_correct,33,1.0,1.0,1.0,0.0,0.0,1.0,,0.3333333333333333
Gemma3n2B,3,easy,26,0.9149180355235043,0.9154211039143502,0.9149180355235043,0.019510509420860203,2.5620531337503614e-17,0.9038461538461539,0.6118193633045382,0.33756789610436283
Gemma3n2B,3,hard,11,0.11411889073021877,0.1296765972592713,0.11411889073021877,0.026699863633305867,0.0,0.08901515151515152,0.5955940904141985,0.43446706649831573
Gemma3n2B,3,medium,16,0.5413586651837384,0.5319100479229361,0.5413586651837384,0.046646057044851,0.0,0.4934895833333333,0.578508860045758,0.36855696001696087
Gemma3n2B,3,no_correct,14,0.0,0.007626421216681334,0.0,0.007626421216681334,0.0,0.0,,0.0
Gemma3n2B,4,all_correct,33,1.0,1.0,1.0,0.0,0.0,1.0,,0.25
Gemma3n2B,4,easy,26,0.9142486195505402,0.9146674938422403,0.9142486195505402,0.024778549023315558,2.9890619893754213e-17,0.9038461538461539,0.6118193633045382,0.2528647275147309
Gemma3n2B,4,hard,11,0.12078019986650344,0.13315145735526113,0.12078019986650344,0.0328090032065006,3.154042683594195e-19,0.08901515151515152,0.5955940904141985,0.35509197999025405
Gemma3n2B,4,medium,16,0.5444275302651487,0.5332834953809747,0.5444275302651487,0.060297227263259076,1.9081958235744878e-17,0.4934895833333333,0.578508860045758,0.2783335863646522
Gemma3n2B,4,no_correct,14,0.0,0.008114415496109362,0.0,0.008114415496109362,0.0,0.0,,0.0
Gemma3n2B,8,all_correct,33,1.0,0.9959723762240053,1.0,0.004027623775994638,0.0,1.0,,0.125
Gemma3n2B,8,easy,26,0.9167753414008518,0.9124715229570307,0.9167753414008518,0.042075884649813045,3.416070845000482e-17,0.9038461538461539,0.6118193633045382,0.12653415836245302
Gemma3n2B,8,hard,11,0.13796326244690593,0.14126477920535338,0.13796326244690593,0.050549286883714364,0.0,0.08901515151515152,0.5955940904141985,0.21207260711752954
Gemma3n2B,8,medium,16,0.5450173891064579,0.5363077219804703,0.5450173891064579,0.0831390271598829,3.469446951953614e-18,0.4934895833333333,0.578508860045758,0.13963866560757537
Gemma3n2B,8,no_correct,14,0.0,0.009005212754523262,0.0,0.009005212754523262,0.0,0.0,,0.0
Gemma3n2B,16,all_correct,33,1.0,0.9904315143255978,1.0,0.009568485674402272,0.0,1.0,,0.0625
Gemma3n2B,16,easy,26,0.9254572920979345,0.9097584200383382,0.9254572920979345,0.06426303423108473,3.202566417187951e-17,0.9038461538461539,0.6118193633045382,0.06375153545389199
Gemma3n2B,16,hard,11,0.1549723377004805,0.14872656861613373,0.1549723377004805,0.06748733538211954,1.4687155762660293e-28,0.08901515151515152,0.5955940904141985,0.11122039513300329
Gemma3n2B,16,medium,16,0.5438572714976829,0.5386152628967228,0.5438572714976829,0.11186668810550558,1.0408340855860843e-17,0.4934895833333333,0.578508860045758,0.06990173541671442
Gemma3n2B,16,no_correct,14,0.0,0.00917932432969415,0.0,0.00917932432969415,0.0,0.0,,0.0
Gemma3n2B,32,all_correct,33,1.0,0.9834572810607037,1.0,0.016542718939296153,0.0,1.0,,0.03125
Gemma3n2B,32,easy,26,0.9333596386872222,0.9060529830966935,0.9333596386872222,0.0835594050910232,3.843079700625542e-17,0.9038461538461539,0.6118193633045382,0.03212750075688641
Gemma3n2B,32,hard,11,0.16277159796222887,0.1563936360989988,0.16277159796222887,0.10038967449878368,0.0,0.08901515151515152,0.5955940904141985,0.05022345639221315
Gemma3n2B,32,medium,16,0.5530125957505428,0.5394894324464888,0.553012595750543,0.17989272451302624,2.0816681711721685e-17,0.4934895833333333,0.578508860045758,0.03567110093649724
Gemma3n2B,32,no_correct,14,0.0,0.00792006453837868,0.0,0.00792006453837868,0.0,0.0,,0.0
Gemma3n2B,48,all_correct,33,1.0,0.97818781039449,1.0,0.021812189605510013,0.0,1.0,,0.020833333333333332
Gemma3n2B,48,easy,26,0.9389883839757135,0.9030617297743737,0.9389883839757135,0.09185713386891003,8.540177112501205e-18,0.9038461538461539,0.6118193633045382,0.021559194937173586
Gemma3n2B,48,hard,11,0.15569583375405352,0.16007009479669654,0.15569583375405352,0.12528611061904757,5.602705292762868e-34,0.08901515151515152,0.5955940904141985,0.029119405777367692
Gemma3n2B,48,medium,16,0.5620383625325268,0.5388109831174056,0.5620383625325268,0.24243711548175945,5.204170427930421e-18,0.4934895833333333,0.578508860045758,0.02424087099285758
Gemma3n2B,48,no_correct,14,0.0,0.005993639046824373,0.0,0.005993639046824373,0.0,0.0,,0.0
Gemma3n4B,2,all_correct,52,1.0,1.0,1.0,0.0,0.0,1.0,,0.5
Gemma3n4B,2,easy,17,0.9278492647058824,0.9278492647058824,0.9278492647058824,7.836868409118753e-17,3.918434204559376e-17,0.9191176470588235,0.546061624938914,0.5050748135476909
Gemma3n4B,2,hard,11,0.07548137626262635,0.07548137626262626,0.07548137626262635,1.3026196283244025e-16,1.261617073437678e-18,0.05871212121212121,0.6795281422344432,0.6705334595959606
Gemma3n4B,2,medium,10,0.48910590277777777,0.48910590277777777,0.48910590277777777,9.71445146547012e-17,1.1102230246251566e-17,0.4604166666666667,0.5585131563756883,0.5171628155794823
Gemma3n4B,2,no_correct,10,0.0,0.0,0.0,0.0,0.0,0.0,,0.0
Gemma3n4B,3,all_correct,52,1.0,1.0,1.0,0.0,0.0,1.0,,0.3333333333333333
Gemma3n4B,3,easy,17,0.9288130616830065,0.9153627631258135,0.9288130616830065,0.028089370173146742,1.3061447348531253e-17,0.9191176470588235,0.546061624938914,0.3371489465614006
Gemma3n4B,3,hard,11,0.084325514257155,0.12454785998205807,0.084325514257155,0.04022234572490308,0.0,0.05871212121212121,0.6795281422344432,0.5208366214225596
Gemma3n4B,3,medium,10,0.49750886140046297,0.4863137752152117,0.49750886140046297,0.08080959393772408,1.1102230246251566e-17,0.4604166666666667,0.5585131563756883,0.34584215170760313
Gemma3n4B,3,no_correct,10,0.0,0.007626421216681334,0.0,0.007626421216681334,0.0,0.0,,0.0
Gemma3n4B,4,all_correct,52,1.0,1.0,1.0,0.0,0.0,1.0,,0.25
Gemma3n4B,4,easy,17,0.9292914363553582,0.9132495497508983,0.9292914363553582,0.029102007103115377,1.959217102279688e-17,0.9191176470588235,0.546061624938914,0.25303814709273803
Gemma3n4B,4,hard,11,0.0906981223092471,0.12959804214409137,0.0906981223092471,0.03996737524718822,0.0,0.05871212121212121,0.6795281422344432,0.4345967370920583
Gemma3n4B,4,medium,10,0.49762620337215474,0.4872420255777163,0.49762620337215474,0.10723315598080237,0.0,0.4604166666666667,0.5585131563756883,0.2572272316405436
Gemma3n4B,4,no_correct,10,0.0,0.008114415496109362,0.0,0.008114415496109362,0.0,0.0,,0.0
Gemma3n4B,8,all_correct,52,1.0,0.9959723762240054,1.0,0.004027623775994638,0.0,1.0,,0.125
Gemma3n4B,8,easy,17,0.9338178855513095,0.9079399986852772,0.9338178855513095,0.039227951267777596,3.2653618371328135e-17,0.9191176470588235,0.546061624938914,0.12720894151932638
Gemma3n4B,8,hard,11,0.10584074820444914,0.14148106996126775,0.10584074820444914,0.05126656473792803,0.0,0.05871212121212121,0.6795281422344432,0.2740991254257772
Gemma3n4B,8,medium,10,0.48060702175753167,0.4891935850174791,0.48060702175753167,0.16078530520977136,2.7755575615628915e-18,0.4604166666666667,0.5585131563756883,0.12136766129830867
Gemma3n4B,8,no_correct,10,0.0,0.009005212754523262,0.0,0.009005212754523262,0.0,0.0,,0.0
Gemma3n4B,16,all_correct,52,1.0,0.9904315143255977,1.0,0.009568485674402272,0.0,1.0,,0.0625
Gemma3n4B,16,easy,17,0.9462377677840581,0.9020823938618819,0.9462377677840581,0.053495734753512623,3.918434204559376e-17,0.9191176470588235,0.546061624938914,0.06451132752663426
Gemma3n4B,16,hard,11,0.11188509952630356,0.15264741209520116,0.11188509952630356,0.07896169125378451,1.261617073437678e-18,0.05871212121212121,0.6795281422344432,0.15059921027671558
Gemma3n4B,16,medium,10,0.458999773699132,0.4904284587739987,0.4589997736991321,0.20264946123543467,2.2204460492503132e-17,0.4604166666666667,0.5585131563756883,0.055969655601042625
Gemma3n4B,16,no_correct,10,0.0,0.00917932432969415,0.0,0.00917932432969415,0.0,0.0,,0.0
Gemma3n4B,32,all_correct,52,1.0,0.9834572810607038,1.0,0.016542718939296153,0.0,1.0,,0.03125
Gemma3n4B,32,easy,17,0.9644602848595314,0.8950884473913511,0.9644602848595314,0.0714272030483889,5.224578939412501e-17,0.9191176470588235,0.546061624938914,0.032920598825853103
Gemma3n4B,32,hard,11,0.10034039214674988,0.1623803828626481,0.10034039214674988,0.12330778216870715,1.9712766772463718e-20,0.05871212121212121,0.6795281422344432,0.06370722886857877
Gemma3n4B,32,medium,10,0.4444000721775657,0.490229961164032,0.4444000721775657,0.23792551973558435,1.1102230246251566e-17,0.4604166666666667,0.5585131563756883,0.025946491422865127
Gemma3n4B,32,no_correct,10,0.0,0.00792006453837868,0.0,0.00792006453837868,0.0,0.0,,0.0
Gemma3n4B,48,all_correct,52,1.0,0.97818781039449,1.0,0.021812189605510013,0.0,1.0,,0.020833333333333332
Gemma3n4B,48,easy,17,0.9762739389621428,0.8899234080371407,0.9762739389621428,0.08635053092500243,3.2653618371328135e-17,0.9191176470588235,0.546061624938914,0.022231724329208377
Gemma3n4B,48,hard,11,0.08946075000323944,0.1668840000472511,0.08946075000323944,0.1646183991525176,0.0,0.05871212121212121,0.6795281422344432,0.034685723410963175
Gemma3n4B,48,medium,10,0.44800545628829036,0.48892404177075,0.4480054562882903,0.25747912666462536,2.2551405187698492e-17,0.4604166666666667,0.5585131563756883,0.017178977561650037
Gemma3n4B,48,no_correct,10,0.0,0.005993639046824373,0.0,0.005993639046824373,0.0,0.0,,0.0
KimiK2,2,all_correct,55,1.0,1.0,1.0,0.0,0.0,1.0,,0.5
KimiK2,2,easy,12,0.9455656828703703,0.9455656828703703,0.9455656828703703,6.47630097698008e-17,5.551115123125783e-17,0.939236111111111,0.6415189669843925,0.5034323718665473
KimiK2,2,hard,11,0.03365688131313132,0.03365688131313131,0.03365688131313132,4.7961161557404225e-17,0.0,0.05113636363636364,0.3886033536819846,0.3989898989898991
KimiK2,2,medium,13,0.49368990384615385,0.49368990384615385,0.49368990384615385,1.4945309946877108e-16,8.540177112501205e-18,0.4855769230769231,0.5198236190663542,0.5022415591801052
KimiK2,2,no_correct,9,0.0,0.0,0.0,0.0,0.0,0.0,,0.0
KimiK2,3,all_correct,55,1.0,1.0,1.0,0.0,0.0,1.0,,0.3333333333333333
KimiK2,3,easy,12,0.9479581102912809,0.9454762765342246,0.9479581102912809,0.009979243039959321,2.7755575615628914e-17,0.939236111111111,0.6415189669843925,0.33648987367428007
KimiK2,3,hard,11,0.030226582228535373,0.042669647350435505,0.030226582228535373,0.022756809235529443,6.30808536718839e-19,0.05113636363636364,0.3886033536819846,0.2649849186307521
KimiK2,3,medium,13,0.49783612112713677,0.5010777329471523,0.49783612112713677,0.05304730455355606,0.0,0.4855769230769231,0.5198236190663542,0.3357031659294387
KimiK2,3,no_correct,9,0.0,0.007626421216681334,0.0,0.007626421216681334,0.0,0.0,,0.0
KimiK2,4,all_correct,55,1.0,1.0,1.0,0.0,0.0,1.0,,0.25
KimiK2,4,easy,12,0.948623767114961,0.9440319622058005,0.9486237671149612,0.0122191840599368,5.551115123125783e-17,0.939236111111111,0.6415189669843925,0.2525583225050264
KimiK2,4,hard,11,0.03024899946184941,0.043523627412924135,0.03024899946184941,0.020585218656760936,0.0,0.05113636363636364,0.3886033536819846,0.21174486290860003
KimiK2,4,medium,13,0.501665381624488,0.5009331107450815,0.501665381624488,0.06653731520561856,8.540177112501205e-18,0.4855769230769231,0.5198236190663542,0.25335995586171
KimiK2,4,no_correct,9,0.0,0.008114415496109362,0.0,0.008114415496109362,0.0,0.0,,0.0
KimiK2,8,all_correct,55,1.0,0.9959723762240054,1.0,0.004027623775994638,0.0,1.0,,0.125
KimiK2,8,easy,12,0.9465719315332831,0.9404332568605227,0.9465719315332831,0.024376346794496396,3.700743415417188e-17,0.939236111111111,0.6415189669843925,0.12600089296432632
KimiK2,8,hard,11,0.03624966499522311,0.0475957325565354,0.03624966499522311,0.014313315910920834,0.0,0.05113636363636364,0.3886033536819846,0.14708379024531823
KimiK2,8,medium,13,0.515880995676985,0.5002996686694642,0.515880995676985,0.10056263539605427,0.0,0.4855769230769231,0.5198236190663542,0.13128329037049738
KimiK2,8,no_correct,9,0.0,0.009005212754523262,0.0,0.009005212754523262,0.0,0.0,,0.0
KimiK2,16,all_correct,55,1.0,0.9904315143255977,1.0,0.009568485674402272,0.0,1.0,,0.0625
KimiK2,16,easy,12,0.9344696656024188,0.9365359324805603,0.9344696656024188,0.042398343318495846,2.7755575615628914e-17,0.939236111111111,0.6415189669843925,0.0621129196938781
KimiK2,16,hard,11,0.04916781334246761,0.05223423086461094,0.04916781334246761,0.015378561118730654,1.468716276604191e-28,0.05113636363636364,0.3886033536819846,0.11241564108714944
KimiK2,16,medium,13,0.5421550812371727,0.49894954091060373,0.5421550812371727,0.12537080393416616,1.921539850312771e-17,0.4855769230769231,0.5198236190663542,0.0703375222812179
KimiK2,16,no_correct,9,0.0,0.00917932432969415,0.0,0.00917932432969415,0.0,0.0,,0.0
KimiK2,32,all_correct,55,1.0,0.9834572810607038,1.0,0.016542718939296153,0.0,1.0,,0.03125
KimiK2,32,easy,12,0.907052009647488,0.9320413700312286,0.9070520096474882,0.07667593622037717,9.25185853854297e-18,0.939236111111111,0.6415189669843925,0.030044572969237376
KimiK2,32,hard,11,0.06832015901678054,0.05718439055204834,0.06832015901678054,0.030257959916999658,0.0,0.05113636363636364,0.3886033536819846,0.08465917129070812
KimiK2,32,medium,13,0.5746665090662952,0.496166041785257,0.5746665090662952,0.1834559280694781,2.135044278125301e-18,0.4855769230769231,0.5198236190663542,0.03784998384442318
KimiK2,32,no_correct,9,0.0,0.00792006453837868,0.0,0.00792006453837868,0.0,0.0,,0.0
KimiK2,48,all_correct,55,1.0,0.97818781039449,1.0,0.02181218960551001,0.0,1.0,,0.020833333333333332
KimiK2,48,easy,12,0.8869195308125466,0.9289164671516498,0.8869195308125466,0.10524645087240365,1.3877787807814457e-17,0.939236111111111,0.6415189669843925,0.019534972520495415
KimiK2,48,hard,11,0.07922495438406467,0.0597306893271969,0.07922495438406467,0.045316151535596455,0.0,0.05113636363636364,0.3886033536819846,0.0685209205527984
KimiK2,48,medium,13,0.5989953298468567,0.49334799344117014,0.5989953298468567,0.21942195385231159,0.0,0.4855769230769231,0.5198236190663542,0.026523413881850363
KimiK2,48,no_correct,9,0.0,0.005993639046824373,0.0,0.005993639046824373,0.0,0.0,,0.0
Maverick17B,2,all_correct,65,1.0,1.0,1.0,0.0,0.0,1.0,,0.5
Maverick17B,2,easy,12,0.9184751157407408,0.9184751157407408,0.9184751157407408,8.326672684688674e-17,4.625929269271486e-17,0.90625,0.5752438496244772,0.5071276679666289
Maverick17B,2,hard,9,0.09389467592592593,0.09389467592592593,0.09389467592592593,6.196817750294927e-17,0.0,0.08101851851851852,0.5264800482491553,0.519116512345679
Maverick17B,2,medium,6,0.5061487268518517,0.5061487268518519,0.5061487268518517,1.2027416100105862e-16,9.25185853854297e-18,0.4479166666666667,0.6306965462151223,0.5811916977213809
Maverick17B,2,no_correct,8,0.0,0.0,0.0,0.0,0.0,0.0,,0.0
Maverick17B,3,all_correct,65,1.0,1.0,1.0,0.0,0.0,1.0,,0.3333333333333333
Maverick17B,3,easy,12,0.917281539351852,0.9111968316243901,0.917281539351852,0.0210418020731321,1.850371707708594e-17,0.90625,0.5752438496244772,0.33771812373920934
Maverick17B,3,hard,9,0.10060301729681072,0.1200068666700283,0.10060301729681072,0.034325437073417425,0.0,0.08101851851851852,0.5264800482491553,0.3657527970679014
Maverick17B,3,medium,6,0.5233696831597221,0.5042777460809637,0.5233696831597221,0.053986162678803434,9.25185853854297e-18,0.4479166666666667,0.6306965462151223,0.4076519812919901
Maverick17B,3,no_correct,8,0.0,0.007626421216681334,0.0,0.007626421216681334,0.0,0.0,,0.0
Maverick17B,4,all_correct,65,1.0,1.0,1.0,0.0,0.0,1.0,,0.25
Maverick17B,4,easy,12,0.913606839906041,0.9107339116119902,0.913606839906041,0.03059481733101675,1.850371707708594e-17,0.90625,0.5752438496244772,0.2522933829381101
Maverick17B,4,hard,9,0.1049621958791474,0.1235030360399071,0.1049621958791474,0.04779980697025205,0.0,0.08101851851851852,0.5264800482491553,0.2826269372173462
Maverick17B,4,medium,6,0.5327872131096482,0.5071259704237273,0.5327872131096482,0.07758515417996607,0.0,0.4479166666666667,0.6306965462151223,0.31488711772080463
Maverick17B,4,no_correct,8,0.0,0.008114415496109362,0.0,0.008114415496109362,0.0,0.0,,0.0
Maverick17B,8,all_correct,65,1.0,0.9959723762240054,1.0,0.004027623775994638,0.0,1.0,,0.125
Maverick17B,8,easy,12,0.8995431961047536,0.9076892253346842,0.8995431961047536,0.05636148077668008,2.7755575615628914e-17,0.90625,0.5752438496244772,0.12418816426943381
Maverick17B,8,hard,9,0.11199899693897401,0.1317051233457058,0.11199899693897401,0.09032448480627658,0.0,0.08101851851851852,0.5264800482491553,0.13917877427672118
Maverick17B,8,medium,6,0.5566332275029503,0.5137035551831183,0.5566332275029503,0.13513736972090584,9.25185853854297e-18,0.4479166666666667,0.6306965462151223,0.16861712540681847
Maverick17B,8,no_correct,8,0.0,0.009005212754523262,0.0,0.009005212754523262,0.0,0.0,,0.0
Maverick17B,16,all_correct,65,1.0,0.9904315143255976,1.0,0.009568485674402272,0.0,1.0,,0.0625
Maverick17B,16,easy,12,0.886539659236622,0.9030049444127265,0.886539659236622,0.08474688303483517,2.0816681711721685e-17,0.90625,0.5752438496244772,0.06115493083583562
Maverick17B,16,hard,9,0.10853991597603171,0.1393497884534266,0.10853991597603171,0.1377522257234908,2.73976909102587e-33,0.08101851851851852,0.5264800482491553,0.05929130822332719
Maverick17B,16,medium,6,0.583089259147599,0.5195644542592661,0.583089259147599,0.174824078570381,9.25185853854297e-18,0.4479166666666667,0.6306965462151223,0.0900446500759365
Maverick17B,16,no_correct,8,0.0,0.00917932432969415,0.0,0.00917932432969415,0.0,0.0,,0.0
Maverick17B,32,all_correct,65,1.0,0.9834572810607038,1.0,0.016542718939296153,0.0,1.0,,0.03125
Maverick17B,32,easy,12,0.8841718863607185,0.8974118292521506,0.8841718863607185,0.10492002696650182,3.700743415417188e-17,0.90625,0.5752438496244772,0.030486378602439104
Maverick17B,32,hard,9,0.10569711986920484,0.14587960916499132,0.10569711986920484,0.16657907557924162,9.637352644315594e-20,0.08101851851851852,0.5264800482491553,0.02670978562652015
Maverick17B,32,medium,6,0.6364828559681974,0.5239919819689277,0.6364828559681974,0.21004384554161704,0.0,0.4479166666666667,0.6306965462151223,0.04924652577238703
Maverick17B,32,no_correct,8,0.0,0.00792006453837868,0.0,0.00792006453837868,0.0,0.0,,0.0
Maverick17B,48,all_correct,65,1.0,0.97818781039449,1.0,0.021812189605510013,0.0,1.0,,0.020833333333333332
Maverick17B,48,easy,12,0.8899095053149758,0.8934460132756005,0.8899095053149758,0.10820232224253033,1.850371707708594e-17,0.90625,0.5752438496244772,0.020466704613738174
Maverick17B,48,hard,9,0.10806258565901697,0.14877390495715778,0.10806258565901697,0.17277101113368898,0.0,0.08101851851851852,0.5264800482491553,0.018032916412751454
Maverick17B,48,medium,6,0.6902508184493743,0.5253921139150147,0.6902508184493743,0.24704737612350033,0.0,0.4479166666666667,0.6306965462151223,0.035338784858948445
Maverick17B,48,no_correct,8,0.0,0.005993639046824373,0.0,0.005993639046824373,0.0,0.0,,0.0
MiniMax,2,all_correct,46,1.0,1.0,1.0,0.0,0.0,1.0,,0.5
MiniMax,2,easy,14,0.937717013888889,0.937717013888889,0.937717013888889,8.723180907769087e-17,2.3790493384824782e-17,0.9241071428571429,0.5994265164233976,0.5080220379653477
MiniMax,2,hard,11,0.06080334595959591,0.06080334595959595,0.06080334595959591,7.603214144139255e-17,6.30808536718839e-19,0.0625,0.45486573231112165,0.4556861225895316
MiniMax,2,medium,12,0.4743561921296296,0.4743561921296296,0.4743561921296296,1.6190752442450199e-16,0.0,0.4739583333333333,0.497969596277938,0.4935791733328276
MiniMax,2,no_correct,17,0.0,0.0,0.0,0.0,0.0,0.0,,0.0
MiniMax,3,all_correct,46,1.0,1.0,1.0,0.0,0.0,1.0,,0.3333333333333333
MiniMax,3,easy,14,0.9383196149553571,0.9201275494514505,0.9383196149553571,0.023852352635443514,7.93016446160826e-18,0.9241071428571429,0.5994265164233976,0.33910591134207696
MiniMax,3,hard,11,0.05929164693813128,0.07357008554414209,0.05929164693813128,0.027490024284336865,0.0,0.0625,0.45486573231112165,0.27269080482858876
MiniMax,3,medium,12,0.4696790907118056,0.48676158721939267,0.4696790907118056,0.042063783483640683,3.469446951953614e-18,0.4739583333333333,0.497969596277938,0.3249512751790085
MiniMax,3,no_correct,17,0.0,0.007626421216681334,0.0,0.007626421216681334,0.0,0.0,,0.0
MiniMax,4,all_correct,46,1.0,1.0,1.0,0.0,0.0,1.0,,0.25
MiniMax,4,easy,14,0.9358527908459752,0.9186860033727273,0.9358527908459752,0.023495259580503334,3.9650822308041306e-17,0.9241071428571429,0.5994265164233976,0.253747825446052
MiniMax,4,hard,11,0.05649315762332525,0.07499542975742589,0.05649315762332525,0.029476175146529948,0.0,0.0625,0.45486573231112165,0.17818647325677464
MiniMax,4,medium,12,0.4623444953573093,0.486072214489194,0.4623444953573093,0.05918870574695118,0.0,0.4739583333333333,0.497969596277938,0.23966384419281073
MiniMax,4,no_correct,17,0.0,0.008114415496109362,0.0,0.008114415496109362,0.0,0.0,,0.0
MiniMax,8,all_correct,46,1.0,0.9959723762240053,1.0,0.004027623775994638,0.0,1.0,,0.125
MiniMax,8,easy,14,0.9207938474926392,0.914974275368822,0.9207938474926392,0.03723969792500299,3.172065784643304e-17,0.9241071428571429,0.5994265164233976,0.12489371681924187
MiniMax,8,hard,11,0.04348836169222927,0.07920121765984468,0.04348836169222927,0.03697773204439069,0.0,0.0625,0.45486573231112165,0.05022519048826466
MiniMax,8,medium,12,0.4286840844062531,0.4841262391386933,0.4286840844062531,0.11710078725596866,2.0816681711721685e-17,0.4739583333333333,0.497969596277938,0.11044890229536895
MiniMax,8,no_correct,17,0.0,0.009005212754523262,0.0,0.009005212754523262,0.0,0.0,,0.0
MiniMax,16,all_correct,46,1.0,0.9904315143255978,1.0,0.009568485674402272,0.0,1.0,,0.0625
MiniMax,16,easy,14,0.8910788252473398,0.9093045295966325,0.8910788252473398,0.06463164253842493,1.586032892321652e-17,0.9241071428571429,0.5994265164233976,0.06042692799229853
MiniMax,16,hard,11,0.023883176672449682,0.08319881076853146,0.023883176672449682,0.059345100213830486,1.577033373515098e-19,0.0625,0.45486573231112165,0.009886145804910153
MiniMax,16,medium,12,0.37903003660303575,0.48146357810494944,0.37903003660303575,0.20121300684601243,1.0408340855860843e-17,0.4739583333333333,0.497969596277938,0.04866621025176265
MiniMax,16,no_correct,17,0.0,0.00917932432969415,0.0,0.00917932432969415,0.0,0.0,,0.0
MiniMax,32,all_correct,46,1.0,0.9834572810607038,1.0,0.016542718939296153,0.0,1.0,,0.03125
MiniMax,32,easy,14,0.8481871562631185,0.9027133308031302,0.8481871562631185,0.10702052889612837,1.586032892321652e-17,0.9241071428571429,0.5994265164233976,0.02874019015929202
MiniMax,32,hard,11,0.006141672254672587,0.0864145649500438,0.006141672254672587,0.080272905270669,0.0,0.0625,0.45486573231112165,0.001082859411616644
MiniMax,32,medium,12,0.323537518354041,0.47736754570471923,0.323537518354041,0.2997573989589888,1.0408340855860843e-17,0.4739583333333333,0.497969596277938,0.02126790984277384
MiniMax,32,no_correct,17,0.0,0.00792006453837868,0.0,0.00792006453837868,0.0,0.0,,0.0
MiniMax,48,all_correct,46,1.0,0.97818781039449,1.0,0.021812189605510013,0.0,1.0,,0.020833333333333332
MiniMax,48,easy,14,0.8239454557442883,0.8980928515587959,0.8239454557442883,0.13993239783588632,1.9825411154020653e-17,0.9241071428571429,0.5994265164233976,0.018601584818179816
MiniMax,48,hard,11,0.0014879465407739453,0.08764667561141924,0.0014879465407739453,0.08615872907530554,0.0,0.0625,0.45486573231112165,0.00017296037234817077
MiniMax,48,medium,12,0.29468681876859604,0.4737817146138769,0.29468681876859604,0.35348481524969794,0.0,0.4739583333333333,0.497969596277938,0.013232742306109484
MiniMax,48,no_correct,17,0.0,0.005993639046824373,0.0,0.005993639046824373,0.0,0.0,,0.0
Ministral14B,2,all_correct,42,1.0,1.0,1.0,0.0,0.0,1.0,,0.5
Ministral14B,2,easy,22,0.938348327020202,0.9383483270202021,0.938348327020202,8.57899609937621e-17,3.532527805625498e-17,0.925189393939394,0.6188827485345769,0.5073864954190056
Ministral14B,2,hard,8,0.050401475694444434,0.05040147569444444,0.050401475694444434,5.724587470723463e-17,0.0,0.049479166666666664,0.46570912155006744,0.46506076388888856
Ministral14B,2,medium,8,0.5384657118055555,0.5384657118055556,0.5384657118055555,1.8735013540549517e-16,0.0,0.5078125,0.5737563783404777,0.5410416257727837
Ministral14B,2,no_correct,20,0.0,0.0,0.0,0.0,0.0,0.0,,0.0
Ministral14B,3,all_correct,42,1.0,1.0,1.0,0.0,0.0,1.0,,0.3333333333333333
Ministral14B,3,easy,22,0.9376006977325336,0.9333741455987584,0.9376006977325336,0.02158477406739159,3.532527805625498e-17,0.925189393939394,0.6188827485345769,0.33806576287040235
Ministral14B,3,hard,8,0.05110790111400462,0.07726628938024868,0.05110790111400462,0.02820419628129036,0.0,0.049479166666666664,0.46570912155006744,0.3088288483796292
Ministral14B,3,medium,8,0.5560201009114583,0.54634447987437,0.5560201009114583,0.028761936963726656,0.0,0.5078125,0.5737563783404777,0.3766037827891572
Ministral14B,3,no_correct,20,0.0,0.007626421216681334,0.0,0.007626421216681334,0.0,0.0,,0.0
Ministral14B,4,all_correct,42,1.0,1.0,1.0,0.0,0.0,1.0,,0.25
Ministral14B,4,easy,22,0.9350217654381269,0.9323262300844263,0.9350217654381269,0.02614074325357475,5.0464682937507114e-17,0.925189393939394,0.6188827485345769,0.2528726003145635
Ministral14B,4,hard,8,0.0514312791235653,0.08029634220138007,0.0514312791235653,0.029478475817132865,0.0,0.049479166666666664,0.46570912155006744,0.2322091467586562
Ministral14B,4,medium,8,0.5711825570942443,0.5475594973145493,0.5711825570942443,0.04141118248969673,0.0,0.5078125,0.5737563783404777,0.293097801541771
Ministral14B,4,no_correct,20,0.0,0.008114415496109362,0.0,0.008114415496109362,0.0,0.0,,0.0
Ministral14B,8,all_correct,42,1.0,0.9959723762240054,1.0,0.004027623775994638,0.0,1.0,,0.125
Ministral14B,8,easy,22,0.9272621306736023,0.929620005669953,0.9272621306736023,0.033915905856073944,2.5232341468753557e-17,0.925189393939394,0.6188827485345769,0.12539659959677651
Ministral14B,8,hard,8,0.05111954617135279,0.08741889815881934,0.05111954617135279,0.03630534469748892,0.0,0.049479166666666664,0.46570912155006744,0.11101034252282957
Ministral14B,8,medium,8,0.6127575281393751,0.5502019993273884,0.6127575281393751,0.09327686999757108,1.3877787807814457e-17,0.5078125,0.5737563783404777,0.1621880135974161
Ministral14B,8,no_correct,20,0.0,0.009005212754523262,0.0,0.009005212754523262,0.0,0.0,,0.0
Ministral14B,16,all_correct,42,1.0,0.9904315143255977,1.0,0.009568485674402272,0.0,1.0,,0.0625
Ministral14B,16,easy,22,0.9235277319539612,0.9264577085479613,0.9235277319539612,0.051186341350058596,4.0371746350005693e-17,0.925189393939394,0.6188827485345769,0.062458662375907976
Ministral14B,16,hard,8,0.04195945976023887,0.09409352556423176,0.04195945976023887,0.052134066280277086,0.0,0.049479166666666664,0.46570912155006744,0.040543069137484435
Ministral14B,16,medium,8,0.6613431624261533,0.5521278156569843,0.6613431624261533,0.15514746851824954,1.3877787807814457e-17,0.5078125,0.5737563783404777,0.09005539463575837
Ministral14B,16,no_correct,20,0.0,0.00917932432969415,0.0,0.00917932432969415,0.0,0.0,,0.0
Ministral14B,32,all_correct,42,1.0,0.9834572810607037,1.0,0.016542718939296153,0.0,1.0,,0.03125
Ministral14B,32,easy,22,0.9164731866235123,0.9218165151397512,0.9164731866235122,0.08757538089459063,3.532527805625498e-17,0.925189393939394,0.6188827485345769,0.030988508346247202
Ministral14B,32,hard,8,0.01959233619560185,0.09987229586559013,0.01959233619560185,0.08027995966998827,9.62964972193618e-35,0.049479166666666664,0.46570912155006744,0.00808702131999978
Ministral14B,32,medium,8,0.7261209910134033,0.5526202606200938,0.7261209910134033,0.2548074570586155,5.551115123125783e-17,0.5078125,0.5737563783404777,0.05014923588542213
Ministral14B,32,no_correct,20,0.0,0.00792006453837868,0.0,0.00792006453837868,0.0,0.0,,0.0
Ministral14B,48,all_correct,42,1.0,0.97818781039449,1.0,0.021812189605510013,0.0,1.0,,0.020833333333333332
Ministral14B,48,easy,22,0.9056353356983778,0.9181725793505425,0.9056353356983778,0.10936291467661897,1.5139404881252134e-17,0.925189393939394,0.6188827485345769,0.020405172334358027
Ministral14B,48,hard,8,0.008065463777875745,0.10250903120781045,0.008065463777875745,0.0944435674299347,0.0,0.049479166666666664,0.46570912155006744,0.0020859619951748257
Ministral14B,48,medium,8,0.7718201342332965,0.5517185167222132,0.7718201342332965,0.3180642724503557,2.7755575615628914e-17,0.5078125,0.5737563783404777,0.03569801771694934
Ministral14B,48,no_correct,20,0.0,0.005993639046824373,0.0,0.005993639046824373,0.0,0.0,,0.0
MistralLarge675B,2,all_correct,56,1.0,1.0,1.0,0.0,0.0,1.0,,0.5
MistralLarge675B,2,easy,14,0.958767361111111,0.958767361111111,0.958767361111111,4.7580986769649563e-17,2.3790493384824782e-17,0.943452380952381,0.6367087466545318,0.5083782477883186
MistralLarge675B,2,hard,5,0.023871527777777766,0.02387152777777778,0.023871527777777766,3.538835890992686e-17,0.0,0.05416666666666666,0.25148117945211873,0.2685515873015868
MistralLarge675B,2,medium,6,0.35980902777777785,0.35980902777777785,0.35980902777777785,1.8503717077085943e-16,9.25185853854297e-18,0.34722222222222227,0.5252346255991589,0.512984547332135
MistralLarge675B,2,no_correct,19,0.0,0.0,0.0,0.0,0.0,0.0,,0.0
MistralLarge675B,3,all_correct,56,1.0,1.0,1.0,0.0,0.0,1.0,,0.3333333333333333
MistralLarge675B,3,easy,14,0.9617190083498677,0.952820284162349,0.9617190083498677,0.013530601348284337,3.9650822308041306e-17,0.943452380952381,0.6367087466545318,0.3400413886243826
MistralLarge675B,3,hard,5,0.012783926504629622,0.012838903888978037,0.012783926504629622,0.016808449606570658,0.0,0.05416666666666666,0.25148117945211873,0.11357060185185161
MistralLarge675B,3,medium,6,0.3771399980709876,0.3710951535447007,0.3771399980709876,0.06436921876035957,9.25185853854297e-18,0.34722222222222227,0.5252346255991589,0.35637841348162064
MistralLarge675B,3,no_correct,19,0.0,0.007626421216681334,0.0,0.007626421216681334,0.0,0.0,,0.0
MistralLarge675B,4,all_correct,56,1.0,1.0,1.0,0.0,0.0,1.0,,0.25
MistralLarge675B,4,easy,14,0.962898240938809,0.9517427651781757,0.962898240938809,0.01732800870592158,3.9650822308041306e-17,0.943452380952381,0.6367087466545318,0.255374154947114
MistralLarge675B,4,hard,5,0.007813818660783173,0.013428088406643002,0.007813818660783173,0.014262423922171568,0.0,0.05416666666666666,0.25148117945211873,0.058376111765597316
MistralLarge675B,4,medium,6,0.3910343499831212,0.3714204011822351,0.3910343499831212,0.09790594515745617,0.0,0.34722222222222227,0.5252346255991589,0.2757017590323024
MistralLarge675B,4,no_correct,19,0.0,0.008114415496109362,0.0,0.008114415496109362,0.0,0.0,,0.0
MistralLarge675B,8,all_correct,56,1.0,0.9959723762240055,1.0,0.004027623775994638,0.0,1.0,,0.125
MistralLarge675B,8,easy,14,0.9633197637460885,0.9473209783099772,0.9633197637460885,0.030927982496248112,3.9650822308041306e-17,0.943452380952381,0.6367087466545318,0.1277557768622856
MistralLarge675B,8,hard,5,0.001415352595798559,0.014790684596291737,0.001415352595798559,0.014467959955756815,2.7105054312137612e-21,0.05416666666666666,0.25148117945211873,0.00628760304896901
MistralLarge675B,8,medium,6,0.4222220744921832,0.3719190732900873,0.42222207449218324,0.1660220914182999,4.625929269271485e-18,0.34722222222222227,0.5252346255991589,0.14723191724438114
MistralLarge675B,8,no_correct,19,0.0,0.009005212754523262,0.0,0.009005212754523262,0.0,0.0,,0.0
MistralLarge675B,16,all_correct,56,1.0,0.9904315143255976,1.0,0.009568485674402272,0.0,1.0,,0.0625
MistralLarge675B,16,easy,14,0.960803121811922,0.942399264305916,0.9608031218119218,0.04848868363113328,3.172065784643304e-17,0.943452380952381,0.6367087466545318,0.06370329477526374
MistralLarge675B,16,hard,5,3.619336673174407e-05,0.016009943649291848,3.619336673174407e-05,0.015991979637522878,1.5407439555097888e-34,0.05416666666666666,0.25148117945211873,9.034639630760452e-05
MistralLarge675B,16,medium,6,0.4517894370501709,0.3717010597146963,0.4517894370501709,0.19602462368243945,1.850371707708594e-17,0.34722222222222227,0.5252346255991589,0.07881671135811137
MistralLarge675B,16,no_correct,19,0.0,0.00917932432969415,0.0,0.00917932432969415,0.0,0.0,,0.0
MistralLarge675B,32,all_correct,56,1.0,0.9834572810607038,1.0,0.016542718939296153,0.0,1.0,,0.03125
MistralLarge675B,32,easy,14,0.9540528268745355,0.9359290799027383,0.9540528268745355,0.06933052541871092,7.93016446160826e-18,0.943452380952381,0.6367087466545318,0.03161415020931887
MistralLarge675B,32,hard,5,1.481600534413578e-08,0.016942528428994685,1.481600534413578e-08,0.01694251644287711,1.2037062152420225e-36,0.05416666666666666,0.25148117945211873,2.0809063947222e-08
MistralLarge675B,32,medium,6,0.5048284615000279,0.37004967477281897,0.5048284615000279,0.2671968877050628,4.517509052022935e-21,0.34722222222222227,0.5252346255991589,0.044745787397955726
MistralLarge675B,32,no_correct,19,0.0,0.00792006453837868,0.0,0.00792006453837868,0.0,0.0,,0.0
MistralLarge675B,48,all_correct,56,1.0,0.97818781039449,1.0,0.021812189605510013,0.0,1.0,,0.020833333333333332
MistralLarge675B,48,easy,14,0.9482082262352796,0.9314585416403433,0.9482082262352796,0.08282170291022707,1.1895246692412391e-17,0.943452380952381,0.6367087466545318,0.020939221824672217
MistralLarge675B,48,hard,5,5.267769639084619e-12,0.01725009440687042,5.267769639084619e-12,0.017250094401941852,0.0,0.05416666666666666,0.25148117945211873,5.154702520219846e-12
MistralLarge675B,48,medium,6,0.5489065101345155,0.36789387077259633,0.5489065101345155,0.3263509694192758,0.0,0.34722222222222227,0.5252346255991589,0.03286002133674357
MistralLarge675B,48,no_correct,19,0.0,0.005993639046824373,0.0,0.005993639046824373,0.0,0.0,,0.0
MistralNemotron,2,all_correct,49,1.0,1.0,1.0,0.0,0.0,1.0,,0.5
MistralNemotron,2,easy,21,0.9375,0.9375,0.9375,5.2867763077388404e-17,1.586032892321652e-17,0.9404761904761905,0.3758772980837801,0.4987774303589124
MistralNemotron,2,hard,9,0.021508487654320993,0.02150848765432099,0.021508487654320993,8.480870326997724e-18,0.0,0.10185185185185185,0.12127446406354675,0.16833204732510304
MistralNemotron,2,medium,6,0.3763020833333333,0.3763020833333333,0.3763020833333334,1.133352670971514e-16,1.850371707708594e-17,0.4791666666666667,0.2567772573450537,0.3512432990437555
MistralNemotron,2,no_correct,15,0.0,0.0,0.0,0.0,0.0,0.0,,0.0
MistralNemotron,3,all_correct,49,1.0,1.0,1.0,0.0,0.0,1.0,,0.3333333333333333
MistralNemotron,3,easy,21,0.9244869171626985,0.8737909040926284,0.9244869171626985,0.05986729508495655,1.586032892321652e-17,0.9404761904761905,0.3758772980837801,0.3279051507020061
MistralNemotron,3,hard,9,0.010069042566872433,0.01727153641305915,0.010069042566872433,0.013739032555034452,0.0,0.10185185185185185,0.12127446406354675,0.11563544881687252
MistralNemotron,3,medium,6,0.3310004340277778,0.38444363487943534,0.33100043402777785,0.058093316021373,2.3129646346357427e-18,0.4791666666666667,0.2567772573450537,0.19637845958945524
MistralNemotron,3,no_correct,15,0.0,0.007626421216681334,0.0,0.007626421216681334,0.0,0.0,,0.0
MistralNemotron,4,all_correct,49,1.0,1.0,1.0,0.0,0.0,1.0,,0.25
MistralNemotron,4,easy,21,0.9104368825438162,0.8676620538973403,0.9104368825438162,0.05753758787912831,2.114710523095536e-17,0.9404761904761905,0.3758772980837801,0.24215047425195443
MistralNemotron,4,hard,9,0.009652136448152451,0.018775145741491042,0.009652136448152451,0.010479471685635402,6.028345249955345e-20,0.10185185185185185,0.12127446406354675,0.10869909355397325
MistralNemotron,4,medium,6,0.3055904058762539,0.3774256092832529,0.30559040587625386,0.07763532306676994,2.312964634635743e-17,0.4791666666666667,0.2567772573450537,0.13302264999667554
MistralNemotron,4,no_correct,15,0.0,0.008114415496109362,0.0,0.008114415496109362,0.0,0.0,,0.0
MistralNemotron,8,all_correct,49,1.0,0.9959723762240054,1.0,0.004027623775994638,0.0,1.0,,0.125
MistralNemotron,8,easy,21,0.8586577881833646,0.8513474656781299,0.8586577881833646,0.07069236351618666,1.586032892321652e-17,0.9404761904761905,0.3758772980837801,0.11411251556230002
MistralNemotron,8,hard,9,0.017224897292163272,0.022366308244548303,0.017224897292163272,0.00514514208719043,0.0,0.10185185185185185,0.12127446406354675,0.10333946952315591
MistralNemotron,8,medium,6,0.2672184961797923,0.3602312458305199,0.2672184961797923,0.1088370732724097,0.0,0.4791666666666667,0.2567772573450537,0.05657839920515404
MistralNemotron,8,no_correct,15,0.0,0.009005212754523262,0.0,0.009005212754523262,0.0,0.0,,0.0
MistralNemotron,16,all_correct,49,1.0,0.9904315143255977,1.0,0.009568485674402272,0.0,1.0,,0.0625
MistralNemotron,16,easy,21,0.7778925931579475,0.8342641157581102,0.7778925931579475,0.09831071040385606,1.586032892321652e-17,0.9404761904761905,0.3758772980837801,0.05169819185227946
MistralNemotron,16,hard,9,0.0317763680793499,0.025877839005022978,0.0317763680793499,0.005898529074326923,5.609677549544431e-30,0.10185185185185185,0.12127446406354675,0.09532910416884322
MistralNemotron,16,medium,6,0.250576377156025,0.3423201966945438,0.250576377156025,0.1470324338674368,3.614007241618348e-20,0.4791666666666667,0.2567772573450537,0.026536279991524466
MistralNemotron,16,no_correct,15,0.0,0.00917932432969415,0.0,0.00917932432969415,0.0,0.0,,0.0
MistralNemotron,32,all_correct,49,1.0,0.9834572810607038,1.0,0.016542718939296153,0.0,1.0,,0.03125
MistralNemotron,32,easy,21,0.6722206843508057,0.8160886733683865,0.6722206843508057,0.18597280062846727,5.28677630773884e-18,0.9404761904761905,0.3758772980837801,0.02241194868639363
MistralNemotron,32,hard,9,0.05446509800680256,0.02923010628033252,0.05446509800680256,0.025234991726470042,6.6872567513445686e-37,0.10185185185185185,0.12127446406354675,0.08169764701020384
MistralNemotron,32,medium,6,0.22907914647125868,0.3236646430623603,0.22907914647125868,0.19176924335145637,1.850371707708594e-17,0.4791666666666667,0.2567772573450537,0.012294700819045384
MistralNemotron,32,no_correct,15,0.0,0.00792006453837868,0.0,0.00792006453837868,0.0,0.0,,0.0
MistralNemotron,48,all_correct,49,1.0,0.97818781039449,1.0,0.021812189605510016,0.0,1.0,,0.020833333333333332
MistralNemotron,48,easy,21,0.6085331852184932,0.8045502024811663,0.6085331852184932,0.24274802252381747,1.61907524424502e-17,0.9404761904761905,0.3758772980837801,0.01358053816521202
MistralNemotron,48,hard,9,0.07066513905724062,0.031058856291564543,0.07066513905724062,0.03960628276567607,0.0,0.10185185185185185,0.12127446406354675,0.07066513905724062
MistralNemotron,48,medium,6,0.21316628616068825,0.3144212189820906,0.21316628616068825,0.21497862419667668,1.1029074834040368e-24,0.4791666666666667,0.2567772573450537,0.007527880293621934
MistralNemotron,48,no_correct,15,0.0,0.005993639046824373,0.0,0.005993639046824373,0.0,0.0,,0.0
MistralSmall119B,2,all_correct,51,1.0,1.0,1.0,0.0,0.0,1.0,,0.5
MistralSmall119B,2,easy,17,0.9363000408496732,0.9363000408496732,0.9363000408496731,9.143013143971877e-17,3.2653618371328135e-17,0.9301470588235294,0.5230716253466703,0.5037576876503796
MistralSmall119B,2,hard,8,0.07036675347222222,0.07036675347222222,0.07036675347222222,5.876375774871434e-17,0.0,0.09114583333333333,0.3198770052986581,0.3310566603535353
MistralSmall119B,2,medium,7,0.4773685515873015,0.47736855158730157,0.4773685515873015,2.061842760018148e-16,0.0,0.4851190476190476,0.48274853399870266,0.5002240171677047
MistralSmall119B,2,no_correct,17,0.0,0.0,0.0,0.0,0.0,0.0,,0.0
MistralSmall119B,3,all_correct,51,1.0,1.0,1.0,0.0,0.0,1.0,,0.3333333333333333
MistralSmall119B,3,easy,17,0.9376324422998366,0.9170638442689318,0.9376324422998366,0.03347817517102208,2.6122894697062506e-17,0.9301470588235294,0.5230716253466703,0.3364420521647358
MistralSmall119B,3,hard,8,0.06136632848668984,0.05792477160950862,0.06136632848668984,0.013256005154117624,0.0,0.09114583333333333,0.3198770052986581,0.17863185895412464
MistralSmall119B,3,medium,7,0.4763467778604497,0.4941140387461778,0.4763467778604497,0.05819528846406665,1.586032892321652e-17,0.4851190476190476,0.48274853399870266,0.33480892767800075
MistralSmall119B,3,no_correct,17,0.0,0.007626421216681334,0.0,0.007626421216681334,0.0,0.0,,0.0
MistralSmall119B,4,all_correct,51,1.0,1.0,1.0,0.0,0.0,1.0,,0.25
MistralSmall119B,4,easy,17,0.9375041332812784,0.9145661955454865,0.9375041332812784,0.03615497109949552,4.5715065719859385e-17,0.9301470588235294,0.5230716253466703,0.2523458490065697
MistralSmall119B,4,hard,8,0.05517665250801749,0.05714399918076706,0.05517665250801749,0.01296408873997713,0.0,0.09114583333333333,0.3198770052986581,0.11564712695668716
MistralSmall119B,4,medium,7,0.4752670637934716,0.49299958731954785,0.4752670637934716,0.0728971355304571,0.0,0.4851190476190476,0.48274853399870266,0.2508005712467568
MistralSmall119B,4,no_correct,17,0.0,0.008114415496109362,0.0,0.008114415496109362,0.0,0.0,,0.0
MistralSmall119B,8,all_correct,51,1.0,0.9959723762240054,1.0,0.004027623775994638,0.0,1.0,,0.125
MistralSmall119B,8,easy,17,0.9355366533495816,0.9078937819814472,0.9355366533495816,0.04519280329407133,6.530723674265627e-18,0.9301470588235294,0.5230716253466703,0.12596071297607575
MistralSmall119B,8,hard,8,0.03969270247785729,0.05512029665589479,0.03969270247785729,0.017904627773225663,0.0,0.09114583333333333,0.3198770052986581,0.03790963044549993
MistralSmall119B,8,medium,7,0.46717667077011554,0.4900294184993732,0.46717667077011543,0.1278108424077033,1.9825411154020653e-17,0.4851190476190476,0.48274853399870266,0.12220021368958792
MistralSmall119B,8,no_correct,17,0.0,0.009005212754523262,0.0,0.009005212754523262,0.0,0.0,,0.0
MistralSmall119B,16,all_correct,51,1.0,0.9904315143255977,1.0,0.009568485674402272,0.0,1.0,,0.0625
MistralSmall119B,16,easy,17,0.936332831793238,0.9002752448403873,0.936332831793238,0.05162646021068692,4.5715065719859385e-17,0.9301470588235294,0.5230716253466703,0.06305138913393693
MistralSmall119B,16,hard,8,0.024613096244236552,0.05273825128940098,0.024613096244236552,0.028215743357405117,3.2311742677852644e-27,0.09114583333333333,0.3198770052986581,0.010434218760381685
MistralSmall119B,16,medium,7,0.4596522000652099,0.4863425639959553,0.4596522000652099,0.18358484916828968,0.0,0.4851190476190476,0.48274853399870266,0.058996714474856486
MistralSmall119B,16,no_correct,17,0.0,0.00917932432969415,0.0,0.00917932432969415,0.0,0.0,,0.0
MistralSmall119B,32,all_correct,51,1.0,0.983457281060704,1.0,0.016542718939296153,0.0,1.0,,0.03125
MistralSmall119B,32,easy,17,0.9504296808070037,0.8915516289209396,0.9504296808070037,0.05955667895636583,3.918434204559376e-17,0.9301470588235294,0.5230716253466703,0.03200915430535426
MistralSmall119B,32,hard,8,0.010036876385005543,0.04963952023966399,0.010036876385005543,0.03960270924554702,0.0,0.09114583333333333,0.3198770052986581,0.001712162660124435
MistralSmall119B,32,medium,7,0.46352135736113514,0.48122233812605114,0.46352135736113514,0.2508323150977293,2.3790493384824782e-17,0.4851190476190476,0.48274853399870266,0.028909857070533895
MistralSmall119B,32,no_correct,17,0.0,0.00792006453837868,0.0,0.00792006453837868,0.0,0.0,,0.0
MistralSmall119B,48,all_correct,51,1.0,0.97818781039449,1.0,0.02181218960551001,0.0,1.0,,0.020833333333333332
MistralSmall119B,48,easy,17,0.9653213804165803,0.8856787664382713,0.9653213804165803,0.07964261405000729,3.2653618371328135e-17,0.9301470588235294,0.5230716253466703,0.021679952579196523
MistralSmall119B,48,hard,8,0.0040070778593363976,0.04723197590826318,0.0040070778593363976,0.04322489808730215,0.0,0.09114583333333333,0.3198770052986581,0.0003985043622090107
MistralSmall119B,48,medium,7,0.46165722074872395,0.4770373922619661,0.46165722074872395,0.3008106754703331,7.93016446160826e-18,0.4851190476190476,0.48274853399870266,0.018829625988342293
MistralSmall119B,48,no_correct,17,0.0,0.005993639046824373,0.0,0.005993639046824373,0.0,0.0,,0.0
Mixtral8x22B,2,all_correct,5,1.0,1.0,1.0,0.0,0.0,1.0,,0.5
Mixtral8x22B,2,easy,29,0.9350155651340997,0.9350155651340997,0.9350155651340997,1.0719394720518753e-16,3.062684205862501e-17,0.9094827586206896,0.7157243775518203,0.5146020344574945
Mixtral8x22B,2,hard,29,0.09024784482758613,0.0902478448275862,0.09024784482758613,1.2226809603091702e-16,1.4356332214980472e-18,0.08333333333333333,0.5459252268288446,0.5420841730108966
Mixtral8x22B,2,medium,22,0.5470328282828283,0.5470328282828283,0.5470328282828283,1.993354976031531e-16,1.766263902812749e-17,0.4810606060606061,0.652006770197987,0.5761249441447592
Mixtral8x22B,2,no_correct,15,0.0,0.0,0.0,0.0,0.0,0.0,,0.0
Mixtral8x22B,3,all_correct,5,1.0,1.0,1.0,0.0,0.0,1.0,,0.3333333333333333
Mixtral8x22B,3,easy,29,0.940910485512452,0.9400945971431822,0.940910485512452,0.015522174623373238,2.6798486801296883e-17,0.9094827586206896,0.7157243775518203,0.34533534869089827
Mixtral8x22B,3,hard,29,0.09543996447956567,0.10939637911125684,0.09543996447956567,0.022662166820793812,9.570888143320315e-19,0.08333333333333333,0.5459252268288446,0.37384779522441114
Mixtral8x22B,3,medium,22,0.5698949126683502,0.5406438287894557,0.5698949126683502,0.05052087014780631,1.2616170734376778e-17,0.4810606060606061,0.652006770197987,0.4044827263307893
Mixtral8x22B,3,no_correct,15,0.0,0.007626421216681334,0.0,0.007626421216681334,0.0,0.0,,0.0
Mixtral8x22B,4,all_correct,5,1.0,1.0,1.0,0.0,0.0,1.0,,0.25
Mixtral8x22B,4,easy,29,0.9429161620678015,0.9409973493311358,0.9429161620678015,0.01821862697659978,3.828355257328126e-17,0.9094827586206896,0.7157243775518203,0.2595851138841151
Mixtral8x22B,4,hard,29,0.09815704228777526,0.11157108643492966,0.09815704228777526,0.023888194046188964,1.0169068652277834e-18,0.08333333333333333,0.5459252268288446,0.2827740638769477
Mixtral8x22B,4,medium,22,0.5798363134382014,0.5439715061747333,0.5798363134382014,0.06994265043733215,1.0092936587501423e-17,0.4810606060606061,0.652006770197987,0.31114078751106317
Mixtral8x22B,4,no_correct,15,0.0,0.008114415496109362,0.0,0.008114415496109362,0.0,0.0,,0.0
Mixtral8x22B,8,all_correct,5,1.0,0.9959723762240053,1.0,0.004027623775994638,0.0,1.0,,0.125
Mixtral8x22B,8,easy,29,0.9449848197974751,0.9421360999830111,0.9449848197974751,0.02672535056745336,3.062684205862501e-17,0.9094827586206896,0.7157243775518203,0.13008193553805522
Mixtral8x22B,8,hard,29,0.09897152429947358,0.11680182607167136,0.09897152429947358,0.04221708327973807,2.3927220358300787e-19,0.08333333333333333,0.5459252268288446,0.13658130714080388
Mixtral8x22B,8,medium,22,0.5908654197723812,0.5517042950863925,0.5908654197723812,0.11474306654400362,5.046468293750712e-18,0.4810606060606061,0.652006770197987,0.16139996733965048
Mixtral8x22B,8,no_correct,15,0.0,0.009005212754523262,0.0,0.009005212754523262,0.0,0.0,,0.0
Mixtral8x22B,16,all_correct,5,1.0,0.9904315143255978,1.0,0.009568485674402272,0.0,1.0,,0.0625
Mixtral8x22B,16,easy,29,0.9446995344902488,0.9425175032273695,0.9446995344902488,0.042794519515219384,3.828355257328126e-17,0.9094827586206896,0.7157243775518203,0.06499402354637193
Mixtral8x22B,16,hard,29,0.09390263321537953,0.12143944652228089,0.09390263321537953,0.06637870695717232,3.738628180984498e-21,0.08333333333333333,0.5459252268288446,0.06399992876915134
Mixtral8x22B,16,medium,22,0.5955623537258137,0.5587203983148085,0.5955623537258137,0.17141911695463155,1.3877787807814457e-17,0.4810606060606061,0.652006770197987,0.08296794298503161
Mixtral8x22B,16,no_correct,15,0.0,0.00917932432969415,0.0,0.00917932432969415,0.0,0.0,,0.0
Mixtral8x22B,32,all_correct,5,1.0,0.9834572810607038,1.0,0.016542718939296153,0.0,1.0,,0.03125
Mixtral8x22B,32,easy,29,0.9439220404045563,0.9415300916815422,0.9439220404045563,0.06305240102309552,1.914177628664063e-17,0.9094827586206896,0.7157243775518203,0.03245481359071041
Mixtral8x22B,32,hard,29,0.09134967234020468,0.1250322844231369,0.09134967234020468,0.09498710750847106,5.2340794534218205e-20,0.08333333333333333,0.5459252268288446,0.03244193252423783
Mixtral8x22B,32,medium,22,0.593759590989711,0.5643031301767382,0.593759590989711,0.2447928936115237,0.0,0.4810606060606061,0.652006770197987,0.042243876410856286
Mixtral8x22B,32,no_correct,15,0.0,0.00792006453837868,0.0,0.00792006453837868,0.0,0.0,,0.0
Mixtral8x22B,48,all_correct,5,1.0,0.97818781039449,1.0,0.021812189605510013,0.0,1.0,,0.020833333333333332
Mixtral8x22B,48,easy,29,0.9432365668450239,0.9403370761949873,0.9432365668450239,0.07995489406017245,1.914177628664063e-17,0.9094827586206896,0.7157243775518203,0.02161884589825067
Mixtral8x22B,48,hard,29,0.0899856545920674,0.12629573789313223,0.0899856545920674,0.10527095866347419,9.570890567815214e-19,0.08333333333333333,0.5459252268288446,0.021920565927137457
Mixtral8x22B,48,medium,22,0.5896527870571892,0.5663790132325794,0.5896527870571892,0.2912816498975373,1.261617073437678e-18,0.4810606060606061,0.652006770197987,0.028214983149305876
Mixtral8x22B,48,no_correct,15,0.0,0.005993639046824373,0.0,0.005993639046824373,0.0,0.0,,0.0
Mixtral8x7B,2,easy,11,0.9315419823232323,0.9315419823232323,0.9315419823232323,9.083642928751281e-17,5.0464682937507114e-17,0.8958333333333333,0.6663391905414282,0.5205689885212261
Mixtral8x7B,2,hard,39,0.09240340099715098,0.092403400997151,0.09240340099715098,7.104582235907577e-17,7.11681426041767e-19,0.0924145299145299,0.4740763051973468,0.47385658323158314
Mixtral8x7B,2,medium,25,0.44501736111111106,0.4450173611111111,0.44501736111111106,1.4765966227514583e-16,4.440892098500626e-18,0.42083333333333334,0.5530582170942739,0.5307365190005715
Mixtral8x7B,2,no_correct,25,0.0,0.0,0.0,0.0,0.0,0.0,,0.0
Mixtral8x7B,3,easy,11,0.9424806331544613,0.9260237383686686,0.9424806331544613,0.028951262991528916,1.0092936587501423e-17,0.8958333333333333,0.6663391905414282,0.35133775408297585
Mixtral8x7B,3,hard,39,0.09248246268103039,0.10817005588019099,0.09248246268103039,0.023217713005622448,7.11681426041767e-19,0.0924145299145299,0.4740763051973468,0.30969654621998377
Mixtral8x7B,3,medium,25,0.4520598234953703,0.45450634326020073,0.4520598234953703,0.04405308844471303,2.220446049250313e-18,0.42083333333333334,0.5530582170942739,0.36034734175050886
Mixtral8x7B,3,no_correct,25,0.0,0.007626421216681334,0.0,0.007626421216681334,0.0,0.0,,0.0
Mixtral8x7B,4,easy,11,0.9456422165721889,0.9274077558900795,0.9456422165721889,0.03336547327897674,1.0092936587501423e-17,0.8958333333333333,0.6663391905414282,0.264471871495454
Mixtral8x7B,4,hard,39,0.09233523154794583,0.10985601115296036,0.09233523154794583,0.02808285969364027,5.587811196656062e-19,0.0924145299145299,0.4740763051973468,0.22892984871473368
Mixtral8x7B,4,medium,25,0.45541079674238033,0.45538562953938455,0.45541079674238033,0.06270161415257641,1.1102230246251566e-18,0.42083333333333334,0.5530582170942739,0.2730912205644761
Mixtral8x7B,4,no_correct,25,0.0,0.008114415496109362,0.0,0.008114415496109362,0.0,0.0,,0.0
Mixtral8x7B,8,easy,11,0.9424310753183068,0.9305351737645597,0.9424310753183068,0.04386261583841027,2.0185873175002847e-17,0.8958333333333333,0.6663391905414282,0.131868016116848
Mixtral8x7B,8,hard,39,0.08835027515144749,0.11370627401127692,0.08835027515144749,0.04281394904134643,3.336023718658718e-20,0.0924145299145299,0.4740763051973468,0.10550875375626262
Mixtral8x7B,8,medium,25,0.4618143009209945,0.4572192138963997,0.4618143009209945,0.10697557263404445,2.220446049250313e-18,0.42083333333333334,0.5530582170942739,0.140303697920829
Mixtral8x7B,8,no_correct,25,0.0,0.009005212754523262,0.0,0.009005212754523262,0.0,0.0,,0.0
Mixtral8x7B,16,easy,11,0.9331237159865752,0.9321939713816196,0.9331237159865752,0.05854031272107741,3.027880976250427e-17,0.8958333333333333,0.6663391905414282,0.06529873059550383
Mixtral8x7B,16,hard,39,0.07736873794882472,0.11702361674615631,0.07736873794882472,0.06857922692686384,1.7510793845156369e-22,0.0924145299145299,0.4740763051973468,0.0447318308242617
Mixtral8x7B,16,medium,25,0.46366202810324536,0.4583361125701716,0.4636620281032453,0.15837644723302277,6.661338147750939e-18,0.42083333333333334,0.5530582170942739,0.07193642311896736
Mixtral8x7B,16,no_correct,25,0.0,0.00917932432969415,0.0,0.00917932432969415,0.0,0.0,,0.0
Mixtral8x7B,32,easy,11,0.9228016420314078,0.9310756410756306,0.9228016420314078,0.07749531436189726,2.0185873175002847e-17,0.8958333333333333,0.6663391905414282,0.032286394318914814
Mixtral8x7B,32,hard,39,0.06843252351214618,0.1192751192341612,0.06843252351214618,0.10672939556908535,1.1120022281902609e-19,0.0924145299145299,0.4740763051973468,0.018932173767461223
Mixtral8x7B,32,medium,25,0.45343027494275,0.4580196398774572,0.45343027494275,0.2302168346357961,9.992007221626408e-18,0.42083333333333334,0.5530582170942739,0.03640893017516725
Mixtral8x7B,32,no_correct,25,0.0,0.00792006453837868,0.0,0.00792006453837868,0.0,0.0,,0.0
Mixtral8x7B,48,easy,11,0.9171323107556941,0.9297724748368602,0.9171323107556941,0.08735999500534494,2.0185873175002847e-17,0.8958333333333333,0.6663391905414282,0.021404484530351944
Mixtral8x7B,48,hard,39,0.06818404605677933,0.11970743641853747,0.06818404605677933,0.1274626892080938,8.896017825522087e-20,0.0924145299145299,0.4740763051973468,0.012220395006905839
Mixtral8x7B,48,medium,25,0.44573941852484417,0.45664470948474833,0.44573941852484417,0.2983326427971598,1.0009354456386176e-17,0.42083333333333334,0.5530582170942739,0.024521453270846365
Mixtral8x7B,48,no_correct,25,0.0,0.005993639046824373,0.0,0.005993639046824373,0.0,0.0,,0.0
Qwen122B,2,all_correct,67,1.0,1.0,1.0,0.0,0.0,1.0,,0.5
Qwen122B,2,easy,8,0.9793294270833334,0.9793294270833334,0.9793294270833334,4.163336342344337e-17,6.938893903907228e-17,0.9557291666666666,0.8604584503853121,0.5125851864964233
Qwen122B,2,hard,6,0.10467303240740738,0.1046730324074074,0.10467303240740738,1.214306433183765e-16,0.0,0.0798611111111111,0.6722264595495132,0.6585648148148148
Qwen122B,2,medium,5,0.6594618055555556,0.6594618055555556,0.6594618055555556,1.887379141862766e-16,0.0,0.5791666666666667,0.6756377202020151,0.5803058350533196
Qwen122B,2,no_correct,14,0.0,0.0,0.0,0.0,0.0,0.0,,0.0
Qwen122B,3,all_correct,67,1.0,1.0,1.0,0.0,0.0,1.0,,0.3333333333333333
Qwen122B,3,easy,8,0.9868650083188657,0.98720683006857,0.9868650083188657,0.00525253150063161,0.0,0.9557291666666666,0.8604584503853121,0.34447204355822136
Qwen122B,3,hard,6,0.12149010175540124,0.14779797535153602,0.12149010175540124,0.03002423644335701,0.0,0.0798611111111111,0.6722264595495132,0.5162398726851851
Qwen122B,3,medium,5,0.7039840133101853,0.6377515742460051,0.7039840133101853,0.0769446117503932,0.0,0.5791666666666667,0.6756377202020151,0.41763307497706686
Qwen122B,3,no_correct,14,0.0,0.007626421216681334,0.0,0.007626421216681334,0.0,0.0,,0.0
Qwen122B,4,all_correct,67,1.0,1.0,1.0,0.0,0.0,1.0,,0.25
Qwen122B,4,easy,8,0.9907182057698568,0.9881406028395125,0.9907182057698568,0.005030402046347679,5.551115123125783e-17,0.9557291666666666,0.8604584503853121,0.2594171028994448
Qwen122B,4,hard,6,0.13315858566221384,0.15405352801632477,0.13315858566221384,0.028842405535576016,0.0,0.0798611111111111,0.6722264595495132,0.42719196586451896
Qwen122B,4,medium,5,0.7316917513623651,0.6414653939115409,0.7316917513623651,0.09844233200314514,0.0,0.5791666666666667,0.6756377202020151,0.32782663783991384
Qwen122B,4,no_correct,14,0.0,0.008114415496109362,0.0,0.008114415496109362,0.0,0.0,,0.0
Qwen122B,8,all_correct,67,1.0,0.9959723762240053,1.0,0.004027623775994638,0.0,1.0,,0.125
Qwen122B,8,easy,8,0.9969364449426249,0.9903192078313043,0.9969364449426249,0.006694196952992504,1.3877787807814457e-17,0.9557291666666666,0.8604584503853121,0.1305706823084606
Qwen122B,8,hard,6,0.15696854860567294,0.16888829836368865,0.15696854860567294,0.051784998478835664,0.0,0.0798611111111111,0.6722264595495132,0.2505287192925256
Qwen122B,8,medium,5,0.7822787223118128,0.6501285620803252,0.7822787223118128,0.16253538517169633,0.0,0.5791666666666667,0.6756377202020151,0.17757321287913327
Qwen122B,8,no_correct,14,0.0,0.009005212754523262,0.0,0.009005212754523262,0.0,0.0,,0.0
Qwen122B,16,all_correct,67,1.0,0.9904315143255977,1.0,0.009568485674402272,0.0,1.0,,0.0625
Qwen122B,16,easy,8,0.9996568396980055,0.9923186414022854,0.9996568396980055,0.007338313816355371,2.7755575615628914e-17,0.9557291666666666,0.8604584503853121,0.06547354054798854
Qwen122B,16,hard,6,0.16879953764065128,0.18312583064168333,0.16879953764065128,0.09726977812798239,0.0,0.0798611111111111,0.6722264595495132,0.12802333004867297
Qwen122B,16,medium,5,0.8070056110911678,0.6580750445658665,0.8070056110911678,0.21728910121710773,6.661338147750939e-17,0.5791666666666667,0.6756377202020151,0.09225368025064604
Qwen122B,16,no_correct,14,0.0,0.00917932432969415,0.0,0.00917932432969415,0.0,0.0,,0.0
Qwen122B,32,all_correct,67,1.0,0.9834572810607038,1.0,0.016542718939296153,0.0,1.0,,0.03125
Qwen122B,32,easy,8,0.9999968503293214,0.9939597321316449,0.9999968503293214,0.0060371181978138705,1.3877787807814457e-17,0.9557291666666666,0.8604584503853121,0.032748437332018106
Qwen122B,32,hard,6,0.16937527073865846,0.19616888678093927,0.16937527073865846,0.14905255044637633,0.0,0.0798611111111111,0.6722264595495132,0.057359261240610145
Qwen122B,32,medium,5,0.7825929697062659,0.6645881556849215,0.7825929697062659,0.24376645172572037,1.1102230246251566e-17,0.5791666666666667,0.6756377202020151,0.04489947206169945
Qwen122B,32,no_correct,14,0.0,0.00792006453837868,0.0,0.00792006453837868,0.0,0.0,,0.0
Qwen122B,48,all_correct,67,1.0,0.97818781039449,1.0,0.021812189605510013,0.0,1.0,,0.020833333333333332
Qwen122B,48,easy,8,0.9999999754672886,0.9946222572348591,0.9999999754672886,0.005377718232429482,1.3877787807814457e-17,0.9557291666666666,0.8604584503853121,0.021832362654228856
Qwen122B,48,hard,6,0.16780084065028078,0.20280708073806433,0.16780084065028078,0.176143859762698,0.0,0.0798611111111111,0.6722264595495132,0.03438112883373757
Qwen122B,48,medium,5,0.7399395148956254,0.6672082757176299,0.7399395148956254,0.28419916170895015,0.0,0.5791666666666667,0.6756377202020151,0.028416598080093523
Qwen122B,48,no_correct,14,0.0,0.005993639046824373,0.0,0.005993639046824373,0.0,0.0,,0.0
Qwen397B,2,all_correct,56,1.0,1.0,1.0,0.0,0.0,1.0,,0.5
Qwen397B,2,easy,18,0.9696662808641974,0.9696662808641976,0.9696662808641974,3.700743415417188e-17,4.3175339846533866e-17,0.9560185185185185,0.752048520314577,0.5071411129071696
Qwen397B,2,hard,7,0.08916170634920638,0.08916170634920635,0.08916170634920638,8.82230796353919e-17,0.0,0.07142857142857142,0.6330514938038119,0.6235660173160177
Qwen397B,2,medium,5,0.43350694444444465,0.4335069444444445,0.43350694444444465,2.331468351712829e-16,2.2204460492503132e-17,0.3833333333333333,0.6145138888888889,0.5793402777777781
Qwen397B,2,no_correct,14,0.0,0.0,0.0,0.0,0.0,0.0,,0.0
Qwen397B,3,all_correct,56,1.0,1.0,1.0,0.0,0.0,1.0,,0.3333333333333333
Qwen397B,3,easy,18,0.9721639499742799,0.9715333807355283,0.9721639499742799,0.00950328648213894,6.1679056923619804e-18,0.9560185185185185,0.752048520314577,0.3389677978687891
Qwen397B,3,hard,7,0.10477120535714286,0.13698845214847324,0.10477120535714286,0.033245479264875345,0.0,0.07142857142857142,0.6330514938038119,0.5347515331890335
Qwen397B,3,medium,5,0.44915726273148165,0.43258658729408994,0.44915726273148165,0.077599608783987,0.0,0.3833333333333333,0.6145138888888889,0.40442828896604954
Qwen397B,3,no_correct,14,0.0,0.007626421216681334,0.0,0.007626421216681334,0.0,0.0,,0.0
Qwen397B,4,all_correct,56,1.0,1.0,1.0,0.0,0.0,1.0,,0.25
Qwen397B,4,easy,18,0.9741381944779341,0.9711206621828509,0.9741381944779344,0.010349788137476957,4.9343245538895844e-17,0.9560185185185185,0.752048520314577,0.254747736126627
Qwen397B,4,hard,7,0.11973994287023258,0.14353157726944993,0.11973994287023258,0.025917684017305438,3.781397085956698e-24,0.07142857142857142,0.6330514938038119,0.490589729371468
Qwen397B,4,medium,5,0.45708874361014684,0.4351642103223467,0.45708874361014684,0.10310144972482312,0.0,0.3833333333333333,0.6145138888888889,0.31031810619212985
Qwen397B,4,no_correct,14,0.0,0.008114415496109362,0.0,0.008114415496109362,0.0,0.0,,0.0
Qwen397B,8,all_correct,56,1.0,0.9959723762240055,1.0,0.004027623775994638,0.0,1.0,,0.125
Qwen397B,8,easy,18,0.9803159954865295,0.9695872482837034,0.9803159954865295,0.015787043244339875,3.0839528461809905e-17,0.9560185185185185,0.752048520314577,0.1281977509576124
Qwen397B,8,hard,7,0.1704156240738437,0.1590931576294814,0.1704156240738437,0.04309348213751714,3.96508223080413e-18,0.07142857142857142,0.6330514938038119,0.40351557334769905
Qwen397B,8,medium,5,0.47887035342659623,0.4410898026353272,0.47887035342659623,0.13512324959038943,0.0,0.3833333333333333,0.6145138888888889,0.16334478121012125
Qwen397B,8,no_correct,14,0.0,0.009005212754523262,0.0,0.009005212754523262,0.0,0.0,,0.0
Qwen397B,16,all_correct,56,1.0,0.9904315143255976,1.0,0.009568485674402272,0.0,1.0,,0.0625
Qwen397B,16,easy,18,0.9863983302070872,0.9675917340490128,0.9863983302070872,0.02110809318932474,3.0839528461809905e-17,0.9560185185185185,0.752048520314577,0.06450856586537461
Qwen397B,16,hard,7,0.22735802151305964,0.17414281964433917,0.22735802151305964,0.08296926397348155,2.5623743347653796e-44,0.07142857142857142,0.6330514938038119,0.31095572945320205
Qwen397B,16,medium,5,0.5208548395477034,0.44629870926506443,0.5208548395477034,0.1531947992533779,0.0,0.3833333333333333,0.6145138888888889,0.08913514770420068
Qwen397B,16,no_correct,14,0.0,0.00917932432969415,0.0,0.00917932432969415,0.0,0.0,,0.0
Qwen397B,32,all_correct,56,1.0,0.9834572810607038,1.0,0.016542718939296153,0.0,1.0,,0.03125
Qwen397B,32,easy,18,0.9918037283371918,0.9650387976162441,0.9918037283371918,0.02676493150702727,3.0839528461809905e-17,0.9560185185185185,0.752048520314577,0.032440231226786666
Qwen397B,32,hard,7,0.2671850953690301,0.18816864496884955,0.2671850953690301,0.13176593584194587,8.597901537443017e-37,0.07142857142857142,0.6330514938038119,0.21569981762883997
Qwen397B,32,medium,5,0.5851838704673298,0.4500742445283154,0.5851838704673298,0.23189327890303907,1.1102230246251566e-17,0.3833333333333333,0.6145138888888889,0.050612725100987445
Qwen397B,32,no_correct,14,0.0,0.00792006453837868,0.0,0.00792006453837868,0.0,0.0,,0.0
Qwen397B,48,all_correct,56,1.0,0.97818781039449,1.0,0.021812189605510013,0.0,1.0,,0.020833333333333332
Qwen397B,48,easy,18,0.9951053540579776,0.963082723306084,0.9951053540579776,0.03202263075198788,6.1679056923619804e-18,0.9560185185185185,0.752048520314577,0.0217042961709692
Qwen397B,48,hard,7,0.2792422297607642,0.19552336558608996,0.2792422297607642,0.1501119783435871,3.96508223080413e-18,0.07142857142857142,0.6330514938038119,0.1658386331749147
Qwen397B,48,medium,5,0.6323251155929525,0.45109298534249886,0.6323251155929525,0.30879622786350763,0.0,0.3833333333333333,0.6145138888888889,0.036789094776179955
Qwen397B,48,no_correct,14,0.0,0.005993639046824373,0.0,0.005993639046824373,0.0,0.0,,0.0
QwenNext80B,2,all_correct,65,1.0,1.0,1.0,0.0,0.0,1.0,,0.5
QwenNext80B,2,easy,6,0.951171875,0.951171875,0.951171875,9.251858538542972e-17,0.0,0.9270833333333334,0.700884317641564,0.5130949657897121
QwenNext80B,2,hard,7,0.10819692460317461,0.10819692460317461,0.10819692460317461,1.2762608430400795e-16,0.0,0.08630952380952381,0.5364648641244386,0.522622053872054
QwenNext80B,2,medium,9,0.6560570987654322,0.6560570987654322,0.6560570987654322,1.1102230246251565e-16,1.850371707708594e-17,0.5648148148148149,0.7103789815453715,0.5743297087353461
QwenNext80B,2,no_correct,13,0.0,0.0,0.0,0.0,0.0,0.0,,0.0
QwenNext80B,3,all_correct,65,1.0,1.0,1.0,0.0,0.0,1.0,,0.3333333333333333
QwenNext80B,3,easy,6,0.9583016854745371,0.9587608519143119,0.9583016854745371,0.01018142629111187,3.700743415417188e-17,0.9270833333333334,0.700884317641564,0.3447248855518028
QwenNext80B,3,hard,7,0.12883520378637564,0.12741155374842267,0.12883520378637564,0.038842606792963606,0.0,0.08630952380952381,0.5364648641244386,0.3807338013067181
QwenNext80B,3,medium,9,0.6877873424639919,0.630464543954282,0.6877873424639919,0.0777202232238701,0.0,0.5648148148148149,0.7103789815453715,0.395787002590388
QwenNext80B,3,no_correct,13,0.0,0.007626421216681334,0.0,0.007626421216681334,0.0,0.0,,0.0
QwenNext80B,4,all_correct,65,1.0,1.0,1.0,0.0,0.0,1.0,,0.25
QwenNext80B,4,easy,6,0.9614935039002218,0.9594898245746545,0.9614935039002218,0.011042463517076459,3.700743415417188e-17,0.9270833333333334,0.700884317641564,0.25946351747562996
QwenNext80B,4,hard,7,0.14551343699191194,0.131996813063449,0.14551343699191194,0.051233371405222716,0.0,0.08630952380952381,0.5364648641244386,0.30912115233539933
QwenNext80B,4,medium,9,0.7010474604016633,0.6351222027241198,0.7010474604016633,0.1036699810846937,0.0,0.5648148148148149,0.7103789815453715,0.29880393002831923
QwenNext80B,4,no_correct,13,0.0,0.008114415496109362,0.0,0.008114415496109362,0.0,0.0,,0.0
QwenNext80B,8,all_correct,65,1.0,0.9959723762240054,1.0,0.004027623775994638,0.0,1.0,,0.125
QwenNext80B,8,easy,6,0.9615467967205009,0.9610562356086404,0.9615467967205009,0.02181142544323204,1.850371707708594e-17,0.9270833333333334,0.700884317641564,0.1298003509376755
QwenNext80B,8,hard,7,0.17918324851087888,0.14288178308196084,0.17918324851087888,0.08760308717054135,0.0,0.08630952380952381,0.5364648641244386,0.16864303021290503
QwenNext80B,8,medium,9,0.7164414575666254,0.6460594765000894,0.7164414575666254,0.15736225346237484,0.0,0.5648148148148149,0.7103789815453715,0.14796752734295548
QwenNext80B,8,no_correct,13,0.0,0.009005212754523262,0.0,0.009005212754523262,0.0,0.0,,0.0
QwenNext80B,16,all_correct,65,1.0,0.9904315143255976,1.0,0.009568485674402272,0.0,1.0,,0.0625
QwenNext80B,16,easy,6,0.9476644175949805,0.9621448561871307,0.9476644175949804,0.035142278370640524,3.700743415417188e-17,0.9270833333333334,0.700884317641564,0.06398650884227747
QwenNext80B,16,hard,7,0.18371096340722654,0.15335721842433375,0.18371096340722654,0.11666266431035355,1.181686589361468e-25,0.08630952380952381,0.5364648641244386,0.0692571565062642
QwenNext80B,16,medium,9,0.7267199032784017,0.6562800645928157,0.7267199032784017,0.1895885914751963,2.4671622769447922e-17,0.5648148148148149,0.7103789815453715,0.07347594237221737
QwenNext80B,16,no_correct,13,0.0,0.00917932432969415,0.0,0.00917932432969415,0.0,0.0,,0.0
QwenNext80B,32,all_correct,65,1.0,0.9834572810607038,1.0,0.016542718939296153,0.0,1.0,,0.03125
QwenNext80B,32,easy,6,0.91771373337184,0.9611477728431502,0.91771373337184,0.06491812584773358,3.700743415417188e-17,0.9270833333333334,0.700884317641564,0.030997817861658523
QwenNext80B,32,hard,7,0.1664422258190093,0.16301358441442876,0.1664422258190093,0.1732621172868251,3.96508223080413e-18,0.08630952380952381,0.5364648641244386,0.0249770978130211
QwenNext80B,32,medium,9,0.7386454566564525,0.6650672813190559,0.7386454566564525,0.20548974015864904,1.2335811384723961e-17,0.5648148148148149,0.7103789815453715,0.03722293724865587
QwenNext80B,32,no_correct,13,0.0,0.00792006453837868,0.0,0.00792006453837868,0.0,0.0,,0.0
QwenNext80B,48,all_correct,65,1.0,0.97818781039449,1.0,0.021812189605510013,0.0,1.0,,0.020833333333333332
QwenNext80B,48,easy,6,0.8939423786400705,0.9597962089307398,0.8939423786400705,0.08726658756519157,0.0,0.9270833333333334,0.700884317641564,0.020137225774263304
QwenNext80B,48,hard,7,0.15597727480093337,0.16798230742046272,0.15597727480093337,0.20188911252795685,0.0,0.08630952380952381,0.5364648641244386,0.014670501342980665
QwenNext80B,48,medium,9,0.7474446245787599,0.6690176678546473,0.7474446245787599,0.22561450637354477,0.0,0.5648148148148149,0.7103789815453715,0.025242918331519294
QwenNext80B,48,no_correct,13,0.0,0.005993639046824373,0.0,0.005993639046824373,0.0,0.0,,0.0
Stockmark100B,2,all_correct,19,1.0,1.0,1.0,0.0,0.0,1.0,,0.5
Stockmark100B,2,easy,30,0.945066550925926,0.945066550925926,0.9450665509259258,8.511709855459534e-17,2.2204460492503132e-17,0.9215277777777777,0.6437942192824574,0.5139140936210818
Stockmark100B,2,hard,19,0.08305921052631583,0.08305921052631579,0.08305921052631583,9.95183467797221e-17,1.6434222403990803e-18,0.08552631578947369,0.4912254434336544,0.4926034309257995
Stockmark100B,2,medium,18,0.5636574074074074,0.5636574074074074,0.5636574074074074,1.4186183092432555e-16,1.850371707708594e-17,0.5046296296296297,0.6353531573519404,0.5606873625191902
Stockmark100B,2,no_correct,14,0.0,0.0,0.0,0.0,0.0,0.0,,0.0
Stockmark100B,3,all_correct,19,1.0,1.0,1.0,0.0,0.0,1.0,,0.3333333333333333
Stockmark100B,3,easy,30,0.9507291063850308,0.9319565161026795,0.9507291063850308,0.02685791404530774,1.4802973661668754e-17,0.9215277777777777,0.6437942192824574,0.34489766440726427
Stockmark100B,3,hard,19,0.0826537372076024,0.09889023514581281,0.0826537372076024,0.026109632780770248,0.0,0.08552631578947369,0.4912254434336544,0.3244346167660314
Stockmark100B,3,medium,18,0.5887998730066872,0.5528888332575366,0.5887998730066872,0.05638221305856629,3.0839528461809902e-18,0.5046296296296297,0.6353531573519404,0.3938762346934632
Stockmark100B,3,no_correct,14,0.0,0.007626421216681334,0.0,0.007626421216681334,0.0,0.0,,0.0
Stockmark100B,4,all_correct,19,1.0,1.0,1.0,0.0,0.0,1.0,,0.25
Stockmark100B,4,easy,30,0.953035751782327,0.9312529868208891,0.953035751782327,0.026305390474474815,4.4408920985006264e-17,0.9215277777777777,0.6437942192824574,0.2593883321443003
Stockmark100B,4,hard,19,0.08266087582236849,0.10031727600838171,0.08266087582236849,0.029985753153131976,0.0,0.08552631578947369,0.4912254434336544,0.2395076877606904
Stockmark100B,4,medium,18,0.6017700948832947,0.5557244849648247,0.6017700948832947,0.07240241692741278,1.2335811384723961e-17,0.5046296296296297,0.6353531573519404,0.30426617300956815
Stockmark100B,4,no_correct,14,0.0,0.008114415496109362,0.0,0.008114415496109362,0.0,0.0,,0.0
Stockmark100B,8,all_correct,19,1.0,0.9959723762240054,1.0,0.004027623775994638,0.0,1.0,,0.125
Stockmark100B,8,easy,30,0.9546804506855696,0.9293868969111944,0.9546804506855696,0.032153067925498,5.551115123125783e-17,0.9215277777777777,0.6437942192824574,0.1299956416002376
Stockmark100B,8,hard,19,0.08106448126694732,0.10408230125112447,0.08106448126694732,0.04849242499055608,0.0,0.08552631578947369,0.4912254434336544,0.10520902628047143
Stockmark100B,8,medium,18,0.6173400435099554,0.5622717769542916,0.6173400435099554,0.10107778639137696,6.1679056923619804e-18,0.5046296296296297,0.6353531573519404,0.1593610299790734
Stockmark100B,8,no_correct,14,0.0,0.009005212754523262,0.0,0.009005212754523262,0.0,0.0,,0.0
Stockmark100B,16,all_correct,19,1.0,0.9904315143255977,1.0,0.009568485674402272,0.0,1.0,,0.0625
Stockmark100B,16,easy,30,0.9468079088831526,0.9270907955915535,0.9468079088831526,0.04506860999509209,4.810966440042345e-17,0.9215277777777777,0.6437942192824574,0.06448140502815497
Stockmark100B,16,hard,19,0.0794393420571803,0.1074250302729727,0.0794393420571803,0.07701111371536197,3.5664553650639667e-22,0.08552631578947369,0.4912254434336544,0.04362956470647211
Stockmark100B,16,medium,18,0.6184855509547729,0.5681023832605154,0.6184855509547729,0.14480870539266308,6.173929037764678e-18,0.5046296296296297,0.6353531573519404,0.08177543109232555
Stockmark100B,16,no_correct,14,0.0,0.00917932432969415,0.0,0.00917932432969415,0.0,0.0,,0.0
Stockmark100B,32,all_correct,19,1.0,0.9834572810607038,1.0,0.016542718939296153,0.0,1.0,,0.03125
Stockmark100B,32,easy,30,0.9311302714857372,0.9239346714520209,0.9311302714857372,0.06598099301275437,4.810966440042345e-17,0.9215277777777777,0.6437942192824574,0.03170783257038129
Stockmark100B,32,hard,19,0.08269440020780237,0.10971159091951513,0.08269440020780237,0.1129497605823188,0.0,0.08552631578947369,0.4912254434336544,0.021230290047331558
Stockmark100B,32,medium,18,0.6225448162435178,0.5724996182002529,0.6225448162435178,0.21782435350030604,3.8550587011911344e-19,0.5046296296296297,0.6353531573519404,0.042379410794225615
Stockmark100B,32,no_correct,14,0.0,0.00792006453837868,0.0,0.00792006453837868,0.0,0.0,,0.0
Stockmark100B,48,all_correct,19,1.0,0.9781878103944899,1.0,0.021812189605510013,0.0,1.0,,0.020833333333333332
Stockmark100B,48,easy,30,0.9218444475174077,0.9213745737417923,0.9218444475174077,0.08056001280939595,1.4802973661668754e-17,0.9215277777777777,0.6437942192824574,0.020926404153928418
Stockmark100B,48,hard,19,0.0876792779043215,0.11017244419075864,0.0876792779043215,0.1320413946835389,0.0,0.08552631578947369,0.4912254434336544,0.014658646131437011
Stockmark100B,48,medium,18,0.6339472945185963,0.5738820300118913,0.6339472945185963,0.256866506137497,9.637352644315594e-20,0.5046296296296297,0.6353531573519404,0.029212744900236357
Stockmark100B,48,no_correct,14,0.0,0.005993639046824373,0.0,0.005993639046824373,0.0,0.0,,0.0
Super120B,2,all_correct,51,1.0,1.0,1.0,0.0,0.0,1.0,,0.5
Super120B,2,easy,13,0.8763354700854701,0.8763354700854701,0.8763354700854701,9.394194823751324e-17,8.540177112501205e-18,0.9038461538461539,0.3274851721397941,0.4832963748259968
Super120B,2,hard,12,0.10319010416666674,0.10319010416666667,0.10319010416666673,1.0437252913793789e-16,2.3129646346357427e-18,0.09895833333333333,0.4960121987563056,0.49341862323633184
Super120B,2,medium,11,0.48962279040404033,0.48962279040404044,0.48962279040404033,1.1606877075626636e-16,1.0092936587501423e-17,0.5246212121212122,0.42564298418971175,0.46829339066914116
Super120B,2,no_correct,13,0.0,0.0,0.0,0.0,0.0,0.0,,0.0
Super120B,3,all_correct,51,1.0,1.0,1.0,0.0,0.0,1.0,,0.3333333333333333
Super120B,3,easy,13,0.8603557358440171,0.8455855289886374,0.8603557358440171,0.05072835213007414,2.5620531337503614e-17,0.9038461538461539,0.3274851721397941,0.3156953201233612
Super120B,3,hard,12,0.10290301287615748,0.11201748433249013,0.10290301287615748,0.018997285824001967,1.734723475976807e-18,0.09895833333333333,0.4960121987563056,0.3079245664315111
Super120B,3,medium,11,0.4708617753051346,0.5168275484211471,0.4708617753051346,0.052347014143256126,1.5139404881252134e-17,0.5246212121212122,0.42564298418971175,0.30052487502177905
Super120B,3,no_correct,13,0.0,0.007626421216681334,0.0,0.007626421216681334,0.0,0.0,,0.0
Super120B,4,all_correct,51,1.0,1.0,1.0,0.0,0.0,1.0,,0.25
Super120B,4,easy,13,0.8486874717140017,0.8391029603404818,0.8486874717140017,0.05684217836925268,8.540177112501205e-18,0.9038461538461539,0.3274851721397941,0.23322686299072876
Super120B,4,hard,12,0.10102764176733707,0.11314951349955628,0.10102764176733707,0.024142934118832074,0.0,0.09895833333333333,0.4960121987563056,0.2154038846574531
Super120B,4,medium,11,0.461923121870835,0.5141239314215281,0.461923121870835,0.06459737309430146,0.0,0.5246212121212122,0.42564298418971175,0.22121381747913782
Super120B,4,no_correct,13,0.0,0.008114415496109362,0.0,0.008114415496109362,0.0,0.0,,0.0
Super120B,8,all_correct,51,1.0,0.9959723762240054,1.0,0.004027623775994638,0.0,1.0,,0.125
Super120B,8,easy,13,0.8192945442100553,0.8228767643767958,0.8192945442100553,0.07818644202913369,1.708035422500241e-17,0.9038461538461539,0.3274851721397941,0.11222537630519656
Super120B,8,hard,12,0.09214449458544022,0.11566330841972712,0.09214449458544022,0.04881823532223934,0.0,0.09895833333333333,0.4960121987563056,0.08710011093835562
Super120B,8,medium,11,0.45569078440314836,0.5073247939521341,0.45569078440314836,0.08152057486021748,1.0092936587501423e-17,0.5246212121212122,0.42564298418971175,0.10902512223032827
Super120B,8,no_correct,13,0.0,0.009005212754523262,0.0,0.009005212754523262,0.0,0.0,,0.0
Super120B,16,all_correct,51,1.0,0.9904315143255977,1.0,0.009568485674402272,0.0,1.0,,0.0625
Super120B,16,easy,13,0.7848656854174673,0.8060022120217366,0.7848656854174673,0.11572589150434441,2.9890619893754213e-17,0.9038461538461539,0.3274851721397941,0.053606986656453776
Super120B,16,hard,12,0.07878161718174607,0.1176395890774657,0.07878161718174607,0.07797681415463245,5.657915389862709e-22,0.09895833333333333,0.4960121987563056,0.03254124564723659
Super120B,16,medium,11,0.4700339588871516,0.499808970799497,0.4700339588871516,0.12490267086337888,1.0092936587501423e-17,0.5246212121212122,0.42564298418971175,0.05622861815890299
Super120B,16,no_correct,13,0.0,0.00917932432969415,0.0,0.00917932432969415,0.0,0.0,,0.0
Super120B,32,all_correct,51,1.0,0.983457281060704,1.0,0.016542718939296153,0.0,1.0,,0.03125
Super120B,32,easy,13,0.735978712980971,0.7879148069719581,0.735978712980971,0.17110809778211092,2.5620531337503614e-17,0.9038461538461539,0.3274851721397941,0.025024862642196135
Super120B,32,hard,12,0.06944251223340268,0.11854084121033943,0.06944251223340268,0.10590463759662239,5.385290446308774e-28,0.09895833333333333,0.4960121987563056,0.012159609912944997
Super120B,32,medium,11,0.5003233845788666,0.4908597762803735,0.5003233845788666,0.18863820553822072,1.9712766772463718e-20,0.5246212121212122,0.42564298418971175,0.030283035743182477
Super120B,32,no_correct,13,0.0,0.00792006453837868,0.0,0.00792006453837868,0.0,0.0,,0.0
Super120B,48,all_correct,51,1.0,0.97818781039449,1.0,0.02181218960551001,0.0,1.0,,0.020833333333333332
Super120B,48,easy,13,0.7009576914045214,0.7763275945836635,0.7009576914045214,0.21167809806501256,2.9890619893754213e-17,0.9038461538461539,0.3274851721397941,0.01581640869100224
Super120B,48,hard,12,0.06872818834514571,0.118175685610539,0.0687281883451457,0.12145312415726488,9.25185853854297e-18,0.09895833333333333,0.4960121987563056,0.0074347615485077755
Super120B,48,medium,11,0.5209603660943471,0.4844350273400581,0.5209603660943471,0.24650699208323726,1.5139404881252134e-17,0.5246212121212122,0.42564298418971175,0.021205748949030632
Super120B,48,no_correct,13,0.0,0.005993639046824373,0.0,0.005993639046824373,0.0,0.0,,0.0
Super49B,2,all_correct,42,1.0,1.0,1.0,0.0,0.0,1.0,,0.5
Super49B,2,easy,21,0.9304935515873015,0.9304935515873015,0.9304935515873015,1.1102230246251565e-16,1.586032892321652e-17,0.9196428571428571,0.6429288532118693,0.5056579726374173
Super49B,2,hard,14,0.10026041666666667,0.10026041666666666,0.10026041666666667,7.719519468096792e-17,4.956352788505163e-19,0.08928571428571429,0.4877866540345708,0.4806016156462585
Super49B,2,medium,9,0.4373553240740742,0.43735532407407407,0.4373553240740742,2.4054832200211723e-16,1.2335811384723961e-17,0.44212962962962965,0.495136217334285,0.49729778519029744
Super49B,2,no_correct,14,0.0,0.0,0.0,0.0,0.0,0.0,,0.0
Super49B,3,all_correct,42,1.0,1.0,1.0,0.0,0.0,1.0,,0.3333333333333333
Super49B,3,easy,21,0.9328690786210319,0.9404184616308141,0.9328690786210319,0.01127648227106078,2.114710523095536e-17,0.9196428571428571,0.6429288532118693,0.33786593476592525
Super49B,3,hard,14,0.10860382564484129,0.09803696518639447,0.10860382564484129,0.020539574248061195,0.0,0.08928571428571429,0.4877866540345708,0.3148777045540438
Super49B,3,medium,9,0.42814931359310715,0.44921209912738314,0.42814931359310715,0.07332739041298925,0.0,0.44212962962962965,0.495136217334285,0.32581413906142176
Super49B,3,no_correct,14,0.0,0.007626421216681334,0.0,0.007626421216681334,0.0,0.0,,0.0
Super49B,4,all_correct,42,1.0,1.0,1.0,0.0,0.0,1.0,,0.25
Super49B,4,easy,21,0.9336706898199819,0.9401562758887333,0.9336706898199819,0.012972486323361506,3.172065784643304e-17,0.9196428571428571,0.6429288532118693,0.25357572499136244
Super49B,4,hard,14,0.11523219517299109,0.09942768797923451,0.11523219517299109,0.02966416224455935,0.0,0.08928571428571429,0.4877866540345708,0.23564644811375063
Super49B,4,medium,9,0.42152957366817784,0.44852402181163636,0.42152957366817784,0.09827131455330451,1.5419764230904953e-17,0.44212962962962965,0.495136217334285,0.24136451169290118
Super49B,4,no_correct,14,0.0,0.008114415496109362,0.0,0.008114415496109362,0.0,0.0,,0.0
Super49B,8,all_correct,42,1.0,0.9959723762240054,1.0,0.004027623775994638,0.0,1.0,,0.125
Super49B,8,easy,21,0.9351618108868314,0.9392618315332258,0.9351618108868314,0.02460595198236277,4.7580986769649563e-17,0.9196428571428571,0.6429288532118693,0.12696541043897916
Super49B,8,hard,14,0.1313314998332261,0.10308079153390792,0.1313314998332261,0.057492619412911124,7.744301232039317e-21,0.08928571428571429,0.4877866540345708,0.1257240303762543
Super49B,8,medium,9,0.40603629037702044,0.4465811676597124,0.40603629037702044,0.15515019067063843,6.1679056923619804e-18,0.44212962962962965,0.495136217334285,0.11719411251344265
Super49B,8,no_correct,14,0.0,0.009005212754523262,0.0,0.009005212754523262,0.0,0.0,,0.0
Super49B,16,all_correct,42,1.0,0.9904315143255977,1.0,0.009568485674402272,0.0,1.0,,0.0625
Super49B,16,easy,21,0.937005756488466,0.9373570024844999,0.9370057564884658,0.040987606718252245,3.172065784643304e-17,0.9196428571428571,0.6429288532118693,0.06357555626850327
Super49B,16,hard,14,0.14000409483671852,0.10644700001372288,0.14000409483671852,0.08127310317078937,0.0,0.08928571428571429,0.4877866540345708,0.06892577460108437
Super49B,16,medium,9,0.3913996342931353,0.4439216278245451,0.3913996342931353,0.18435038248399083,0.0,0.44212962962962965,0.495136217334285,0.056865568140611576
Super49B,16,no_correct,14,0.0,0.00917932432969415,0.0,0.00917932432969415,0.0,0.0,,0.0
Super49B,32,all_correct,42,1.0,0.9834572810607037,1.0,0.016542718939296153,0.0,1.0,,0.03125
Super49B,32,easy,21,0.9373166510485809,0.9342141925288762,0.9373166510485809,0.06009412388203024,1.057355261547768e-17,0.9196428571428571,0.6429288532118693,0.0317520876847248
Super49B,32,hard,14,0.14081380734391108,0.10889175547222518,0.1408138073439111,0.10989061265957735,1.598423774292915e-17,0.08928571428571429,0.4877866540345708,0.035186938597001345
Super49B,32,medium,9,0.37251485846081017,0.43982871662289164,0.37251485846081017,0.20029101287554668,1.2335811384723961e-17,0.44212962962962965,0.495136217334285,0.027103211802348367
Super49B,32,no_correct,14,0.0,0.00792006453837868,0.0,0.00792006453837868,0.0,0.0,,0.0
Super49B,48,all_correct,42,1.0,0.97818781039449,1.0,0.021812189605510013,0.0,1.0,,0.020833333333333332
Super49B,48,easy,21,0.9388356675817614,0.9315631225487854,0.9388356675817614,0.067796701709157,2.114710523095536e-17,0.9196428571428571,0.6429288532118693,0.021177345220458048
Super49B,48,hard,14,0.14152120476445165,0.10955697062354534,0.14152120476445162,0.12303823717178304,7.93016446160826e-18,0.08928571428571429,0.4877866540345708,0.022638529059668726
Super49B,48,medium,9,0.3584456264584528,0.436244711316174,0.3584456264584528,0.233128015609609,1.2335811384723961e-17,0.44212962962962965,0.495136217334285,0.017298958534228207
Super49B,48,no_correct,14,0.0,0.005993639046824373,0.0,0.005993639046824373,0.0,0.0,,0.0
Ultra253B,2,all_correct,42,1.0,1.0,1.0,0.0,0.0,1.0,,0.5
Ultra253B,2,easy,8,0.92431640625,0.92431640625,0.92431640625,0.0,1.3877787807814457e-17,0.8828125,0.6170272435897436,0.526532451923077
Ultra253B,2,no_correct,6,0.0,0.0,0.0,0.0,0.0,0.0,,0.0
Ultra253B,3,all_correct,42,1.0,1.0,1.0,0.0,0.0,1.0,,0.3333333333333333
Ultra253B,3,easy,8,0.937835693359375,0.8922120851355704,0.937835693359375,0.04568464338005468,2.7755575615628914e-17,0.8828125,0.6170272435897436,0.35681930374313187
Ultra253B,3,no_correct,6,0.0,0.007626421216681334,0.0,0.007626421216681334,0.0,0.0,,0.0
Ultra253B,4,all_correct,42,1.0,1.0,1.0,0.0,0.0,1.0,,0.25
Ultra253B,4,easy,8,0.9467639923095703,0.8922510216047332,0.9467639923095703,0.054516785402102697,0.0,0.8828125,0.6170272435897436,0.2703035710932134
Ultra253B,4,no_correct,6,0.0,0.008114415496109362,0.0,0.008114415496109362,0.0,0.0,,0.0
Ultra253B,8,all_correct,42,1.0,0.9959723762240054,1.0,0.004027623775994638,0.0,1.0,,0.125
Ultra253B,8,easy,8,0.9699820417736191,0.8920954729078944,0.9699820417736191,0.07788656892393239,5.551115123125783e-17,0.8828125,0.6170272435897436,0.13840275100978594
Ultra253B,8,no_correct,6,0.0,0.009005212754523262,0.0,0.009005212754523262,0.0,0.0,,0.0
Ultra253B,16,all_correct,42,1.0,0.9904315143255977,1.0,0.009568485674402272,0.0,1.0,,0.0625
Ultra253B,16,easy,8,0.9890091685939885,0.8913128242382178,0.9890091685939885,0.09769634435577067,4.163336342344337e-17,0.8828125,0.6170272435897436,0.07048859453157641
Ultra253B,16,no_correct,6,0.0,0.00917932432969415,0.0,0.00917932432969415,0.0,0.0,,0.0
Ultra253B,32,all_correct,42,1.0,0.9834572810607037,1.0,0.016542718939296153,0.0,1.0,,0.03125
Ultra253B,32,easy,8,0.9984179539611636,0.8882303435608084,0.9984179539611636,0.11018761040036097,0.0,0.8828125,0.6170272435897436,0.0355585271061699
Ultra253B,32,no_correct,6,0.0,0.00792006453837868,0.0,0.00792006453837868,0.0,0.0,,0.0
Ultra253B,48,all_correct,42,1.0,0.97818781039449,1.0,0.021812189605510013,0.0,1.0,,0.020833333333333332
Ultra253B,48,easy,8,0.999800131981307,0.8849564802384429,0.999800131981307,0.11484365174286416,2.7755575615628914e-17,0.8828125,0.6170272435897436,0.023736400976280773
Ultra253B,48,no_correct,6,0.0,0.005993639046824373,0.0,0.005993639046824373,0.0,0.0,,0.0
ALL,2,ALL,2255,0.6528162724809066,,,4.8051647964881727e-17,7.048131479778051e-18,,,
ALL,3,ALL,2255,0.6546472569957708,,,0.015815973955994204,4.944923504913045e-18,,,
ALL,4,ALL,2255,0.6553084379400159,,,0.0194917450862815,7.427482275115815e-18,,,
ALL,8,ALL,2255,0.6552489030723673,,,0.0320170726128827,6.56844489254934e-18,,,
ALL,16,ALL,2255,0.653387106009031,,,0.047627702997769236,7.44110972799246e-18,,,
ALL,32,ALL,2255,0.650902043195805,,,0.06814634513981173,6.678276798575822e-18,,,
ALL,48,ALL,2255,0.6500650662535885,,,0.08209840370442219,4.0791245581569534e-18,,,
