benchmark,model,task_id,N,predicted_acc,actual_acc,abs_error
livebench_selected,3B,paraphrase:693c559e842aadf93ddcaba5f140c97aac1419c23fda3c1038c7a690c13b1213,1,0.5208333333333334,0.5208333333333334,0.0
livebench_selected,3B,paraphrase:693c559e842aadf93ddcaba5f140c97aac1419c23fda3c1038c7a690c13b1213,2,0.5299479166666664,0.5299479166666664,0.0
livebench_selected,3B,paraphrase:693c559e842aadf93ddcaba5f140c97aac1419c23fda3c1038c7a690c13b1213,4,0.4837708649811919,0.4837708649811919,0.0
livebench_selected,3B,paraphrase:693c559e842aadf93ddcaba5f140c97aac1419c23fda3c1038c7a690c13b1213,8,0.4416620478848017,0.4416620478848017,0.0
livebench_selected,3B,paraphrase:693c559e842aadf93ddcaba5f140c97aac1419c23fda3c1038c7a690c13b1213,16,0.41724687473183697,0.41724687473183697,0.0
livebench_selected,3B,paraphrase:693c559e842aadf93ddcaba5f140c97aac1419c23fda3c1038c7a690c13b1213,32,0.35179698086365807,0.35179698086365807,0.0
livebench_selected,3B,paraphrase:693c559e842aadf93ddcaba5f140c97aac1419c23fda3c1038c7a690c13b1213,48,0.274447722224713,0.274447722224713,0.0
livebench_selected,3B,paraphrase:91b1079c3dd6f0c003bb20f34f3783141cbc55926e6e3001ba18eaba3acc169e,1,0.08333333333333333,0.08333333333333333,0.0
livebench_selected,3B,paraphrase:91b1079c3dd6f0c003bb20f34f3783141cbc55926e6e3001ba18eaba3acc169e,2,0.05121527777777784,0.05121527777777784,0.0
livebench_selected,3B,paraphrase:91b1079c3dd6f0c003bb20f34f3783141cbc55926e6e3001ba18eaba3acc169e,4,0.031593228563850356,0.031593228563850356,0.0
livebench_selected,3B,paraphrase:91b1079c3dd6f0c003bb20f34f3783141cbc55926e6e3001ba18eaba3acc169e,8,0.011196691748901774,0.011196691748901774,0.0
livebench_selected,3B,paraphrase:91b1079c3dd6f0c003bb20f34f3783141cbc55926e6e3001ba18eaba3acc169e,16,0.0009689630790941245,0.0009689630790941245,0.0
livebench_selected,3B,paraphrase:91b1079c3dd6f0c003bb20f34f3783141cbc55926e6e3001ba18eaba3acc169e,32,3.886961848773025e-06,3.886961848773025e-06,0.0
livebench_selected,3B,paraphrase:91b1079c3dd6f0c003bb20f34f3783141cbc55926e6e3001ba18eaba3acc169e,48,1.1926997811487927e-08,1.1926997811487927e-08,0.0
livebench_selected,3B,paraphrase:d2adc0a1fad83dc359b9b10550d05c3b551685dbd85ca6f9f68721a7ecdc4785,1,0.0,0.0,0.0
livebench_selected,3B,paraphrase:d2adc0a1fad83dc359b9b10550d05c3b551685dbd85ca6f9f68721a7ecdc4785,2,0.0,0.0,0.0
livebench_selected,3B,paraphrase:d2adc0a1fad83dc359b9b10550d05c3b551685dbd85ca6f9f68721a7ecdc4785,4,0.0,0.0,0.0
livebench_selected,3B,paraphrase:d2adc0a1fad83dc359b9b10550d05c3b551685dbd85ca6f9f68721a7ecdc4785,8,0.0,0.0,0.0
livebench_selected,3B,paraphrase:d2adc0a1fad83dc359b9b10550d05c3b551685dbd85ca6f9f68721a7ecdc4785,16,0.0,0.0,0.0
livebench_selected,3B,paraphrase:d2adc0a1fad83dc359b9b10550d05c3b551685dbd85ca6f9f68721a7ecdc4785,32,0.0,0.0,0.0
livebench_selected,3B,paraphrase:d2adc0a1fad83dc359b9b10550d05c3b551685dbd85ca6f9f68721a7ecdc4785,48,0.0,0.0,0.0
livebench_selected,3B,paraphrase:da578f206820d6be4519d710c3872a4c217f97f111b1f09c89b8e9ad675ce88d,1,0.20833333333333334,0.20833333333333334,0.0
livebench_selected,3B,paraphrase:da578f206820d6be4519d710c3872a4c217f97f111b1f09c89b8e9ad675ce88d,2,0.19965277777777796,0.19965277777777796,0.0
livebench_selected,3B,paraphrase:da578f206820d6be4519d710c3872a4c217f97f111b1f09c89b8e9ad675ce88d,4,0.18935893494405887,0.18935893494405887,0.0
livebench_selected,3B,paraphrase:da578f206820d6be4519d710c3872a4c217f97f111b1f09c89b8e9ad675ce88d,8,0.19737718492559575,0.19737718492559575,0.0
livebench_selected,3B,paraphrase:da578f206820d6be4519d710c3872a4c217f97f111b1f09c89b8e9ad675ce88d,16,0.29136776651405594,0.29136776651405594,0.0
livebench_selected,3B,paraphrase:da578f206820d6be4519d710c3872a4c217f97f111b1f09c89b8e9ad675ce88d,32,0.49025556691718536,0.49025556691718536,0.0
livebench_selected,3B,paraphrase:da578f206820d6be4519d710c3872a4c217f97f111b1f09c89b8e9ad675ce88d,48,0.6359870472315132,0.6359870472315132,0.0
livebench_selected,3B,paraphrase:f3472a74bc480a915c2a3875c505fd5b3ebe475d25cefdae9447002ed88b0106,1,0.0,0.0,0.0
livebench_selected,3B,paraphrase:f3472a74bc480a915c2a3875c505fd5b3ebe475d25cefdae9447002ed88b0106,2,0.0,0.0,0.0
livebench_selected,3B,paraphrase:f3472a74bc480a915c2a3875c505fd5b3ebe475d25cefdae9447002ed88b0106,4,0.0,0.0,0.0
livebench_selected,3B,paraphrase:f3472a74bc480a915c2a3875c505fd5b3ebe475d25cefdae9447002ed88b0106,8,0.0,0.0,0.0
livebench_selected,3B,paraphrase:f3472a74bc480a915c2a3875c505fd5b3ebe475d25cefdae9447002ed88b0106,16,0.0,0.0,0.0
livebench_selected,3B,paraphrase:f3472a74bc480a915c2a3875c505fd5b3ebe475d25cefdae9447002ed88b0106,32,0.0,0.0,0.0
livebench_selected,3B,paraphrase:f3472a74bc480a915c2a3875c505fd5b3ebe475d25cefdae9447002ed88b0106,48,0.0,0.0,0.0
livebench_selected,3B,paraphrase:f4cbfc58a683894a66b028420969bb75a35fe4acda1bd3dce0024062c11b2041,1,0.3333333333333333,0.3333333333333333,0.0
livebench_selected,3B,paraphrase:f4cbfc58a683894a66b028420969bb75a35fe4acda1bd3dce0024062c11b2041,2,0.3194444444444445,0.3194444444444445,0.0
livebench_selected,3B,paraphrase:f4cbfc58a683894a66b028420969bb75a35fe4acda1bd3dce0024062c11b2041,4,0.251447512779707,0.251447512779707,0.0
livebench_selected,3B,paraphrase:f4cbfc58a683894a66b028420969bb75a35fe4acda1bd3dce0024062c11b2041,8,0.1405972699169,0.1405972699169,0.0
livebench_selected,3B,paraphrase:f4cbfc58a683894a66b028420969bb75a35fe4acda1bd3dce0024062c11b2041,16,0.05298304295511463,0.05298304295511463,0.0
livebench_selected,3B,paraphrase:f4cbfc58a683894a66b028420969bb75a35fe4acda1bd3dce0024062c11b2041,32,0.008239473030490399,0.008239473030490399,0.0
livebench_selected,3B,paraphrase:f4cbfc58a683894a66b028420969bb75a35fe4acda1bd3dce0024062c11b2041,48,0.001161674492234314,0.001161674492234314,0.0
livebench_selected,3B,tablereformat:09752b3d3e355017282301de1735bd903221368e1fadf3e64aa9594ef7730e62,1,0.0,0.0,0.0
livebench_selected,3B,tablereformat:09752b3d3e355017282301de1735bd903221368e1fadf3e64aa9594ef7730e62,2,0.0,0.0,0.0
livebench_selected,3B,tablereformat:09752b3d3e355017282301de1735bd903221368e1fadf3e64aa9594ef7730e62,4,0.0,0.0,0.0
livebench_selected,3B,tablereformat:09752b3d3e355017282301de1735bd903221368e1fadf3e64aa9594ef7730e62,8,0.0,0.0,0.0
livebench_selected,3B,tablereformat:09752b3d3e355017282301de1735bd903221368e1fadf3e64aa9594ef7730e62,16,0.0,0.0,0.0
livebench_selected,3B,tablereformat:09752b3d3e355017282301de1735bd903221368e1fadf3e64aa9594ef7730e62,32,0.0,0.0,0.0
livebench_selected,3B,tablereformat:09752b3d3e355017282301de1735bd903221368e1fadf3e64aa9594ef7730e62,48,0.0,0.0,0.0
livebench_selected,3B,tablereformat:56ace477670fa1527771dc1a4f2babac3b704f1c313b8981a53ce892f55b6c05,1,0.0,0.0,0.0
livebench_selected,3B,tablereformat:56ace477670fa1527771dc1a4f2babac3b704f1c313b8981a53ce892f55b6c05,2,0.0,0.0,0.0
livebench_selected,3B,tablereformat:56ace477670fa1527771dc1a4f2babac3b704f1c313b8981a53ce892f55b6c05,4,0.0,0.0,0.0
livebench_selected,3B,tablereformat:56ace477670fa1527771dc1a4f2babac3b704f1c313b8981a53ce892f55b6c05,8,0.0,0.0,0.0
livebench_selected,3B,tablereformat:56ace477670fa1527771dc1a4f2babac3b704f1c313b8981a53ce892f55b6c05,16,0.0,0.0,0.0
livebench_selected,3B,tablereformat:56ace477670fa1527771dc1a4f2babac3b704f1c313b8981a53ce892f55b6c05,32,0.0,0.0,0.0
livebench_selected,3B,tablereformat:56ace477670fa1527771dc1a4f2babac3b704f1c313b8981a53ce892f55b6c05,48,0.0,0.0,0.0
livebench_selected,3B,tablereformat:57772b38ab8d4f9f2e30d5e0cca6e007f228786523ed027bdbf37b59fe20e3b1,1,0.0,0.0,0.0
livebench_selected,3B,tablereformat:57772b38ab8d4f9f2e30d5e0cca6e007f228786523ed027bdbf37b59fe20e3b1,2,0.0,0.0,0.0
livebench_selected,3B,tablereformat:57772b38ab8d4f9f2e30d5e0cca6e007f228786523ed027bdbf37b59fe20e3b1,4,0.0,0.0,0.0
livebench_selected,3B,tablereformat:57772b38ab8d4f9f2e30d5e0cca6e007f228786523ed027bdbf37b59fe20e3b1,8,0.0,0.0,0.0
livebench_selected,3B,tablereformat:57772b38ab8d4f9f2e30d5e0cca6e007f228786523ed027bdbf37b59fe20e3b1,16,0.0,0.0,0.0
livebench_selected,3B,tablereformat:57772b38ab8d4f9f2e30d5e0cca6e007f228786523ed027bdbf37b59fe20e3b1,32,0.0,0.0,0.0
livebench_selected,3B,tablereformat:57772b38ab8d4f9f2e30d5e0cca6e007f228786523ed027bdbf37b59fe20e3b1,48,0.0,0.0,0.0
livebench_selected,3B,tablereformat:8b25c07592f100c7c61af45d3de6eec07f4996d0a211f613cc1e224db02bba4c,1,0.0,0.0,0.0
livebench_selected,3B,tablereformat:8b25c07592f100c7c61af45d3de6eec07f4996d0a211f613cc1e224db02bba4c,2,0.0,0.0,0.0
livebench_selected,3B,tablereformat:8b25c07592f100c7c61af45d3de6eec07f4996d0a211f613cc1e224db02bba4c,4,0.0,0.0,0.0
livebench_selected,3B,tablereformat:8b25c07592f100c7c61af45d3de6eec07f4996d0a211f613cc1e224db02bba4c,8,0.0,0.0,0.0
livebench_selected,3B,tablereformat:8b25c07592f100c7c61af45d3de6eec07f4996d0a211f613cc1e224db02bba4c,16,0.0,0.0,0.0
livebench_selected,3B,tablereformat:8b25c07592f100c7c61af45d3de6eec07f4996d0a211f613cc1e224db02bba4c,32,0.0,0.0,0.0
livebench_selected,3B,tablereformat:8b25c07592f100c7c61af45d3de6eec07f4996d0a211f613cc1e224db02bba4c,48,0.0,0.0,0.0
livebench_selected,3B,tablereformat:ce1fa8f673c3d33b3986e4f4f148ab1a11e42cd2b7f15390f0f4f2acb530a6e3,1,0.0,0.0,0.0
livebench_selected,3B,tablereformat:ce1fa8f673c3d33b3986e4f4f148ab1a11e42cd2b7f15390f0f4f2acb530a6e3,2,0.0,0.0,0.0
livebench_selected,3B,tablereformat:ce1fa8f673c3d33b3986e4f4f148ab1a11e42cd2b7f15390f0f4f2acb530a6e3,4,0.0,0.0,0.0
livebench_selected,3B,tablereformat:ce1fa8f673c3d33b3986e4f4f148ab1a11e42cd2b7f15390f0f4f2acb530a6e3,8,0.0,0.0,0.0
livebench_selected,3B,tablereformat:ce1fa8f673c3d33b3986e4f4f148ab1a11e42cd2b7f15390f0f4f2acb530a6e3,16,0.0,0.0,0.0
livebench_selected,3B,tablereformat:ce1fa8f673c3d33b3986e4f4f148ab1a11e42cd2b7f15390f0f4f2acb530a6e3,32,0.0,0.0,0.0
livebench_selected,3B,tablereformat:ce1fa8f673c3d33b3986e4f4f148ab1a11e42cd2b7f15390f0f4f2acb530a6e3,48,0.0,0.0,0.0
livebench_selected,3B,tablereformat:e114ea800daa6938bd7bbc29c6fde32844324662764b5cb63d7e4e78c3b66c65,1,0.0,0.0,0.0
livebench_selected,3B,tablereformat:e114ea800daa6938bd7bbc29c6fde32844324662764b5cb63d7e4e78c3b66c65,2,0.0,0.0,0.0
livebench_selected,3B,tablereformat:e114ea800daa6938bd7bbc29c6fde32844324662764b5cb63d7e4e78c3b66c65,4,0.0,0.0,0.0
livebench_selected,3B,tablereformat:e114ea800daa6938bd7bbc29c6fde32844324662764b5cb63d7e4e78c3b66c65,8,0.0,0.0,0.0
livebench_selected,3B,tablereformat:e114ea800daa6938bd7bbc29c6fde32844324662764b5cb63d7e4e78c3b66c65,16,0.0,0.0,0.0
livebench_selected,3B,tablereformat:e114ea800daa6938bd7bbc29c6fde32844324662764b5cb63d7e4e78c3b66c65,32,0.0,0.0,0.0
livebench_selected,3B,tablereformat:e114ea800daa6938bd7bbc29c6fde32844324662764b5cb63d7e4e78c3b66c65,48,0.0,0.0,0.0
livebench_selected,3B,tablereformat:eb8aebddc3e1eff35a92de9e8306dfcfebd25201eefda2921b830226b5347dc5,1,0.0,0.0,0.0
livebench_selected,3B,tablereformat:eb8aebddc3e1eff35a92de9e8306dfcfebd25201eefda2921b830226b5347dc5,2,0.0,0.0,0.0
livebench_selected,3B,tablereformat:eb8aebddc3e1eff35a92de9e8306dfcfebd25201eefda2921b830226b5347dc5,4,0.0,0.0,0.0
livebench_selected,3B,tablereformat:eb8aebddc3e1eff35a92de9e8306dfcfebd25201eefda2921b830226b5347dc5,8,0.0,0.0,0.0
livebench_selected,3B,tablereformat:eb8aebddc3e1eff35a92de9e8306dfcfebd25201eefda2921b830226b5347dc5,16,0.0,0.0,0.0
livebench_selected,3B,tablereformat:eb8aebddc3e1eff35a92de9e8306dfcfebd25201eefda2921b830226b5347dc5,32,0.0,0.0,0.0
livebench_selected,3B,tablereformat:eb8aebddc3e1eff35a92de9e8306dfcfebd25201eefda2921b830226b5347dc5,48,0.0,0.0,0.0
livebench_selected,3B,zebra_puzzle:20d48b97e524cd64f82b0e4fb3c597a37bae1d9357e9b2c93aad96b4c70e098e,1,0.16666666666666666,0.16666666666666666,0.0
livebench_selected,3B,zebra_puzzle:20d48b97e524cd64f82b0e4fb3c597a37bae1d9357e9b2c93aad96b4c70e098e,2,0.2161458333333337,0.2161458333333337,0.0
livebench_selected,3B,zebra_puzzle:20d48b97e524cd64f82b0e4fb3c597a37bae1d9357e9b2c93aad96b4c70e098e,4,0.2460180211950236,0.2460180211950236,0.0
livebench_selected,3B,zebra_puzzle:20d48b97e524cd64f82b0e4fb3c597a37bae1d9357e9b2c93aad96b4c70e098e,8,0.234519138146332,0.234519138146332,0.0
livebench_selected,3B,zebra_puzzle:20d48b97e524cd64f82b0e4fb3c597a37bae1d9357e9b2c93aad96b4c70e098e,16,0.18746119487611046,0.18746119487611046,0.0
livebench_selected,3B,zebra_puzzle:20d48b97e524cd64f82b0e4fb3c597a37bae1d9357e9b2c93aad96b4c70e098e,32,0.13189252563052595,0.13189252563052595,0.0
livebench_selected,3B,zebra_puzzle:20d48b97e524cd64f82b0e4fb3c597a37bae1d9357e9b2c93aad96b4c70e098e,48,0.08465849635882747,0.08465849635882747,0.0
livebench_selected,3B,zebra_puzzle:743aa0ae2d518d95d45ab8b77a7e9ffde5a03c07da8a6af9e81a4e3689aeef0c,1,0.041666666666666664,0.041666666666666664,0.0
livebench_selected,3B,zebra_puzzle:743aa0ae2d518d95d45ab8b77a7e9ffde5a03c07da8a6af9e81a4e3689aeef0c,2,0.06684027777777768,0.06684027777777768,0.0
livebench_selected,3B,zebra_puzzle:743aa0ae2d518d95d45ab8b77a7e9ffde5a03c07da8a6af9e81a4e3689aeef0c,4,0.0903678234712576,0.0903678234712576,0.0
livebench_selected,3B,zebra_puzzle:743aa0ae2d518d95d45ab8b77a7e9ffde5a03c07da8a6af9e81a4e3689aeef0c,8,0.09721357652005029,0.09721357652005029,0.0
livebench_selected,3B,zebra_puzzle:743aa0ae2d518d95d45ab8b77a7e9ffde5a03c07da8a6af9e81a4e3689aeef0c,16,0.07801515230036485,0.07801515230036485,0.0
livebench_selected,3B,zebra_puzzle:743aa0ae2d518d95d45ab8b77a7e9ffde5a03c07da8a6af9e81a4e3689aeef0c,32,0.03217969419274944,0.03217969419274944,0.0
livebench_selected,3B,zebra_puzzle:743aa0ae2d518d95d45ab8b77a7e9ffde5a03c07da8a6af9e81a4e3689aeef0c,48,0.010259275852664972,0.010259275852664972,0.0
livebench_selected,3B,zebra_puzzle:84650f1042abf3d267bb79b6d1e1d899d27327a11ab81f1079121734a68306b1,1,0.08333333333333333,0.08333333333333333,0.0
livebench_selected,3B,zebra_puzzle:84650f1042abf3d267bb79b6d1e1d899d27327a11ab81f1079121734a68306b1,2,0.11631944444444438,0.11631944444444438,0.0
livebench_selected,3B,zebra_puzzle:84650f1042abf3d267bb79b6d1e1d899d27327a11ab81f1079121734a68306b1,4,0.1850796923225308,0.1850796923225308,0.0
livebench_selected,3B,zebra_puzzle:84650f1042abf3d267bb79b6d1e1d899d27327a11ab81f1079121734a68306b1,8,0.3020324663856263,0.3020324663856263,0.0
livebench_selected,3B,zebra_puzzle:84650f1042abf3d267bb79b6d1e1d899d27327a11ab81f1079121734a68306b1,16,0.4953911490455278,0.4953911490455278,0.0
livebench_selected,3B,zebra_puzzle:84650f1042abf3d267bb79b6d1e1d899d27327a11ab81f1079121734a68306b1,32,0.7438383023401963,0.7438383023401963,0.0
livebench_selected,3B,zebra_puzzle:84650f1042abf3d267bb79b6d1e1d899d27327a11ab81f1079121734a68306b1,48,0.8703428827312073,0.8703428827312073,0.0
livebench_selected,3B,zebra_puzzle:b1b1678a4f290c8ab2b85f957a0cdbba93ef0c97d1e7ab4663e46e92ebac70e8,1,0.125,0.125,0.0
livebench_selected,3B,zebra_puzzle:b1b1678a4f290c8ab2b85f957a0cdbba93ef0c97d1e7ab4663e46e92ebac70e8,2,0.20312499999999994,0.20312499999999994,0.0
livebench_selected,3B,zebra_puzzle:b1b1678a4f290c8ab2b85f957a0cdbba93ef0c97d1e7ab4663e46e92ebac70e8,4,0.2992078993055555,0.2992078993055555,0.0
livebench_selected,3B,zebra_puzzle:b1b1678a4f290c8ab2b85f957a0cdbba93ef0c97d1e7ab4663e46e92ebac70e8,8,0.43233471412840196,0.43233471412840196,0.0
livebench_selected,3B,zebra_puzzle:b1b1678a4f290c8ab2b85f957a0cdbba93ef0c97d1e7ab4663e46e92ebac70e8,16,0.6468967084786846,0.6468967084786846,0.0
livebench_selected,3B,zebra_puzzle:b1b1678a4f290c8ab2b85f957a0cdbba93ef0c97d1e7ab4663e46e92ebac70e8,32,0.8732366055450274,0.8732366055450274,0.0
livebench_selected,3B,zebra_puzzle:b1b1678a4f290c8ab2b85f957a0cdbba93ef0c97d1e7ab4663e46e92ebac70e8,48,0.9548539895294736,0.9548539895294736,0.0
livebench_selected,3B,zebra_puzzle:bd14ba82d1fe813dcdf6c16f0f868e5f3fe92e4cee9cf5eb3fd5cb6f03d68517,1,0.08333333333333333,0.08333333333333333,0.0
livebench_selected,3B,zebra_puzzle:bd14ba82d1fe813dcdf6c16f0f868e5f3fe92e4cee9cf5eb3fd5cb6f03d68517,2,0.09809027777777779,0.09809027777777779,0.0
livebench_selected,3B,zebra_puzzle:bd14ba82d1fe813dcdf6c16f0f868e5f3fe92e4cee9cf5eb3fd5cb6f03d68517,4,0.07125929844232257,0.07125929844232257,0.0
livebench_selected,3B,zebra_puzzle:bd14ba82d1fe813dcdf6c16f0f868e5f3fe92e4cee9cf5eb3fd5cb6f03d68517,8,0.02159849700230225,0.02159849700230225,0.0
livebench_selected,3B,zebra_puzzle:bd14ba82d1fe813dcdf6c16f0f868e5f3fe92e4cee9cf5eb3fd5cb6f03d68517,16,0.0013347828623164896,0.0013347828623164896,0.0
livebench_selected,3B,zebra_puzzle:bd14ba82d1fe813dcdf6c16f0f868e5f3fe92e4cee9cf5eb3fd5cb6f03d68517,32,4.148570116917838e-06,4.148570116917838e-06,0.0
livebench_selected,3B,zebra_puzzle:bd14ba82d1fe813dcdf6c16f0f868e5f3fe92e4cee9cf5eb3fd5cb6f03d68517,48,1.2080499682294795e-08,1.2080499682294795e-08,0.0
livebench_selected,3B,zebra_puzzle:d977e70d05f737b3df36dbe997420820c43a0c43cfb0ff32290d45667b53987d,1,0.020833333333333332,0.020833333333333332,0.0
livebench_selected,3B,zebra_puzzle:d977e70d05f737b3df36dbe997420820c43a0c43cfb0ff32290d45667b53987d,2,0.023871527777777846,0.023871527777777846,0.0
livebench_selected,3B,zebra_puzzle:d977e70d05f737b3df36dbe997420820c43a0c43cfb0ff32290d45667b53987d,4,0.01567605101032024,0.01567605101032024,0.0
livebench_selected,3B,zebra_puzzle:d977e70d05f737b3df36dbe997420820c43a0c43cfb0ff32290d45667b53987d,8,0.003384488901166563,0.003384488901166563,0.0
livebench_selected,3B,zebra_puzzle:d977e70d05f737b3df36dbe997420820c43a0c43cfb0ff32290d45667b53987d,16,7.929749332719776e-05,7.929749332719776e-05,0.0
livebench_selected,3B,zebra_puzzle:d977e70d05f737b3df36dbe997420820c43a0c43cfb0ff32290d45667b53987d,32,2.2219343564542472e-08,2.2219343564542472e-08,0.0
livebench_selected,3B,zebra_puzzle:d977e70d05f737b3df36dbe997420820c43a0c43cfb0ff32290d45667b53987d,48,4.79409161673423e-12,4.79409161673423e-12,0.0
livebench_selected,3B,zebra_puzzle:fe37c4db2b25d85eb28bc39dc6c978c002216c9e26227d7a9389abad0dd230f0,1,0.25,0.25,0.0
livebench_selected,3B,zebra_puzzle:fe37c4db2b25d85eb28bc39dc6c978c002216c9e26227d7a9389abad0dd230f0,2,0.27777777777777807,0.27777777777777807,0.0
livebench_selected,3B,zebra_puzzle:fe37c4db2b25d85eb28bc39dc6c978c002216c9e26227d7a9389abad0dd230f0,4,0.22491982542438282,0.22491982542438282,0.0
livebench_selected,3B,zebra_puzzle:fe37c4db2b25d85eb28bc39dc6c978c002216c9e26227d7a9389abad0dd230f0,8,0.1312981715911028,0.1312981715911028,0.0
livebench_selected,3B,zebra_puzzle:fe37c4db2b25d85eb28bc39dc6c978c002216c9e26227d7a9389abad0dd230f0,16,0.047081314359110504,0.047081314359110504,0.0
livebench_selected,3B,zebra_puzzle:fe37c4db2b25d85eb28bc39dc6c978c002216c9e26227d7a9389abad0dd230f0,32,0.005159915566543587,0.005159915566543587,0.0
livebench_selected,3B,zebra_puzzle:fe37c4db2b25d85eb28bc39dc6c978c002216c9e26227d7a9389abad0dd230f0,48,0.0004707850223881038,0.0004707850223881038,0.0
livebench_selected,8B,paraphrase:693c559e842aadf93ddcaba5f140c97aac1419c23fda3c1038c7a690c13b1213,1,0.020833333333333332,0.020833333333333332,0.0
livebench_selected,8B,paraphrase:693c559e842aadf93ddcaba5f140c97aac1419c23fda3c1038c7a690c13b1213,2,0.004774305555555554,0.004774305555555554,0.0
livebench_selected,8B,paraphrase:693c559e842aadf93ddcaba5f140c97aac1419c23fda3c1038c7a690c13b1213,4,0.00012640305507330245,0.00012640305507330245,0.0
livebench_selected,8B,paraphrase:693c559e842aadf93ddcaba5f140c97aac1419c23fda3c1038c7a690c13b1213,8,4.574250940314663e-08,4.574250940314663e-08,0.0
livebench_selected,8B,paraphrase:693c559e842aadf93ddcaba5f140c97aac1419c23fda3c1038c7a690c13b1213,16,3.3605548817220826e-15,3.3605548817220826e-15,0.0
livebench_selected,8B,paraphrase:693c559e842aadf93ddcaba5f140c97aac1419c23fda3c1038c7a690c13b1213,32,1.2584849480241564e-29,1.2584849480241564e-29,0.0
livebench_selected,8B,paraphrase:693c559e842aadf93ddcaba5f140c97aac1419c23fda3c1038c7a690c13b1213,48,4.4834455394178933e-44,4.4834455394178933e-44,0.0
livebench_selected,8B,paraphrase:91b1079c3dd6f0c003bb20f34f3783141cbc55926e6e3001ba18eaba3acc169e,1,0.5,0.5,0.0
livebench_selected,8B,paraphrase:91b1079c3dd6f0c003bb20f34f3783141cbc55926e6e3001ba18eaba3acc169e,2,0.508680555555556,0.508680555555556,0.0
livebench_selected,8B,paraphrase:91b1079c3dd6f0c003bb20f34f3783141cbc55926e6e3001ba18eaba3acc169e,4,0.5494399836033955,0.5494399836033955,0.0
livebench_selected,8B,paraphrase:91b1079c3dd6f0c003bb20f34f3783141cbc55926e6e3001ba18eaba3acc169e,8,0.648094946367224,0.648094946367224,0.0
livebench_selected,8B,paraphrase:91b1079c3dd6f0c003bb20f34f3783141cbc55926e6e3001ba18eaba3acc169e,16,0.8068246556336376,0.8068246556336376,0.0
livebench_selected,8B,paraphrase:91b1079c3dd6f0c003bb20f34f3783141cbc55926e6e3001ba18eaba3acc169e,32,0.9465232194894964,0.9465232194894964,0.0
livebench_selected,8B,paraphrase:91b1079c3dd6f0c003bb20f34f3783141cbc55926e6e3001ba18eaba3acc169e,48,0.9858109421774636,0.9858109421774636,0.0
livebench_selected,8B,paraphrase:d2adc0a1fad83dc359b9b10550d05c3b551685dbd85ca6f9f68721a7ecdc4785,1,0.0,0.0,0.0
livebench_selected,8B,paraphrase:d2adc0a1fad83dc359b9b10550d05c3b551685dbd85ca6f9f68721a7ecdc4785,2,0.0,0.0,0.0
livebench_selected,8B,paraphrase:d2adc0a1fad83dc359b9b10550d05c3b551685dbd85ca6f9f68721a7ecdc4785,4,0.0,0.0,0.0
livebench_selected,8B,paraphrase:d2adc0a1fad83dc359b9b10550d05c3b551685dbd85ca6f9f68721a7ecdc4785,8,0.0,0.0,0.0
livebench_selected,8B,paraphrase:d2adc0a1fad83dc359b9b10550d05c3b551685dbd85ca6f9f68721a7ecdc4785,16,0.0,0.0,0.0
livebench_selected,8B,paraphrase:d2adc0a1fad83dc359b9b10550d05c3b551685dbd85ca6f9f68721a7ecdc4785,32,0.0,0.0,0.0
livebench_selected,8B,paraphrase:d2adc0a1fad83dc359b9b10550d05c3b551685dbd85ca6f9f68721a7ecdc4785,48,0.0,0.0,0.0
livebench_selected,8B,paraphrase:da578f206820d6be4519d710c3872a4c217f97f111b1f09c89b8e9ad675ce88d,1,0.5625,0.5625,0.0
livebench_selected,8B,paraphrase:da578f206820d6be4519d710c3872a4c217f97f111b1f09c89b8e9ad675ce88d,2,0.4796006944444447,0.4796006944444447,0.0
livebench_selected,8B,paraphrase:da578f206820d6be4519d710c3872a4c217f97f111b1f09c89b8e9ad675ce88d,4,0.3852360101393715,0.3852360101393715,0.0
livebench_selected,8B,paraphrase:da578f206820d6be4519d710c3872a4c217f97f111b1f09c89b8e9ad675ce88d,8,0.3119663493269515,0.3119663493269515,0.0
livebench_selected,8B,paraphrase:da578f206820d6be4519d710c3872a4c217f97f111b1f09c89b8e9ad675ce88d,16,0.3273832259709708,0.3273832259709708,0.0
livebench_selected,8B,paraphrase:da578f206820d6be4519d710c3872a4c217f97f111b1f09c89b8e9ad675ce88d,32,0.4927509252884787,0.4927509252884787,0.0
livebench_selected,8B,paraphrase:da578f206820d6be4519d710c3872a4c217f97f111b1f09c89b8e9ad675ce88d,48,0.6361345000288893,0.6361345000288893,0.0
livebench_selected,8B,paraphrase:f3472a74bc480a915c2a3875c505fd5b3ebe475d25cefdae9447002ed88b0106,1,0.0,0.0,0.0
livebench_selected,8B,paraphrase:f3472a74bc480a915c2a3875c505fd5b3ebe475d25cefdae9447002ed88b0106,2,0.0,0.0,0.0
livebench_selected,8B,paraphrase:f3472a74bc480a915c2a3875c505fd5b3ebe475d25cefdae9447002ed88b0106,4,0.0,0.0,0.0
livebench_selected,8B,paraphrase:f3472a74bc480a915c2a3875c505fd5b3ebe475d25cefdae9447002ed88b0106,8,0.0,0.0,0.0
livebench_selected,8B,paraphrase:f3472a74bc480a915c2a3875c505fd5b3ebe475d25cefdae9447002ed88b0106,16,0.0,0.0,0.0
livebench_selected,8B,paraphrase:f3472a74bc480a915c2a3875c505fd5b3ebe475d25cefdae9447002ed88b0106,32,0.0,0.0,0.0
livebench_selected,8B,paraphrase:f3472a74bc480a915c2a3875c505fd5b3ebe475d25cefdae9447002ed88b0106,48,0.0,0.0,0.0
livebench_selected,8B,paraphrase:f4cbfc58a683894a66b028420969bb75a35fe4acda1bd3dce0024062c11b2041,1,0.3125,0.3125,0.0
livebench_selected,8B,paraphrase:f4cbfc58a683894a66b028420969bb75a35fe4acda1bd3dce0024062c11b2041,2,0.27994791666666674,0.27994791666666674,0.0
livebench_selected,8B,paraphrase:f4cbfc58a683894a66b028420969bb75a35fe4acda1bd3dce0024062c11b2041,4,0.2725666187427661,0.2725666187427661,0.0
livebench_selected,8B,paraphrase:f4cbfc58a683894a66b028420969bb75a35fe4acda1bd3dce0024062c11b2041,8,0.30587232359310246,0.30587232359310246,0.0
livebench_selected,8B,paraphrase:f4cbfc58a683894a66b028420969bb75a35fe4acda1bd3dce0024062c11b2041,16,0.3714134012364336,0.3714134012364336,0.0
livebench_selected,8B,paraphrase:f4cbfc58a683894a66b028420969bb75a35fe4acda1bd3dce0024062c11b2041,32,0.3837620583960745,0.3837620583960745,0.0
livebench_selected,8B,paraphrase:f4cbfc58a683894a66b028420969bb75a35fe4acda1bd3dce0024062c11b2041,48,0.31890099215394163,0.31890099215394163,0.0
livebench_selected,8B,tablereformat:09752b3d3e355017282301de1735bd903221368e1fadf3e64aa9594ef7730e62,1,0.0,0.0,0.0
livebench_selected,8B,tablereformat:09752b3d3e355017282301de1735bd903221368e1fadf3e64aa9594ef7730e62,2,0.0,0.0,0.0
livebench_selected,8B,tablereformat:09752b3d3e355017282301de1735bd903221368e1fadf3e64aa9594ef7730e62,4,0.0,0.0,0.0
livebench_selected,8B,tablereformat:09752b3d3e355017282301de1735bd903221368e1fadf3e64aa9594ef7730e62,8,0.0,0.0,0.0
livebench_selected,8B,tablereformat:09752b3d3e355017282301de1735bd903221368e1fadf3e64aa9594ef7730e62,16,0.0,0.0,0.0
livebench_selected,8B,tablereformat:09752b3d3e355017282301de1735bd903221368e1fadf3e64aa9594ef7730e62,32,0.0,0.0,0.0
livebench_selected,8B,tablereformat:09752b3d3e355017282301de1735bd903221368e1fadf3e64aa9594ef7730e62,48,0.0,0.0,0.0
livebench_selected,8B,tablereformat:56ace477670fa1527771dc1a4f2babac3b704f1c313b8981a53ce892f55b6c05,1,0.0,0.0,0.0
livebench_selected,8B,tablereformat:56ace477670fa1527771dc1a4f2babac3b704f1c313b8981a53ce892f55b6c05,2,0.0,0.0,0.0
livebench_selected,8B,tablereformat:56ace477670fa1527771dc1a4f2babac3b704f1c313b8981a53ce892f55b6c05,4,0.0,0.0,0.0
livebench_selected,8B,tablereformat:56ace477670fa1527771dc1a4f2babac3b704f1c313b8981a53ce892f55b6c05,8,0.0,0.0,0.0
livebench_selected,8B,tablereformat:56ace477670fa1527771dc1a4f2babac3b704f1c313b8981a53ce892f55b6c05,16,0.0,0.0,0.0
livebench_selected,8B,tablereformat:56ace477670fa1527771dc1a4f2babac3b704f1c313b8981a53ce892f55b6c05,32,0.0,0.0,0.0
livebench_selected,8B,tablereformat:56ace477670fa1527771dc1a4f2babac3b704f1c313b8981a53ce892f55b6c05,48,0.0,0.0,0.0
livebench_selected,8B,tablereformat:57772b38ab8d4f9f2e30d5e0cca6e007f228786523ed027bdbf37b59fe20e3b1,1,0.0,0.0,0.0
livebench_selected,8B,tablereformat:57772b38ab8d4f9f2e30d5e0cca6e007f228786523ed027bdbf37b59fe20e3b1,2,0.0,0.0,0.0
livebench_selected,8B,tablereformat:57772b38ab8d4f9f2e30d5e0cca6e007f228786523ed027bdbf37b59fe20e3b1,4,0.0,0.0,0.0
livebench_selected,8B,tablereformat:57772b38ab8d4f9f2e30d5e0cca6e007f228786523ed027bdbf37b59fe20e3b1,8,0.0,0.0,0.0
livebench_selected,8B,tablereformat:57772b38ab8d4f9f2e30d5e0cca6e007f228786523ed027bdbf37b59fe20e3b1,16,0.0,0.0,0.0
livebench_selected,8B,tablereformat:57772b38ab8d4f9f2e30d5e0cca6e007f228786523ed027bdbf37b59fe20e3b1,32,0.0,0.0,0.0
livebench_selected,8B,tablereformat:57772b38ab8d4f9f2e30d5e0cca6e007f228786523ed027bdbf37b59fe20e3b1,48,0.0,0.0,0.0
livebench_selected,8B,tablereformat:8b25c07592f100c7c61af45d3de6eec07f4996d0a211f613cc1e224db02bba4c,1,0.0,0.0,0.0
livebench_selected,8B,tablereformat:8b25c07592f100c7c61af45d3de6eec07f4996d0a211f613cc1e224db02bba4c,2,0.0,0.0,0.0
livebench_selected,8B,tablereformat:8b25c07592f100c7c61af45d3de6eec07f4996d0a211f613cc1e224db02bba4c,4,0.0,0.0,0.0
livebench_selected,8B,tablereformat:8b25c07592f100c7c61af45d3de6eec07f4996d0a211f613cc1e224db02bba4c,8,0.0,0.0,0.0
livebench_selected,8B,tablereformat:8b25c07592f100c7c61af45d3de6eec07f4996d0a211f613cc1e224db02bba4c,16,0.0,0.0,0.0
livebench_selected,8B,tablereformat:8b25c07592f100c7c61af45d3de6eec07f4996d0a211f613cc1e224db02bba4c,32,0.0,0.0,0.0
livebench_selected,8B,tablereformat:8b25c07592f100c7c61af45d3de6eec07f4996d0a211f613cc1e224db02bba4c,48,0.0,0.0,0.0
livebench_selected,8B,tablereformat:ce1fa8f673c3d33b3986e4f4f148ab1a11e42cd2b7f15390f0f4f2acb530a6e3,1,0.0,0.0,0.0
livebench_selected,8B,tablereformat:ce1fa8f673c3d33b3986e4f4f148ab1a11e42cd2b7f15390f0f4f2acb530a6e3,2,0.0,0.0,0.0
livebench_selected,8B,tablereformat:ce1fa8f673c3d33b3986e4f4f148ab1a11e42cd2b7f15390f0f4f2acb530a6e3,4,0.0,0.0,0.0
livebench_selected,8B,tablereformat:ce1fa8f673c3d33b3986e4f4f148ab1a11e42cd2b7f15390f0f4f2acb530a6e3,8,0.0,0.0,0.0
livebench_selected,8B,tablereformat:ce1fa8f673c3d33b3986e4f4f148ab1a11e42cd2b7f15390f0f4f2acb530a6e3,16,0.0,0.0,0.0
livebench_selected,8B,tablereformat:ce1fa8f673c3d33b3986e4f4f148ab1a11e42cd2b7f15390f0f4f2acb530a6e3,32,0.0,0.0,0.0
livebench_selected,8B,tablereformat:ce1fa8f673c3d33b3986e4f4f148ab1a11e42cd2b7f15390f0f4f2acb530a6e3,48,0.0,0.0,0.0
livebench_selected,8B,tablereformat:e114ea800daa6938bd7bbc29c6fde32844324662764b5cb63d7e4e78c3b66c65,1,0.0,0.0,0.0
livebench_selected,8B,tablereformat:e114ea800daa6938bd7bbc29c6fde32844324662764b5cb63d7e4e78c3b66c65,2,0.0,0.0,0.0
livebench_selected,8B,tablereformat:e114ea800daa6938bd7bbc29c6fde32844324662764b5cb63d7e4e78c3b66c65,4,0.0,0.0,0.0
livebench_selected,8B,tablereformat:e114ea800daa6938bd7bbc29c6fde32844324662764b5cb63d7e4e78c3b66c65,8,0.0,0.0,0.0
livebench_selected,8B,tablereformat:e114ea800daa6938bd7bbc29c6fde32844324662764b5cb63d7e4e78c3b66c65,16,0.0,0.0,0.0
livebench_selected,8B,tablereformat:e114ea800daa6938bd7bbc29c6fde32844324662764b5cb63d7e4e78c3b66c65,32,0.0,0.0,0.0
livebench_selected,8B,tablereformat:e114ea800daa6938bd7bbc29c6fde32844324662764b5cb63d7e4e78c3b66c65,48,0.0,0.0,0.0
livebench_selected,8B,tablereformat:eb8aebddc3e1eff35a92de9e8306dfcfebd25201eefda2921b830226b5347dc5,1,0.0,0.0,0.0
livebench_selected,8B,tablereformat:eb8aebddc3e1eff35a92de9e8306dfcfebd25201eefda2921b830226b5347dc5,2,0.0,0.0,0.0
livebench_selected,8B,tablereformat:eb8aebddc3e1eff35a92de9e8306dfcfebd25201eefda2921b830226b5347dc5,4,0.0,0.0,0.0
livebench_selected,8B,tablereformat:eb8aebddc3e1eff35a92de9e8306dfcfebd25201eefda2921b830226b5347dc5,8,0.0,0.0,0.0
livebench_selected,8B,tablereformat:eb8aebddc3e1eff35a92de9e8306dfcfebd25201eefda2921b830226b5347dc5,16,0.0,0.0,0.0
livebench_selected,8B,tablereformat:eb8aebddc3e1eff35a92de9e8306dfcfebd25201eefda2921b830226b5347dc5,32,0.0,0.0,0.0
livebench_selected,8B,tablereformat:eb8aebddc3e1eff35a92de9e8306dfcfebd25201eefda2921b830226b5347dc5,48,0.0,0.0,0.0
livebench_selected,8B,zebra_puzzle:20d48b97e524cd64f82b0e4fb3c597a37bae1d9357e9b2c93aad96b4c70e098e,1,0.20833333333333334,0.20833333333333334,0.0
livebench_selected,8B,zebra_puzzle:20d48b97e524cd64f82b0e4fb3c597a37bae1d9357e9b2c93aad96b4c70e098e,2,0.16406250000000006,0.16406250000000006,0.0
livebench_selected,8B,zebra_puzzle:20d48b97e524cd64f82b0e4fb3c597a37bae1d9357e9b2c93aad96b4c70e098e,4,0.1551344129774308,0.1551344129774308,0.0
livebench_selected,8B,zebra_puzzle:20d48b97e524cd64f82b0e4fb3c597a37bae1d9357e9b2c93aad96b4c70e098e,8,0.14364550847736496,0.14364550847736496,0.0
livebench_selected,8B,zebra_puzzle:20d48b97e524cd64f82b0e4fb3c597a37bae1d9357e9b2c93aad96b4c70e098e,16,0.09272476196055321,0.09272476196055321,0.0
livebench_selected,8B,zebra_puzzle:20d48b97e524cd64f82b0e4fb3c597a37bae1d9357e9b2c93aad96b4c70e098e,32,0.023155383105543374,0.023155383105543374,0.0
livebench_selected,8B,zebra_puzzle:20d48b97e524cd64f82b0e4fb3c597a37bae1d9357e9b2c93aad96b4c70e098e,48,0.0045745625655713405,0.0045745625655713405,0.0
livebench_selected,8B,zebra_puzzle:743aa0ae2d518d95d45ab8b77a7e9ffde5a03c07da8a6af9e81a4e3689aeef0c,1,0.020833333333333332,0.020833333333333332,0.0
livebench_selected,8B,zebra_puzzle:743aa0ae2d518d95d45ab8b77a7e9ffde5a03c07da8a6af9e81a4e3689aeef0c,2,0.02907986111111116,0.02907986111111116,0.0
livebench_selected,8B,zebra_puzzle:743aa0ae2d518d95d45ab8b77a7e9ffde5a03c07da8a6af9e81a4e3689aeef0c,4,0.028335194528838814,0.028335194528838814,0.0
livebench_selected,8B,zebra_puzzle:743aa0ae2d518d95d45ab8b77a7e9ffde5a03c07da8a6af9e81a4e3689aeef0c,8,0.01346327091673398,0.01346327091673398,0.0
livebench_selected,8B,zebra_puzzle:743aa0ae2d518d95d45ab8b77a7e9ffde5a03c07da8a6af9e81a4e3689aeef0c,16,0.0015251449552899374,0.0015251449552899374,0.0
livebench_selected,8B,zebra_puzzle:743aa0ae2d518d95d45ab8b77a7e9ffde5a03c07da8a6af9e81a4e3689aeef0c,32,9.924155818300935e-06,9.924155818300935e-06,0.0
livebench_selected,8B,zebra_puzzle:743aa0ae2d518d95d45ab8b77a7e9ffde5a03c07da8a6af9e81a4e3689aeef0c,48,4.931944229121366e-08,4.931944229121366e-08,0.0
livebench_selected,8B,zebra_puzzle:84650f1042abf3d267bb79b6d1e1d899d27327a11ab81f1079121734a68306b1,1,0.4375,0.4375,0.0
livebench_selected,8B,zebra_puzzle:84650f1042abf3d267bb79b6d1e1d899d27327a11ab81f1079121734a68306b1,2,0.4544270833333337,0.4544270833333337,0.0
livebench_selected,8B,zebra_puzzle:84650f1042abf3d267bb79b6d1e1d899d27327a11ab81f1079121734a68306b1,4,0.3869182445384842,0.3869182445384842,0.0
livebench_selected,8B,zebra_puzzle:84650f1042abf3d267bb79b6d1e1d899d27327a11ab81f1079121734a68306b1,8,0.2606710280064126,0.2606710280064126,0.0
livebench_selected,8B,zebra_puzzle:84650f1042abf3d267bb79b6d1e1d899d27327a11ab81f1079121734a68306b1,16,0.12128871712749592,0.12128871712749592,0.0
livebench_selected,8B,zebra_puzzle:84650f1042abf3d267bb79b6d1e1d899d27327a11ab81f1079121734a68306b1,32,0.024982583073730857,0.024982583073730857,0.0
livebench_selected,8B,zebra_puzzle:84650f1042abf3d267bb79b6d1e1d899d27327a11ab81f1079121734a68306b1,48,0.004689352730679155,0.004689352730679155,0.0
livebench_selected,8B,zebra_puzzle:b1b1678a4f290c8ab2b85f957a0cdbba93ef0c97d1e7ab4663e46e92ebac70e8,1,0.125,0.125,0.0
livebench_selected,8B,zebra_puzzle:b1b1678a4f290c8ab2b85f957a0cdbba93ef0c97d1e7ab4663e46e92ebac70e8,2,0.14583333333333315,0.14583333333333315,0.0
livebench_selected,8B,zebra_puzzle:b1b1678a4f290c8ab2b85f957a0cdbba93ef0c97d1e7ab4663e46e92ebac70e8,4,0.12697120949074056,0.12697120949074056,0.0
livebench_selected,8B,zebra_puzzle:b1b1678a4f290c8ab2b85f957a0cdbba93ef0c97d1e7ab4663e46e92ebac70e8,8,0.08187426388209182,0.08187426388209182,0.0
livebench_selected,8B,zebra_puzzle:b1b1678a4f290c8ab2b85f957a0cdbba93ef0c97d1e7ab4663e46e92ebac70e8,16,0.031832750200658844,0.031832750200658844,0.0
livebench_selected,8B,zebra_puzzle:b1b1678a4f290c8ab2b85f957a0cdbba93ef0c97d1e7ab4663e46e92ebac70e8,32,0.0036625622990732886,0.0036625622990732886,0.0
livebench_selected,8B,zebra_puzzle:b1b1678a4f290c8ab2b85f957a0cdbba93ef0c97d1e7ab4663e46e92ebac70e8,48,0.00036217102952319427,0.00036217102952319427,0.0
livebench_selected,8B,zebra_puzzle:bd14ba82d1fe813dcdf6c16f0f868e5f3fe92e4cee9cf5eb3fd5cb6f03d68517,1,0.1875,0.1875,0.0
livebench_selected,8B,zebra_puzzle:bd14ba82d1fe813dcdf6c16f0f868e5f3fe92e4cee9cf5eb3fd5cb6f03d68517,2,0.1775173611111111,0.1775173611111111,0.0
livebench_selected,8B,zebra_puzzle:bd14ba82d1fe813dcdf6c16f0f868e5f3fe92e4cee9cf5eb3fd5cb6f03d68517,4,0.11766918794608416,0.11766918794608416,0.0
livebench_selected,8B,zebra_puzzle:bd14ba82d1fe813dcdf6c16f0f868e5f3fe92e4cee9cf5eb3fd5cb6f03d68517,8,0.04255823076164959,0.04255823076164959,0.0
livebench_selected,8B,zebra_puzzle:bd14ba82d1fe813dcdf6c16f0f868e5f3fe92e4cee9cf5eb3fd5cb6f03d68517,16,0.005352301893337684,0.005352301893337684,0.0
livebench_selected,8B,zebra_puzzle:bd14ba82d1fe813dcdf6c16f0f868e5f3fe92e4cee9cf5eb3fd5cb6f03d68517,32,6.966985039439676e-05,6.966985039439676e-05,0.0
livebench_selected,8B,zebra_puzzle:bd14ba82d1fe813dcdf6c16f0f868e5f3fe92e4cee9cf5eb3fd5cb6f03d68517,48,7.957124043867465e-07,7.957124043867465e-07,0.0
livebench_selected,8B,zebra_puzzle:d977e70d05f737b3df36dbe997420820c43a0c43cfb0ff32290d45667b53987d,1,0.020833333333333332,0.020833333333333332,0.0
livebench_selected,8B,zebra_puzzle:d977e70d05f737b3df36dbe997420820c43a0c43cfb0ff32290d45667b53987d,2,0.003906250000000002,0.003906250000000002,0.0
livebench_selected,8B,zebra_puzzle:d977e70d05f737b3df36dbe997420820c43a0c43cfb0ff32290d45667b53987d,4,6.951226128472225e-05,6.951226128472225e-05,0.0
livebench_selected,8B,zebra_puzzle:d977e70d05f737b3df36dbe997420820c43a0c43cfb0ff32290d45667b53987d,8,1.153645497863022e-08,1.153645497863022e-08,0.0
livebench_selected,8B,zebra_puzzle:d977e70d05f737b3df36dbe997420820c43a0c43cfb0ff32290d45667b53987d,16,1.8675000778517864e-16,1.8675000778517864e-16,0.0
livebench_selected,8B,zebra_puzzle:d977e70d05f737b3df36dbe997420820c43a0c43cfb0ff32290d45667b53987d,32,3.6895748293006033e-32,3.6895748293006033e-32,0.0
livebench_selected,8B,zebra_puzzle:d977e70d05f737b3df36dbe997420820c43a0c43cfb0ff32290d45667b53987d,48,7.095305981072182e-48,7.095305981072182e-48,0.0
livebench_selected,8B,zebra_puzzle:fe37c4db2b25d85eb28bc39dc6c978c002216c9e26227d7a9389abad0dd230f0,1,0.375,0.375,0.0
livebench_selected,8B,zebra_puzzle:fe37c4db2b25d85eb28bc39dc6c978c002216c9e26227d7a9389abad0dd230f0,2,0.3350694444444444,0.3350694444444444,0.0
livebench_selected,8B,zebra_puzzle:fe37c4db2b25d85eb28bc39dc6c978c002216c9e26227d7a9389abad0dd230f0,4,0.25689998673804026,0.25689998673804026,0.0
livebench_selected,8B,zebra_puzzle:fe37c4db2b25d85eb28bc39dc6c978c002216c9e26227d7a9389abad0dd230f0,8,0.207250352889428,0.207250352889428,0.0
livebench_selected,8B,zebra_puzzle:fe37c4db2b25d85eb28bc39dc6c978c002216c9e26227d7a9389abad0dd230f0,16,0.16505693826027235,0.16505693826027235,0.0
livebench_selected,8B,zebra_puzzle:fe37c4db2b25d85eb28bc39dc6c978c002216c9e26227d7a9389abad0dd230f0,32,0.08070779308594375,0.08070779308594375,0.0
livebench_selected,8B,zebra_puzzle:fe37c4db2b25d85eb28bc39dc6c978c002216c9e26227d7a9389abad0dd230f0,48,0.03324135198003088,0.03324135198003088,0.0
livebench_selected,Super49B,paraphrase:693c559e842aadf93ddcaba5f140c97aac1419c23fda3c1038c7a690c13b1213,1,0.9166666666666666,0.9166666666666666,0.0
livebench_selected,Super49B,paraphrase:693c559e842aadf93ddcaba5f140c97aac1419c23fda3c1038c7a690c13b1213,2,0.9704861111111112,0.9704861111111112,0.0
livebench_selected,Super49B,paraphrase:693c559e842aadf93ddcaba5f140c97aac1419c23fda3c1038c7a690c13b1213,4,0.9969580379533178,0.9969580379533178,0.0
livebench_selected,Super49B,paraphrase:693c559e842aadf93ddcaba5f140c97aac1419c23fda3c1038c7a690c13b1213,8,0.9999603332189119,0.9999603332189119,0.0
livebench_selected,Super49B,paraphrase:693c559e842aadf93ddcaba5f140c97aac1419c23fda3c1038c7a690c13b1213,16,0.9999999944689424,0.9999999944689424,0.0
livebench_selected,Super49B,paraphrase:693c559e842aadf93ddcaba5f140c97aac1419c23fda3c1038c7a690c13b1213,32,1.0,1.0,0.0
livebench_selected,Super49B,paraphrase:693c559e842aadf93ddcaba5f140c97aac1419c23fda3c1038c7a690c13b1213,48,1.0,1.0,0.0
livebench_selected,Super49B,paraphrase:91b1079c3dd6f0c003bb20f34f3783141cbc55926e6e3001ba18eaba3acc169e,1,0.6666666666666666,0.6666666666666666,0.0
livebench_selected,Super49B,paraphrase:91b1079c3dd6f0c003bb20f34f3783141cbc55926e6e3001ba18eaba3acc169e,2,0.7161458333333331,0.7161458333333331,0.0
livebench_selected,Super49B,paraphrase:91b1079c3dd6f0c003bb20f34f3783141cbc55926e6e3001ba18eaba3acc169e,4,0.7403733995225692,0.7403733995225692,0.0
livebench_selected,Super49B,paraphrase:91b1079c3dd6f0c003bb20f34f3783141cbc55926e6e3001ba18eaba3acc169e,8,0.7477106586101648,0.7477106586101648,0.0
livebench_selected,Super49B,paraphrase:91b1079c3dd6f0c003bb20f34f3783141cbc55926e6e3001ba18eaba3acc169e,16,0.7395304318608881,0.7395304318608881,0.0
livebench_selected,Super49B,paraphrase:91b1079c3dd6f0c003bb20f34f3783141cbc55926e6e3001ba18eaba3acc169e,32,0.8055845258046843,0.8055845258046843,0.0
livebench_selected,Super49B,paraphrase:91b1079c3dd6f0c003bb20f34f3783141cbc55926e6e3001ba18eaba3acc169e,48,0.8856942190767978,0.8856942190767978,0.0
livebench_selected,Super49B,paraphrase:d2adc0a1fad83dc359b9b10550d05c3b551685dbd85ca6f9f68721a7ecdc4785,1,1.0,1.0,0.0
livebench_selected,Super49B,paraphrase:d2adc0a1fad83dc359b9b10550d05c3b551685dbd85ca6f9f68721a7ecdc4785,2,1.0,1.0,0.0
livebench_selected,Super49B,paraphrase:d2adc0a1fad83dc359b9b10550d05c3b551685dbd85ca6f9f68721a7ecdc4785,4,1.0,1.0,0.0
livebench_selected,Super49B,paraphrase:d2adc0a1fad83dc359b9b10550d05c3b551685dbd85ca6f9f68721a7ecdc4785,8,1.0,1.0,0.0
livebench_selected,Super49B,paraphrase:d2adc0a1fad83dc359b9b10550d05c3b551685dbd85ca6f9f68721a7ecdc4785,16,1.0,1.0,0.0
livebench_selected,Super49B,paraphrase:d2adc0a1fad83dc359b9b10550d05c3b551685dbd85ca6f9f68721a7ecdc4785,32,1.0,1.0,0.0
livebench_selected,Super49B,paraphrase:d2adc0a1fad83dc359b9b10550d05c3b551685dbd85ca6f9f68721a7ecdc4785,48,1.0,1.0,0.0
livebench_selected,Super49B,paraphrase:da578f206820d6be4519d710c3872a4c217f97f111b1f09c89b8e9ad675ce88d,1,1.0,1.0,0.0
livebench_selected,Super49B,paraphrase:da578f206820d6be4519d710c3872a4c217f97f111b1f09c89b8e9ad675ce88d,2,1.0,1.0,0.0
livebench_selected,Super49B,paraphrase:da578f206820d6be4519d710c3872a4c217f97f111b1f09c89b8e9ad675ce88d,4,1.0,1.0,0.0
livebench_selected,Super49B,paraphrase:da578f206820d6be4519d710c3872a4c217f97f111b1f09c89b8e9ad675ce88d,8,1.0,1.0,0.0
livebench_selected,Super49B,paraphrase:da578f206820d6be4519d710c3872a4c217f97f111b1f09c89b8e9ad675ce88d,16,1.0,1.0,0.0
livebench_selected,Super49B,paraphrase:da578f206820d6be4519d710c3872a4c217f97f111b1f09c89b8e9ad675ce88d,32,1.0,1.0,0.0
livebench_selected,Super49B,paraphrase:da578f206820d6be4519d710c3872a4c217f97f111b1f09c89b8e9ad675ce88d,48,1.0,1.0,0.0
livebench_selected,Super49B,paraphrase:f3472a74bc480a915c2a3875c505fd5b3ebe475d25cefdae9447002ed88b0106,1,0.7083333333333334,0.7083333333333334,0.0
livebench_selected,Super49B,paraphrase:f3472a74bc480a915c2a3875c505fd5b3ebe475d25cefdae9447002ed88b0106,2,0.6527777777777776,0.6527777777777776,0.0
livebench_selected,Super49B,paraphrase:f3472a74bc480a915c2a3875c505fd5b3ebe475d25cefdae9447002ed88b0106,4,0.6063239957079474,0.6063239957079474,0.0
livebench_selected,Super49B,paraphrase:f3472a74bc480a915c2a3875c505fd5b3ebe475d25cefdae9447002ed88b0106,8,0.5832587364861465,0.5832587364861465,0.0
livebench_selected,Super49B,paraphrase:f3472a74bc480a915c2a3875c505fd5b3ebe475d25cefdae9447002ed88b0106,16,0.5961226525988517,0.5961226525988517,0.0
livebench_selected,Super49B,paraphrase:f3472a74bc480a915c2a3875c505fd5b3ebe475d25cefdae9447002ed88b0106,32,0.6632592364027913,0.6632592364027913,0.0
livebench_selected,Super49B,paraphrase:f3472a74bc480a915c2a3875c505fd5b3ebe475d25cefdae9447002ed88b0106,48,0.7322567832485037,0.7322567832485037,0.0
livebench_selected,Super49B,paraphrase:f4cbfc58a683894a66b028420969bb75a35fe4acda1bd3dce0024062c11b2041,1,0.7291666666666666,0.7291666666666666,0.0
livebench_selected,Super49B,paraphrase:f4cbfc58a683894a66b028420969bb75a35fe4acda1bd3dce0024062c11b2041,2,0.7773437500000002,0.7773437500000002,0.0
livebench_selected,Super49B,paraphrase:f4cbfc58a683894a66b028420969bb75a35fe4acda1bd3dce0024062c11b2041,4,0.8502180311414933,0.8502180311414933,0.0
livebench_selected,Super49B,paraphrase:f4cbfc58a683894a66b028420969bb75a35fe4acda1bd3dce0024062c11b2041,8,0.9213232374344463,0.9213232374344463,0.0
livebench_selected,Super49B,paraphrase:f4cbfc58a683894a66b028420969bb75a35fe4acda1bd3dce0024062c11b2041,16,0.9711624012965695,0.9711624012965695,0.0
livebench_selected,Super49B,paraphrase:f4cbfc58a683894a66b028420969bb75a35fe4acda1bd3dce0024062c11b2041,32,0.9964536605228247,0.9964536605228247,0.0
livebench_selected,Super49B,paraphrase:f4cbfc58a683894a66b028420969bb75a35fe4acda1bd3dce0024062c11b2041,48,0.9996403771205258,0.9996403771205258,0.0
livebench_selected,Super49B,tablereformat:09752b3d3e355017282301de1735bd903221368e1fadf3e64aa9594ef7730e62,1,0.0,0.0,0.0
livebench_selected,Super49B,tablereformat:09752b3d3e355017282301de1735bd903221368e1fadf3e64aa9594ef7730e62,2,0.0,0.0,0.0
livebench_selected,Super49B,tablereformat:09752b3d3e355017282301de1735bd903221368e1fadf3e64aa9594ef7730e62,4,0.0,0.0,0.0
livebench_selected,Super49B,tablereformat:09752b3d3e355017282301de1735bd903221368e1fadf3e64aa9594ef7730e62,8,0.0,0.0,0.0
livebench_selected,Super49B,tablereformat:09752b3d3e355017282301de1735bd903221368e1fadf3e64aa9594ef7730e62,16,0.0,0.0,0.0
livebench_selected,Super49B,tablereformat:09752b3d3e355017282301de1735bd903221368e1fadf3e64aa9594ef7730e62,32,0.0,0.0,0.0
livebench_selected,Super49B,tablereformat:09752b3d3e355017282301de1735bd903221368e1fadf3e64aa9594ef7730e62,48,0.0,0.0,0.0
livebench_selected,Super49B,tablereformat:56ace477670fa1527771dc1a4f2babac3b704f1c313b8981a53ce892f55b6c05,1,0.0,0.0,0.0
livebench_selected,Super49B,tablereformat:56ace477670fa1527771dc1a4f2babac3b704f1c313b8981a53ce892f55b6c05,2,0.0,0.0,0.0
livebench_selected,Super49B,tablereformat:56ace477670fa1527771dc1a4f2babac3b704f1c313b8981a53ce892f55b6c05,4,0.0,0.0,0.0
livebench_selected,Super49B,tablereformat:56ace477670fa1527771dc1a4f2babac3b704f1c313b8981a53ce892f55b6c05,8,0.0,0.0,0.0
livebench_selected,Super49B,tablereformat:56ace477670fa1527771dc1a4f2babac3b704f1c313b8981a53ce892f55b6c05,16,0.0,0.0,0.0
livebench_selected,Super49B,tablereformat:56ace477670fa1527771dc1a4f2babac3b704f1c313b8981a53ce892f55b6c05,32,0.0,0.0,0.0
livebench_selected,Super49B,tablereformat:56ace477670fa1527771dc1a4f2babac3b704f1c313b8981a53ce892f55b6c05,48,0.0,0.0,0.0
livebench_selected,Super49B,tablereformat:57772b38ab8d4f9f2e30d5e0cca6e007f228786523ed027bdbf37b59fe20e3b1,1,0.0,0.0,0.0
livebench_selected,Super49B,tablereformat:57772b38ab8d4f9f2e30d5e0cca6e007f228786523ed027bdbf37b59fe20e3b1,2,0.0,0.0,0.0
livebench_selected,Super49B,tablereformat:57772b38ab8d4f9f2e30d5e0cca6e007f228786523ed027bdbf37b59fe20e3b1,4,0.0,0.0,0.0
livebench_selected,Super49B,tablereformat:57772b38ab8d4f9f2e30d5e0cca6e007f228786523ed027bdbf37b59fe20e3b1,8,0.0,0.0,0.0
livebench_selected,Super49B,tablereformat:57772b38ab8d4f9f2e30d5e0cca6e007f228786523ed027bdbf37b59fe20e3b1,16,0.0,0.0,0.0
livebench_selected,Super49B,tablereformat:57772b38ab8d4f9f2e30d5e0cca6e007f228786523ed027bdbf37b59fe20e3b1,32,0.0,0.0,0.0
livebench_selected,Super49B,tablereformat:57772b38ab8d4f9f2e30d5e0cca6e007f228786523ed027bdbf37b59fe20e3b1,48,0.0,0.0,0.0
livebench_selected,Super49B,tablereformat:8b25c07592f100c7c61af45d3de6eec07f4996d0a211f613cc1e224db02bba4c,1,0.0,0.0,0.0
livebench_selected,Super49B,tablereformat:8b25c07592f100c7c61af45d3de6eec07f4996d0a211f613cc1e224db02bba4c,2,0.0,0.0,0.0
livebench_selected,Super49B,tablereformat:8b25c07592f100c7c61af45d3de6eec07f4996d0a211f613cc1e224db02bba4c,4,0.0,0.0,0.0
livebench_selected,Super49B,tablereformat:8b25c07592f100c7c61af45d3de6eec07f4996d0a211f613cc1e224db02bba4c,8,0.0,0.0,0.0
livebench_selected,Super49B,tablereformat:8b25c07592f100c7c61af45d3de6eec07f4996d0a211f613cc1e224db02bba4c,16,0.0,0.0,0.0
livebench_selected,Super49B,tablereformat:8b25c07592f100c7c61af45d3de6eec07f4996d0a211f613cc1e224db02bba4c,32,0.0,0.0,0.0
livebench_selected,Super49B,tablereformat:8b25c07592f100c7c61af45d3de6eec07f4996d0a211f613cc1e224db02bba4c,48,0.0,0.0,0.0
livebench_selected,Super49B,tablereformat:ce1fa8f673c3d33b3986e4f4f148ab1a11e42cd2b7f15390f0f4f2acb530a6e3,1,0.0,0.0,0.0
livebench_selected,Super49B,tablereformat:ce1fa8f673c3d33b3986e4f4f148ab1a11e42cd2b7f15390f0f4f2acb530a6e3,2,0.0,0.0,0.0
livebench_selected,Super49B,tablereformat:ce1fa8f673c3d33b3986e4f4f148ab1a11e42cd2b7f15390f0f4f2acb530a6e3,4,0.0,0.0,0.0
livebench_selected,Super49B,tablereformat:ce1fa8f673c3d33b3986e4f4f148ab1a11e42cd2b7f15390f0f4f2acb530a6e3,8,0.0,0.0,0.0
livebench_selected,Super49B,tablereformat:ce1fa8f673c3d33b3986e4f4f148ab1a11e42cd2b7f15390f0f4f2acb530a6e3,16,0.0,0.0,0.0
livebench_selected,Super49B,tablereformat:ce1fa8f673c3d33b3986e4f4f148ab1a11e42cd2b7f15390f0f4f2acb530a6e3,32,0.0,0.0,0.0
livebench_selected,Super49B,tablereformat:ce1fa8f673c3d33b3986e4f4f148ab1a11e42cd2b7f15390f0f4f2acb530a6e3,48,0.0,0.0,0.0
livebench_selected,Super49B,tablereformat:e114ea800daa6938bd7bbc29c6fde32844324662764b5cb63d7e4e78c3b66c65,1,0.0,0.0,0.0
livebench_selected,Super49B,tablereformat:e114ea800daa6938bd7bbc29c6fde32844324662764b5cb63d7e4e78c3b66c65,2,0.0,0.0,0.0
livebench_selected,Super49B,tablereformat:e114ea800daa6938bd7bbc29c6fde32844324662764b5cb63d7e4e78c3b66c65,4,0.0,0.0,0.0
livebench_selected,Super49B,tablereformat:e114ea800daa6938bd7bbc29c6fde32844324662764b5cb63d7e4e78c3b66c65,8,0.0,0.0,0.0
livebench_selected,Super49B,tablereformat:e114ea800daa6938bd7bbc29c6fde32844324662764b5cb63d7e4e78c3b66c65,16,0.0,0.0,0.0
livebench_selected,Super49B,tablereformat:e114ea800daa6938bd7bbc29c6fde32844324662764b5cb63d7e4e78c3b66c65,32,0.0,0.0,0.0
livebench_selected,Super49B,tablereformat:e114ea800daa6938bd7bbc29c6fde32844324662764b5cb63d7e4e78c3b66c65,48,0.0,0.0,0.0
livebench_selected,Super49B,tablereformat:eb8aebddc3e1eff35a92de9e8306dfcfebd25201eefda2921b830226b5347dc5,1,0.0,0.0,0.0
livebench_selected,Super49B,tablereformat:eb8aebddc3e1eff35a92de9e8306dfcfebd25201eefda2921b830226b5347dc5,2,0.0,0.0,0.0
livebench_selected,Super49B,tablereformat:eb8aebddc3e1eff35a92de9e8306dfcfebd25201eefda2921b830226b5347dc5,4,0.0,0.0,0.0
livebench_selected,Super49B,tablereformat:eb8aebddc3e1eff35a92de9e8306dfcfebd25201eefda2921b830226b5347dc5,8,0.0,0.0,0.0
livebench_selected,Super49B,tablereformat:eb8aebddc3e1eff35a92de9e8306dfcfebd25201eefda2921b830226b5347dc5,16,0.0,0.0,0.0
livebench_selected,Super49B,tablereformat:eb8aebddc3e1eff35a92de9e8306dfcfebd25201eefda2921b830226b5347dc5,32,0.0,0.0,0.0
livebench_selected,Super49B,tablereformat:eb8aebddc3e1eff35a92de9e8306dfcfebd25201eefda2921b830226b5347dc5,48,0.0,0.0,0.0
livebench_selected,Super49B,zebra_puzzle:20d48b97e524cd64f82b0e4fb3c597a37bae1d9357e9b2c93aad96b4c70e098e,1,0.0,0.0,0.0
livebench_selected,Super49B,zebra_puzzle:20d48b97e524cd64f82b0e4fb3c597a37bae1d9357e9b2c93aad96b4c70e098e,2,0.0,0.0,0.0
livebench_selected,Super49B,zebra_puzzle:20d48b97e524cd64f82b0e4fb3c597a37bae1d9357e9b2c93aad96b4c70e098e,4,0.0,0.0,0.0
livebench_selected,Super49B,zebra_puzzle:20d48b97e524cd64f82b0e4fb3c597a37bae1d9357e9b2c93aad96b4c70e098e,8,0.0,0.0,0.0
livebench_selected,Super49B,zebra_puzzle:20d48b97e524cd64f82b0e4fb3c597a37bae1d9357e9b2c93aad96b4c70e098e,16,0.0,0.0,0.0
livebench_selected,Super49B,zebra_puzzle:20d48b97e524cd64f82b0e4fb3c597a37bae1d9357e9b2c93aad96b4c70e098e,32,0.0,0.0,0.0
livebench_selected,Super49B,zebra_puzzle:20d48b97e524cd64f82b0e4fb3c597a37bae1d9357e9b2c93aad96b4c70e098e,48,0.0,0.0,0.0
livebench_selected,Super49B,zebra_puzzle:743aa0ae2d518d95d45ab8b77a7e9ffde5a03c07da8a6af9e81a4e3689aeef0c,1,0.0,0.0,0.0
livebench_selected,Super49B,zebra_puzzle:743aa0ae2d518d95d45ab8b77a7e9ffde5a03c07da8a6af9e81a4e3689aeef0c,2,0.0,0.0,0.0
livebench_selected,Super49B,zebra_puzzle:743aa0ae2d518d95d45ab8b77a7e9ffde5a03c07da8a6af9e81a4e3689aeef0c,4,0.0,0.0,0.0
livebench_selected,Super49B,zebra_puzzle:743aa0ae2d518d95d45ab8b77a7e9ffde5a03c07da8a6af9e81a4e3689aeef0c,8,0.0,0.0,0.0
livebench_selected,Super49B,zebra_puzzle:743aa0ae2d518d95d45ab8b77a7e9ffde5a03c07da8a6af9e81a4e3689aeef0c,16,0.0,0.0,0.0
livebench_selected,Super49B,zebra_puzzle:743aa0ae2d518d95d45ab8b77a7e9ffde5a03c07da8a6af9e81a4e3689aeef0c,32,0.0,0.0,0.0
livebench_selected,Super49B,zebra_puzzle:743aa0ae2d518d95d45ab8b77a7e9ffde5a03c07da8a6af9e81a4e3689aeef0c,48,0.0,0.0,0.0
livebench_selected,Super49B,zebra_puzzle:84650f1042abf3d267bb79b6d1e1d899d27327a11ab81f1079121734a68306b1,1,0.0,0.0,0.0
livebench_selected,Super49B,zebra_puzzle:84650f1042abf3d267bb79b6d1e1d899d27327a11ab81f1079121734a68306b1,2,0.0,0.0,0.0
livebench_selected,Super49B,zebra_puzzle:84650f1042abf3d267bb79b6d1e1d899d27327a11ab81f1079121734a68306b1,4,0.0,0.0,0.0
livebench_selected,Super49B,zebra_puzzle:84650f1042abf3d267bb79b6d1e1d899d27327a11ab81f1079121734a68306b1,8,0.0,0.0,0.0
livebench_selected,Super49B,zebra_puzzle:84650f1042abf3d267bb79b6d1e1d899d27327a11ab81f1079121734a68306b1,16,0.0,0.0,0.0
livebench_selected,Super49B,zebra_puzzle:84650f1042abf3d267bb79b6d1e1d899d27327a11ab81f1079121734a68306b1,32,0.0,0.0,0.0
livebench_selected,Super49B,zebra_puzzle:84650f1042abf3d267bb79b6d1e1d899d27327a11ab81f1079121734a68306b1,48,0.0,0.0,0.0
livebench_selected,Super49B,zebra_puzzle:b1b1678a4f290c8ab2b85f957a0cdbba93ef0c97d1e7ab4663e46e92ebac70e8,1,0.0,0.0,0.0
livebench_selected,Super49B,zebra_puzzle:b1b1678a4f290c8ab2b85f957a0cdbba93ef0c97d1e7ab4663e46e92ebac70e8,2,0.0,0.0,0.0
livebench_selected,Super49B,zebra_puzzle:b1b1678a4f290c8ab2b85f957a0cdbba93ef0c97d1e7ab4663e46e92ebac70e8,4,0.0,0.0,0.0
livebench_selected,Super49B,zebra_puzzle:b1b1678a4f290c8ab2b85f957a0cdbba93ef0c97d1e7ab4663e46e92ebac70e8,8,0.0,0.0,0.0
livebench_selected,Super49B,zebra_puzzle:b1b1678a4f290c8ab2b85f957a0cdbba93ef0c97d1e7ab4663e46e92ebac70e8,16,0.0,0.0,0.0
livebench_selected,Super49B,zebra_puzzle:b1b1678a4f290c8ab2b85f957a0cdbba93ef0c97d1e7ab4663e46e92ebac70e8,32,0.0,0.0,0.0
livebench_selected,Super49B,zebra_puzzle:b1b1678a4f290c8ab2b85f957a0cdbba93ef0c97d1e7ab4663e46e92ebac70e8,48,0.0,0.0,0.0
livebench_selected,Super49B,zebra_puzzle:bd14ba82d1fe813dcdf6c16f0f868e5f3fe92e4cee9cf5eb3fd5cb6f03d68517,1,0.0,0.0,0.0
livebench_selected,Super49B,zebra_puzzle:bd14ba82d1fe813dcdf6c16f0f868e5f3fe92e4cee9cf5eb3fd5cb6f03d68517,2,0.0,0.0,0.0
livebench_selected,Super49B,zebra_puzzle:bd14ba82d1fe813dcdf6c16f0f868e5f3fe92e4cee9cf5eb3fd5cb6f03d68517,4,0.0,0.0,0.0
livebench_selected,Super49B,zebra_puzzle:bd14ba82d1fe813dcdf6c16f0f868e5f3fe92e4cee9cf5eb3fd5cb6f03d68517,8,0.0,0.0,0.0
livebench_selected,Super49B,zebra_puzzle:bd14ba82d1fe813dcdf6c16f0f868e5f3fe92e4cee9cf5eb3fd5cb6f03d68517,16,0.0,0.0,0.0
livebench_selected,Super49B,zebra_puzzle:bd14ba82d1fe813dcdf6c16f0f868e5f3fe92e4cee9cf5eb3fd5cb6f03d68517,32,0.0,0.0,0.0
livebench_selected,Super49B,zebra_puzzle:bd14ba82d1fe813dcdf6c16f0f868e5f3fe92e4cee9cf5eb3fd5cb6f03d68517,48,0.0,0.0,0.0
livebench_selected,Super49B,zebra_puzzle:d977e70d05f737b3df36dbe997420820c43a0c43cfb0ff32290d45667b53987d,1,0.0,0.0,0.0
livebench_selected,Super49B,zebra_puzzle:d977e70d05f737b3df36dbe997420820c43a0c43cfb0ff32290d45667b53987d,2,0.0,0.0,0.0
livebench_selected,Super49B,zebra_puzzle:d977e70d05f737b3df36dbe997420820c43a0c43cfb0ff32290d45667b53987d,4,0.0,0.0,0.0
livebench_selected,Super49B,zebra_puzzle:d977e70d05f737b3df36dbe997420820c43a0c43cfb0ff32290d45667b53987d,8,0.0,0.0,0.0
livebench_selected,Super49B,zebra_puzzle:d977e70d05f737b3df36dbe997420820c43a0c43cfb0ff32290d45667b53987d,16,0.0,0.0,0.0
livebench_selected,Super49B,zebra_puzzle:d977e70d05f737b3df36dbe997420820c43a0c43cfb0ff32290d45667b53987d,32,0.0,0.0,0.0
livebench_selected,Super49B,zebra_puzzle:d977e70d05f737b3df36dbe997420820c43a0c43cfb0ff32290d45667b53987d,48,0.0,0.0,0.0
livebench_selected,Super49B,zebra_puzzle:fe37c4db2b25d85eb28bc39dc6c978c002216c9e26227d7a9389abad0dd230f0,1,0.0,0.0,0.0
livebench_selected,Super49B,zebra_puzzle:fe37c4db2b25d85eb28bc39dc6c978c002216c9e26227d7a9389abad0dd230f0,2,0.0,0.0,0.0
livebench_selected,Super49B,zebra_puzzle:fe37c4db2b25d85eb28bc39dc6c978c002216c9e26227d7a9389abad0dd230f0,4,0.0,0.0,0.0
livebench_selected,Super49B,zebra_puzzle:fe37c4db2b25d85eb28bc39dc6c978c002216c9e26227d7a9389abad0dd230f0,8,0.0,0.0,0.0
livebench_selected,Super49B,zebra_puzzle:fe37c4db2b25d85eb28bc39dc6c978c002216c9e26227d7a9389abad0dd230f0,16,0.0,0.0,0.0
livebench_selected,Super49B,zebra_puzzle:fe37c4db2b25d85eb28bc39dc6c978c002216c9e26227d7a9389abad0dd230f0,32,0.0,0.0,0.0
livebench_selected,Super49B,zebra_puzzle:fe37c4db2b25d85eb28bc39dc6c978c002216c9e26227d7a9389abad0dd230f0,48,0.0,0.0,0.0
livebench_selected,70B,paraphrase:693c559e842aadf93ddcaba5f140c97aac1419c23fda3c1038c7a690c13b1213,1,1.0,1.0,0.0
livebench_selected,70B,paraphrase:693c559e842aadf93ddcaba5f140c97aac1419c23fda3c1038c7a690c13b1213,2,1.0,1.0,0.0
livebench_selected,70B,paraphrase:693c559e842aadf93ddcaba5f140c97aac1419c23fda3c1038c7a690c13b1213,4,1.0,1.0,0.0
livebench_selected,70B,paraphrase:693c559e842aadf93ddcaba5f140c97aac1419c23fda3c1038c7a690c13b1213,8,1.0,1.0,0.0
livebench_selected,70B,paraphrase:693c559e842aadf93ddcaba5f140c97aac1419c23fda3c1038c7a690c13b1213,16,1.0,1.0,0.0
livebench_selected,70B,paraphrase:693c559e842aadf93ddcaba5f140c97aac1419c23fda3c1038c7a690c13b1213,32,1.0,1.0,0.0
livebench_selected,70B,paraphrase:693c559e842aadf93ddcaba5f140c97aac1419c23fda3c1038c7a690c13b1213,48,1.0,1.0,0.0
livebench_selected,70B,paraphrase:91b1079c3dd6f0c003bb20f34f3783141cbc55926e6e3001ba18eaba3acc169e,1,1.0,1.0,0.0
livebench_selected,70B,paraphrase:91b1079c3dd6f0c003bb20f34f3783141cbc55926e6e3001ba18eaba3acc169e,2,1.0,1.0,0.0
livebench_selected,70B,paraphrase:91b1079c3dd6f0c003bb20f34f3783141cbc55926e6e3001ba18eaba3acc169e,4,1.0,1.0,0.0
livebench_selected,70B,paraphrase:91b1079c3dd6f0c003bb20f34f3783141cbc55926e6e3001ba18eaba3acc169e,8,1.0,1.0,0.0
livebench_selected,70B,paraphrase:91b1079c3dd6f0c003bb20f34f3783141cbc55926e6e3001ba18eaba3acc169e,16,1.0,1.0,0.0
livebench_selected,70B,paraphrase:91b1079c3dd6f0c003bb20f34f3783141cbc55926e6e3001ba18eaba3acc169e,32,1.0,1.0,0.0
livebench_selected,70B,paraphrase:91b1079c3dd6f0c003bb20f34f3783141cbc55926e6e3001ba18eaba3acc169e,48,1.0,1.0,0.0
livebench_selected,70B,paraphrase:d2adc0a1fad83dc359b9b10550d05c3b551685dbd85ca6f9f68721a7ecdc4785,1,0.5,0.5,0.0
livebench_selected,70B,paraphrase:d2adc0a1fad83dc359b9b10550d05c3b551685dbd85ca6f9f68721a7ecdc4785,2,0.519097222222222,0.519097222222222,0.0
livebench_selected,70B,paraphrase:d2adc0a1fad83dc359b9b10550d05c3b551685dbd85ca6f9f68721a7ecdc4785,4,0.5115100248360339,0.5115100248360339,0.0
livebench_selected,70B,paraphrase:d2adc0a1fad83dc359b9b10550d05c3b551685dbd85ca6f9f68721a7ecdc4785,8,0.5011739664163282,0.5011739664163282,0.0
livebench_selected,70B,paraphrase:d2adc0a1fad83dc359b9b10550d05c3b551685dbd85ca6f9f68721a7ecdc4785,16,0.5220940089462405,0.5220940089462405,0.0
livebench_selected,70B,paraphrase:d2adc0a1fad83dc359b9b10550d05c3b551685dbd85ca6f9f68721a7ecdc4785,32,0.6311450984073737,0.6311450984073737,0.0
livebench_selected,70B,paraphrase:d2adc0a1fad83dc359b9b10550d05c3b551685dbd85ca6f9f68721a7ecdc4785,48,0.7219982910474301,0.7219982910474301,0.0
livebench_selected,70B,paraphrase:da578f206820d6be4519d710c3872a4c217f97f111b1f09c89b8e9ad675ce88d,1,0.9791666666666666,0.9791666666666666,0.0
livebench_selected,70B,paraphrase:da578f206820d6be4519d710c3872a4c217f97f111b1f09c89b8e9ad675ce88d,2,0.9657118055555555,0.9657118055555555,0.0
livebench_selected,70B,paraphrase:da578f206820d6be4519d710c3872a4c217f97f111b1f09c89b8e9ad675ce88d,4,0.9535531879943093,0.9535531879943093,0.0
livebench_selected,70B,paraphrase:da578f206820d6be4519d710c3872a4c217f97f111b1f09c89b8e9ad675ce88d,8,0.9573590694572872,0.9573590694572872,0.0
livebench_selected,70B,paraphrase:da578f206820d6be4519d710c3872a4c217f97f111b1f09c89b8e9ad675ce88d,16,0.9819844137318217,0.9819844137318217,0.0
livebench_selected,70B,paraphrase:da578f206820d6be4519d710c3872a4c217f97f111b1f09c89b8e9ad675ce88d,32,0.998375711146211,0.998375711146211,0.0
livebench_selected,70B,paraphrase:da578f206820d6be4519d710c3872a4c217f97f111b1f09c89b8e9ad675ce88d,48,0.9998887035538111,0.9998887035538111,0.0
livebench_selected,70B,paraphrase:f3472a74bc480a915c2a3875c505fd5b3ebe475d25cefdae9447002ed88b0106,1,0.8958333333333334,0.8958333333333334,0.0
livebench_selected,70B,paraphrase:f3472a74bc480a915c2a3875c505fd5b3ebe475d25cefdae9447002ed88b0106,2,0.9231770833333334,0.9231770833333334,0.0
livebench_selected,70B,paraphrase:f3472a74bc480a915c2a3875c505fd5b3ebe475d25cefdae9447002ed88b0106,4,0.9585260461877894,0.9585260461877894,0.0
livebench_selected,70B,paraphrase:f3472a74bc480a915c2a3875c505fd5b3ebe475d25cefdae9447002ed88b0106,8,0.9893055679303202,0.9893055679303202,0.0
livebench_selected,70B,paraphrase:f3472a74bc480a915c2a3875c505fd5b3ebe475d25cefdae9447002ed88b0106,16,0.9993785897347174,0.9993785897347174,0.0
livebench_selected,70B,paraphrase:f3472a74bc480a915c2a3875c505fd5b3ebe475d25cefdae9447002ed88b0106,32,0.999998520729515,0.999998520729515,0.0
livebench_selected,70B,paraphrase:f3472a74bc480a915c2a3875c505fd5b3ebe475d25cefdae9447002ed88b0106,48,0.9999999972399833,0.9999999972399833,0.0
livebench_selected,70B,paraphrase:f4cbfc58a683894a66b028420969bb75a35fe4acda1bd3dce0024062c11b2041,1,0.5208333333333334,0.5208333333333334,0.0
livebench_selected,70B,paraphrase:f4cbfc58a683894a66b028420969bb75a35fe4acda1bd3dce0024062c11b2041,2,0.4761284722222222,0.4761284722222222,0.0
livebench_selected,70B,paraphrase:f4cbfc58a683894a66b028420969bb75a35fe4acda1bd3dce0024062c11b2041,4,0.46998520839361485,0.46998520839361485,0.0
livebench_selected,70B,paraphrase:f4cbfc58a683894a66b028420969bb75a35fe4acda1bd3dce0024062c11b2041,8,0.46554196385193036,0.46554196385193036,0.0
livebench_selected,70B,paraphrase:f4cbfc58a683894a66b028420969bb75a35fe4acda1bd3dce0024062c11b2041,16,0.3660456833165109,0.3660456833165109,0.0
livebench_selected,70B,paraphrase:f4cbfc58a683894a66b028420969bb75a35fe4acda1bd3dce0024062c11b2041,32,0.18928752960305778,0.18928752960305778,0.0
livebench_selected,70B,paraphrase:f4cbfc58a683894a66b028420969bb75a35fe4acda1bd3dce0024062c11b2041,48,0.09974735453612282,0.09974735453612282,0.0
livebench_selected,70B,tablereformat:09752b3d3e355017282301de1735bd903221368e1fadf3e64aa9594ef7730e62,1,0.0,0.0,0.0
livebench_selected,70B,tablereformat:09752b3d3e355017282301de1735bd903221368e1fadf3e64aa9594ef7730e62,2,0.0,0.0,0.0
livebench_selected,70B,tablereformat:09752b3d3e355017282301de1735bd903221368e1fadf3e64aa9594ef7730e62,4,0.0,0.0,0.0
livebench_selected,70B,tablereformat:09752b3d3e355017282301de1735bd903221368e1fadf3e64aa9594ef7730e62,8,0.0,0.0,0.0
livebench_selected,70B,tablereformat:09752b3d3e355017282301de1735bd903221368e1fadf3e64aa9594ef7730e62,16,0.0,0.0,0.0
livebench_selected,70B,tablereformat:09752b3d3e355017282301de1735bd903221368e1fadf3e64aa9594ef7730e62,32,0.0,0.0,0.0
livebench_selected,70B,tablereformat:09752b3d3e355017282301de1735bd903221368e1fadf3e64aa9594ef7730e62,48,0.0,0.0,0.0
livebench_selected,70B,tablereformat:56ace477670fa1527771dc1a4f2babac3b704f1c313b8981a53ce892f55b6c05,1,0.0,0.0,0.0
livebench_selected,70B,tablereformat:56ace477670fa1527771dc1a4f2babac3b704f1c313b8981a53ce892f55b6c05,2,0.0,0.0,0.0
livebench_selected,70B,tablereformat:56ace477670fa1527771dc1a4f2babac3b704f1c313b8981a53ce892f55b6c05,4,0.0,0.0,0.0
livebench_selected,70B,tablereformat:56ace477670fa1527771dc1a4f2babac3b704f1c313b8981a53ce892f55b6c05,8,0.0,0.0,0.0
livebench_selected,70B,tablereformat:56ace477670fa1527771dc1a4f2babac3b704f1c313b8981a53ce892f55b6c05,16,0.0,0.0,0.0
livebench_selected,70B,tablereformat:56ace477670fa1527771dc1a4f2babac3b704f1c313b8981a53ce892f55b6c05,32,0.0,0.0,0.0
livebench_selected,70B,tablereformat:56ace477670fa1527771dc1a4f2babac3b704f1c313b8981a53ce892f55b6c05,48,0.0,0.0,0.0
livebench_selected,70B,tablereformat:57772b38ab8d4f9f2e30d5e0cca6e007f228786523ed027bdbf37b59fe20e3b1,1,0.0,0.0,0.0
livebench_selected,70B,tablereformat:57772b38ab8d4f9f2e30d5e0cca6e007f228786523ed027bdbf37b59fe20e3b1,2,0.0,0.0,0.0
livebench_selected,70B,tablereformat:57772b38ab8d4f9f2e30d5e0cca6e007f228786523ed027bdbf37b59fe20e3b1,4,0.0,0.0,0.0
livebench_selected,70B,tablereformat:57772b38ab8d4f9f2e30d5e0cca6e007f228786523ed027bdbf37b59fe20e3b1,8,0.0,0.0,0.0
livebench_selected,70B,tablereformat:57772b38ab8d4f9f2e30d5e0cca6e007f228786523ed027bdbf37b59fe20e3b1,16,0.0,0.0,0.0
livebench_selected,70B,tablereformat:57772b38ab8d4f9f2e30d5e0cca6e007f228786523ed027bdbf37b59fe20e3b1,32,0.0,0.0,0.0
livebench_selected,70B,tablereformat:57772b38ab8d4f9f2e30d5e0cca6e007f228786523ed027bdbf37b59fe20e3b1,48,0.0,0.0,0.0
livebench_selected,70B,tablereformat:8b25c07592f100c7c61af45d3de6eec07f4996d0a211f613cc1e224db02bba4c,1,0.0,0.0,0.0
livebench_selected,70B,tablereformat:8b25c07592f100c7c61af45d3de6eec07f4996d0a211f613cc1e224db02bba4c,2,0.0,0.0,0.0
livebench_selected,70B,tablereformat:8b25c07592f100c7c61af45d3de6eec07f4996d0a211f613cc1e224db02bba4c,4,0.0,0.0,0.0
livebench_selected,70B,tablereformat:8b25c07592f100c7c61af45d3de6eec07f4996d0a211f613cc1e224db02bba4c,8,0.0,0.0,0.0
livebench_selected,70B,tablereformat:8b25c07592f100c7c61af45d3de6eec07f4996d0a211f613cc1e224db02bba4c,16,0.0,0.0,0.0
livebench_selected,70B,tablereformat:8b25c07592f100c7c61af45d3de6eec07f4996d0a211f613cc1e224db02bba4c,32,0.0,0.0,0.0
livebench_selected,70B,tablereformat:8b25c07592f100c7c61af45d3de6eec07f4996d0a211f613cc1e224db02bba4c,48,0.0,0.0,0.0
livebench_selected,70B,tablereformat:ce1fa8f673c3d33b3986e4f4f148ab1a11e42cd2b7f15390f0f4f2acb530a6e3,1,0.0,0.0,0.0
livebench_selected,70B,tablereformat:ce1fa8f673c3d33b3986e4f4f148ab1a11e42cd2b7f15390f0f4f2acb530a6e3,2,0.0,0.0,0.0
livebench_selected,70B,tablereformat:ce1fa8f673c3d33b3986e4f4f148ab1a11e42cd2b7f15390f0f4f2acb530a6e3,4,0.0,0.0,0.0
livebench_selected,70B,tablereformat:ce1fa8f673c3d33b3986e4f4f148ab1a11e42cd2b7f15390f0f4f2acb530a6e3,8,0.0,0.0,0.0
livebench_selected,70B,tablereformat:ce1fa8f673c3d33b3986e4f4f148ab1a11e42cd2b7f15390f0f4f2acb530a6e3,16,0.0,0.0,0.0
livebench_selected,70B,tablereformat:ce1fa8f673c3d33b3986e4f4f148ab1a11e42cd2b7f15390f0f4f2acb530a6e3,32,0.0,0.0,0.0
livebench_selected,70B,tablereformat:ce1fa8f673c3d33b3986e4f4f148ab1a11e42cd2b7f15390f0f4f2acb530a6e3,48,0.0,0.0,0.0
livebench_selected,70B,tablereformat:e114ea800daa6938bd7bbc29c6fde32844324662764b5cb63d7e4e78c3b66c65,1,0.0,0.0,0.0
livebench_selected,70B,tablereformat:e114ea800daa6938bd7bbc29c6fde32844324662764b5cb63d7e4e78c3b66c65,2,0.0,0.0,0.0
livebench_selected,70B,tablereformat:e114ea800daa6938bd7bbc29c6fde32844324662764b5cb63d7e4e78c3b66c65,4,0.0,0.0,0.0
livebench_selected,70B,tablereformat:e114ea800daa6938bd7bbc29c6fde32844324662764b5cb63d7e4e78c3b66c65,8,0.0,0.0,0.0
livebench_selected,70B,tablereformat:e114ea800daa6938bd7bbc29c6fde32844324662764b5cb63d7e4e78c3b66c65,16,0.0,0.0,0.0
livebench_selected,70B,tablereformat:e114ea800daa6938bd7bbc29c6fde32844324662764b5cb63d7e4e78c3b66c65,32,0.0,0.0,0.0
livebench_selected,70B,tablereformat:e114ea800daa6938bd7bbc29c6fde32844324662764b5cb63d7e4e78c3b66c65,48,0.0,0.0,0.0
livebench_selected,70B,tablereformat:eb8aebddc3e1eff35a92de9e8306dfcfebd25201eefda2921b830226b5347dc5,1,0.0,0.0,0.0
livebench_selected,70B,tablereformat:eb8aebddc3e1eff35a92de9e8306dfcfebd25201eefda2921b830226b5347dc5,2,0.0,0.0,0.0
livebench_selected,70B,tablereformat:eb8aebddc3e1eff35a92de9e8306dfcfebd25201eefda2921b830226b5347dc5,4,0.0,0.0,0.0
livebench_selected,70B,tablereformat:eb8aebddc3e1eff35a92de9e8306dfcfebd25201eefda2921b830226b5347dc5,8,0.0,0.0,0.0
livebench_selected,70B,tablereformat:eb8aebddc3e1eff35a92de9e8306dfcfebd25201eefda2921b830226b5347dc5,16,0.0,0.0,0.0
livebench_selected,70B,tablereformat:eb8aebddc3e1eff35a92de9e8306dfcfebd25201eefda2921b830226b5347dc5,32,0.0,0.0,0.0
livebench_selected,70B,tablereformat:eb8aebddc3e1eff35a92de9e8306dfcfebd25201eefda2921b830226b5347dc5,48,0.0,0.0,0.0
livebench_selected,70B,zebra_puzzle:20d48b97e524cd64f82b0e4fb3c597a37bae1d9357e9b2c93aad96b4c70e098e,1,0.0,0.0,0.0
livebench_selected,70B,zebra_puzzle:20d48b97e524cd64f82b0e4fb3c597a37bae1d9357e9b2c93aad96b4c70e098e,2,0.0,0.0,0.0
livebench_selected,70B,zebra_puzzle:20d48b97e524cd64f82b0e4fb3c597a37bae1d9357e9b2c93aad96b4c70e098e,4,0.0,0.0,0.0
livebench_selected,70B,zebra_puzzle:20d48b97e524cd64f82b0e4fb3c597a37bae1d9357e9b2c93aad96b4c70e098e,8,0.0,0.0,0.0
livebench_selected,70B,zebra_puzzle:20d48b97e524cd64f82b0e4fb3c597a37bae1d9357e9b2c93aad96b4c70e098e,16,0.0,0.0,0.0
livebench_selected,70B,zebra_puzzle:20d48b97e524cd64f82b0e4fb3c597a37bae1d9357e9b2c93aad96b4c70e098e,32,0.0,0.0,0.0
livebench_selected,70B,zebra_puzzle:20d48b97e524cd64f82b0e4fb3c597a37bae1d9357e9b2c93aad96b4c70e098e,48,0.0,0.0,0.0
livebench_selected,70B,zebra_puzzle:743aa0ae2d518d95d45ab8b77a7e9ffde5a03c07da8a6af9e81a4e3689aeef0c,1,0.0,0.0,0.0
livebench_selected,70B,zebra_puzzle:743aa0ae2d518d95d45ab8b77a7e9ffde5a03c07da8a6af9e81a4e3689aeef0c,2,0.0,0.0,0.0
livebench_selected,70B,zebra_puzzle:743aa0ae2d518d95d45ab8b77a7e9ffde5a03c07da8a6af9e81a4e3689aeef0c,4,0.0,0.0,0.0
livebench_selected,70B,zebra_puzzle:743aa0ae2d518d95d45ab8b77a7e9ffde5a03c07da8a6af9e81a4e3689aeef0c,8,0.0,0.0,0.0
livebench_selected,70B,zebra_puzzle:743aa0ae2d518d95d45ab8b77a7e9ffde5a03c07da8a6af9e81a4e3689aeef0c,16,0.0,0.0,0.0
livebench_selected,70B,zebra_puzzle:743aa0ae2d518d95d45ab8b77a7e9ffde5a03c07da8a6af9e81a4e3689aeef0c,32,0.0,0.0,0.0
livebench_selected,70B,zebra_puzzle:743aa0ae2d518d95d45ab8b77a7e9ffde5a03c07da8a6af9e81a4e3689aeef0c,48,0.0,0.0,0.0
livebench_selected,70B,zebra_puzzle:84650f1042abf3d267bb79b6d1e1d899d27327a11ab81f1079121734a68306b1,1,0.0,0.0,0.0
livebench_selected,70B,zebra_puzzle:84650f1042abf3d267bb79b6d1e1d899d27327a11ab81f1079121734a68306b1,2,0.0,0.0,0.0
livebench_selected,70B,zebra_puzzle:84650f1042abf3d267bb79b6d1e1d899d27327a11ab81f1079121734a68306b1,4,0.0,0.0,0.0
livebench_selected,70B,zebra_puzzle:84650f1042abf3d267bb79b6d1e1d899d27327a11ab81f1079121734a68306b1,8,0.0,0.0,0.0
livebench_selected,70B,zebra_puzzle:84650f1042abf3d267bb79b6d1e1d899d27327a11ab81f1079121734a68306b1,16,0.0,0.0,0.0
livebench_selected,70B,zebra_puzzle:84650f1042abf3d267bb79b6d1e1d899d27327a11ab81f1079121734a68306b1,32,0.0,0.0,0.0
livebench_selected,70B,zebra_puzzle:84650f1042abf3d267bb79b6d1e1d899d27327a11ab81f1079121734a68306b1,48,0.0,0.0,0.0
livebench_selected,70B,zebra_puzzle:b1b1678a4f290c8ab2b85f957a0cdbba93ef0c97d1e7ab4663e46e92ebac70e8,1,0.0,0.0,0.0
livebench_selected,70B,zebra_puzzle:b1b1678a4f290c8ab2b85f957a0cdbba93ef0c97d1e7ab4663e46e92ebac70e8,2,0.0,0.0,0.0
livebench_selected,70B,zebra_puzzle:b1b1678a4f290c8ab2b85f957a0cdbba93ef0c97d1e7ab4663e46e92ebac70e8,4,0.0,0.0,0.0
livebench_selected,70B,zebra_puzzle:b1b1678a4f290c8ab2b85f957a0cdbba93ef0c97d1e7ab4663e46e92ebac70e8,8,0.0,0.0,0.0
livebench_selected,70B,zebra_puzzle:b1b1678a4f290c8ab2b85f957a0cdbba93ef0c97d1e7ab4663e46e92ebac70e8,16,0.0,0.0,0.0
livebench_selected,70B,zebra_puzzle:b1b1678a4f290c8ab2b85f957a0cdbba93ef0c97d1e7ab4663e46e92ebac70e8,32,0.0,0.0,0.0
livebench_selected,70B,zebra_puzzle:b1b1678a4f290c8ab2b85f957a0cdbba93ef0c97d1e7ab4663e46e92ebac70e8,48,0.0,0.0,0.0
livebench_selected,70B,zebra_puzzle:bd14ba82d1fe813dcdf6c16f0f868e5f3fe92e4cee9cf5eb3fd5cb6f03d68517,1,0.0,0.0,0.0
livebench_selected,70B,zebra_puzzle:bd14ba82d1fe813dcdf6c16f0f868e5f3fe92e4cee9cf5eb3fd5cb6f03d68517,2,0.0,0.0,0.0
livebench_selected,70B,zebra_puzzle:bd14ba82d1fe813dcdf6c16f0f868e5f3fe92e4cee9cf5eb3fd5cb6f03d68517,4,0.0,0.0,0.0
livebench_selected,70B,zebra_puzzle:bd14ba82d1fe813dcdf6c16f0f868e5f3fe92e4cee9cf5eb3fd5cb6f03d68517,8,0.0,0.0,0.0
livebench_selected,70B,zebra_puzzle:bd14ba82d1fe813dcdf6c16f0f868e5f3fe92e4cee9cf5eb3fd5cb6f03d68517,16,0.0,0.0,0.0
livebench_selected,70B,zebra_puzzle:bd14ba82d1fe813dcdf6c16f0f868e5f3fe92e4cee9cf5eb3fd5cb6f03d68517,32,0.0,0.0,0.0
livebench_selected,70B,zebra_puzzle:bd14ba82d1fe813dcdf6c16f0f868e5f3fe92e4cee9cf5eb3fd5cb6f03d68517,48,0.0,0.0,0.0
livebench_selected,70B,zebra_puzzle:d977e70d05f737b3df36dbe997420820c43a0c43cfb0ff32290d45667b53987d,1,0.0,0.0,0.0
livebench_selected,70B,zebra_puzzle:d977e70d05f737b3df36dbe997420820c43a0c43cfb0ff32290d45667b53987d,2,0.0,0.0,0.0
livebench_selected,70B,zebra_puzzle:d977e70d05f737b3df36dbe997420820c43a0c43cfb0ff32290d45667b53987d,4,0.0,0.0,0.0
livebench_selected,70B,zebra_puzzle:d977e70d05f737b3df36dbe997420820c43a0c43cfb0ff32290d45667b53987d,8,0.0,0.0,0.0
livebench_selected,70B,zebra_puzzle:d977e70d05f737b3df36dbe997420820c43a0c43cfb0ff32290d45667b53987d,16,0.0,0.0,0.0
livebench_selected,70B,zebra_puzzle:d977e70d05f737b3df36dbe997420820c43a0c43cfb0ff32290d45667b53987d,32,0.0,0.0,0.0
livebench_selected,70B,zebra_puzzle:d977e70d05f737b3df36dbe997420820c43a0c43cfb0ff32290d45667b53987d,48,0.0,0.0,0.0
livebench_selected,70B,zebra_puzzle:fe37c4db2b25d85eb28bc39dc6c978c002216c9e26227d7a9389abad0dd230f0,1,0.0,0.0,0.0
livebench_selected,70B,zebra_puzzle:fe37c4db2b25d85eb28bc39dc6c978c002216c9e26227d7a9389abad0dd230f0,2,0.0,0.0,0.0
livebench_selected,70B,zebra_puzzle:fe37c4db2b25d85eb28bc39dc6c978c002216c9e26227d7a9389abad0dd230f0,4,0.0,0.0,0.0
livebench_selected,70B,zebra_puzzle:fe37c4db2b25d85eb28bc39dc6c978c002216c9e26227d7a9389abad0dd230f0,8,0.0,0.0,0.0
livebench_selected,70B,zebra_puzzle:fe37c4db2b25d85eb28bc39dc6c978c002216c9e26227d7a9389abad0dd230f0,16,0.0,0.0,0.0
livebench_selected,70B,zebra_puzzle:fe37c4db2b25d85eb28bc39dc6c978c002216c9e26227d7a9389abad0dd230f0,32,0.0,0.0,0.0
livebench_selected,70B,zebra_puzzle:fe37c4db2b25d85eb28bc39dc6c978c002216c9e26227d7a9389abad0dd230f0,48,0.0,0.0,0.0
livebench_selected,Maverick17B,paraphrase:693c559e842aadf93ddcaba5f140c97aac1419c23fda3c1038c7a690c13b1213,1,0.9375,0.9375,0.0
livebench_selected,Maverick17B,paraphrase:693c559e842aadf93ddcaba5f140c97aac1419c23fda3c1038c7a690c13b1213,2,0.931857638888889,0.931857638888889,0.0
livebench_selected,Maverick17B,paraphrase:693c559e842aadf93ddcaba5f140c97aac1419c23fda3c1038c7a690c13b1213,4,0.9239364435643327,0.9239364435643327,0.0
livebench_selected,Maverick17B,paraphrase:693c559e842aadf93ddcaba5f140c97aac1419c23fda3c1038c7a690c13b1213,8,0.9383155466672353,0.9383155466672353,0.0
livebench_selected,Maverick17B,paraphrase:693c559e842aadf93ddcaba5f140c97aac1419c23fda3c1038c7a690c13b1213,16,0.9728256108577514,0.9728256108577514,0.0
livebench_selected,Maverick17B,paraphrase:693c559e842aadf93ddcaba5f140c97aac1419c23fda3c1038c7a690c13b1213,32,0.9964745219223985,0.9964745219223985,0.0
livebench_selected,Maverick17B,paraphrase:693c559e842aadf93ddcaba5f140c97aac1419c23fda3c1038c7a690c13b1213,48,0.9996405608769173,0.9996405608769173,0.0
livebench_selected,Maverick17B,paraphrase:91b1079c3dd6f0c003bb20f34f3783141cbc55926e6e3001ba18eaba3acc169e,1,0.9375,0.9375,0.0
livebench_selected,Maverick17B,paraphrase:91b1079c3dd6f0c003bb20f34f3783141cbc55926e6e3001ba18eaba3acc169e,2,0.9249131944444443,0.9249131944444443,0.0
livebench_selected,Maverick17B,paraphrase:91b1079c3dd6f0c003bb20f34f3783141cbc55926e6e3001ba18eaba3acc169e,4,0.9273333137418016,0.9273333137418016,0.0
livebench_selected,Maverick17B,paraphrase:91b1079c3dd6f0c003bb20f34f3783141cbc55926e6e3001ba18eaba3acc169e,8,0.9552262816631734,0.9552262816631734,0.0
livebench_selected,Maverick17B,paraphrase:91b1079c3dd6f0c003bb20f34f3783141cbc55926e6e3001ba18eaba3acc169e,16,0.9908489722045241,0.9908489722045241,0.0
livebench_selected,Maverick17B,paraphrase:91b1079c3dd6f0c003bb20f34f3783141cbc55926e6e3001ba18eaba3acc169e,32,0.9997993819357942,0.9997993819357942,0.0
livebench_selected,Maverick17B,paraphrase:91b1079c3dd6f0c003bb20f34f3783141cbc55926e6e3001ba18eaba3acc169e,48,0.9999965098048791,0.9999965098048791,0.0
livebench_selected,Maverick17B,paraphrase:d2adc0a1fad83dc359b9b10550d05c3b551685dbd85ca6f9f68721a7ecdc4785,1,0.0,0.0,0.0
livebench_selected,Maverick17B,paraphrase:d2adc0a1fad83dc359b9b10550d05c3b551685dbd85ca6f9f68721a7ecdc4785,2,0.0,0.0,0.0
livebench_selected,Maverick17B,paraphrase:d2adc0a1fad83dc359b9b10550d05c3b551685dbd85ca6f9f68721a7ecdc4785,4,0.0,0.0,0.0
livebench_selected,Maverick17B,paraphrase:d2adc0a1fad83dc359b9b10550d05c3b551685dbd85ca6f9f68721a7ecdc4785,8,0.0,0.0,0.0
livebench_selected,Maverick17B,paraphrase:d2adc0a1fad83dc359b9b10550d05c3b551685dbd85ca6f9f68721a7ecdc4785,16,0.0,0.0,0.0
livebench_selected,Maverick17B,paraphrase:d2adc0a1fad83dc359b9b10550d05c3b551685dbd85ca6f9f68721a7ecdc4785,32,0.0,0.0,0.0
livebench_selected,Maverick17B,paraphrase:d2adc0a1fad83dc359b9b10550d05c3b551685dbd85ca6f9f68721a7ecdc4785,48,0.0,0.0,0.0
livebench_selected,Maverick17B,paraphrase:da578f206820d6be4519d710c3872a4c217f97f111b1f09c89b8e9ad675ce88d,1,0.020833333333333332,0.020833333333333332,0.0
livebench_selected,Maverick17B,paraphrase:da578f206820d6be4519d710c3872a4c217f97f111b1f09c89b8e9ad675ce88d,2,0.01692708333333337,0.01692708333333337,0.0
livebench_selected,Maverick17B,paraphrase:da578f206820d6be4519d710c3872a4c217f97f111b1f09c89b8e9ad675ce88d,4,0.00559093334056714,0.00559093334056714,0.0
livebench_selected,Maverick17B,paraphrase:da578f206820d6be4519d710c3872a4c217f97f111b1f09c89b8e9ad675ce88d,8,0.0003057720718132853,0.0003057720718132853,0.0
livebench_selected,Maverick17B,paraphrase:da578f206820d6be4519d710c3872a4c217f97f111b1f09c89b8e9ad675ce88d,16,4.6207227785746586e-07,4.6207227785746586e-07,0.0
livebench_selected,Maverick17B,paraphrase:da578f206820d6be4519d710c3872a4c217f97f111b1f09c89b8e9ad675ce88d,32,5.492002663033949e-13,5.492002663033949e-13,0.0
livebench_selected,Maverick17B,paraphrase:da578f206820d6be4519d710c3872a4c217f97f111b1f09c89b8e9ad675ce88d,48,5.142321345057836e-19,5.142321345057836e-19,0.0
livebench_selected,Maverick17B,paraphrase:f3472a74bc480a915c2a3875c505fd5b3ebe475d25cefdae9447002ed88b0106,1,0.9375,0.9375,0.0
livebench_selected,Maverick17B,paraphrase:f3472a74bc480a915c2a3875c505fd5b3ebe475d25cefdae9447002ed88b0106,2,0.9457465277777778,0.9457465277777778,0.0
livebench_selected,Maverick17B,paraphrase:f3472a74bc480a915c2a3875c505fd5b3ebe475d25cefdae9447002ed88b0106,4,0.9783767888575424,0.9783767888575424,0.0
livebench_selected,Maverick17B,paraphrase:f3472a74bc480a915c2a3875c505fd5b3ebe475d25cefdae9447002ed88b0106,8,0.9979140830408006,0.9979140830408006,0.0
livebench_selected,Maverick17B,paraphrase:f3472a74bc480a915c2a3875c505fd5b3ebe475d25cefdae9447002ed88b0106,16,0.9999848697864406,0.9999848697864406,0.0
livebench_selected,Maverick17B,paraphrase:f3472a74bc480a915c2a3875c505fd5b3ebe475d25cefdae9447002ed88b0106,32,0.9999999993705193,0.9999999993705193,0.0
livebench_selected,Maverick17B,paraphrase:f3472a74bc480a915c2a3875c505fd5b3ebe475d25cefdae9447002ed88b0106,48,0.9999999999999782,0.9999999999999782,0.0
livebench_selected,Maverick17B,paraphrase:f4cbfc58a683894a66b028420969bb75a35fe4acda1bd3dce0024062c11b2041,1,0.9791666666666666,0.9791666666666666,0.0
livebench_selected,Maverick17B,paraphrase:f4cbfc58a683894a66b028420969bb75a35fe4acda1bd3dce0024062c11b2041,2,0.9717881944444444,0.9717881944444444,0.0
livebench_selected,Maverick17B,paraphrase:f4cbfc58a683894a66b028420969bb75a35fe4acda1bd3dce0024062c11b2041,4,0.9741269335334684,0.9741269335334684,0.0
livebench_selected,Maverick17B,paraphrase:f4cbfc58a683894a66b028420969bb75a35fe4acda1bd3dce0024062c11b2041,8,0.9891091260744701,0.9891091260744701,0.0
livebench_selected,Maverick17B,paraphrase:f4cbfc58a683894a66b028420969bb75a35fe4acda1bd3dce0024062c11b2041,16,0.9990314989931871,0.9990314989931871,0.0
livebench_selected,Maverick17B,paraphrase:f4cbfc58a683894a66b028420969bb75a35fe4acda1bd3dce0024062c11b2041,32,0.9999961130387005,0.9999961130387005,0.0
livebench_selected,Maverick17B,paraphrase:f4cbfc58a683894a66b028420969bb75a35fe4acda1bd3dce0024062c11b2041,48,0.9999999880730022,0.9999999880730022,0.0
livebench_selected,Maverick17B,tablereformat:09752b3d3e355017282301de1735bd903221368e1fadf3e64aa9594ef7730e62,1,0.0,0.0,0.0
livebench_selected,Maverick17B,tablereformat:09752b3d3e355017282301de1735bd903221368e1fadf3e64aa9594ef7730e62,2,0.0,0.0,0.0
livebench_selected,Maverick17B,tablereformat:09752b3d3e355017282301de1735bd903221368e1fadf3e64aa9594ef7730e62,4,0.0,0.0,0.0
livebench_selected,Maverick17B,tablereformat:09752b3d3e355017282301de1735bd903221368e1fadf3e64aa9594ef7730e62,8,0.0,0.0,0.0
livebench_selected,Maverick17B,tablereformat:09752b3d3e355017282301de1735bd903221368e1fadf3e64aa9594ef7730e62,16,0.0,0.0,0.0
livebench_selected,Maverick17B,tablereformat:09752b3d3e355017282301de1735bd903221368e1fadf3e64aa9594ef7730e62,32,0.0,0.0,0.0
livebench_selected,Maverick17B,tablereformat:09752b3d3e355017282301de1735bd903221368e1fadf3e64aa9594ef7730e62,48,0.0,0.0,0.0
livebench_selected,Maverick17B,tablereformat:56ace477670fa1527771dc1a4f2babac3b704f1c313b8981a53ce892f55b6c05,1,0.0,0.0,0.0
livebench_selected,Maverick17B,tablereformat:56ace477670fa1527771dc1a4f2babac3b704f1c313b8981a53ce892f55b6c05,2,0.0,0.0,0.0
livebench_selected,Maverick17B,tablereformat:56ace477670fa1527771dc1a4f2babac3b704f1c313b8981a53ce892f55b6c05,4,0.0,0.0,0.0
livebench_selected,Maverick17B,tablereformat:56ace477670fa1527771dc1a4f2babac3b704f1c313b8981a53ce892f55b6c05,8,0.0,0.0,0.0
livebench_selected,Maverick17B,tablereformat:56ace477670fa1527771dc1a4f2babac3b704f1c313b8981a53ce892f55b6c05,16,0.0,0.0,0.0
livebench_selected,Maverick17B,tablereformat:56ace477670fa1527771dc1a4f2babac3b704f1c313b8981a53ce892f55b6c05,32,0.0,0.0,0.0
livebench_selected,Maverick17B,tablereformat:56ace477670fa1527771dc1a4f2babac3b704f1c313b8981a53ce892f55b6c05,48,0.0,0.0,0.0
livebench_selected,Maverick17B,tablereformat:57772b38ab8d4f9f2e30d5e0cca6e007f228786523ed027bdbf37b59fe20e3b1,1,0.0,0.0,0.0
livebench_selected,Maverick17B,tablereformat:57772b38ab8d4f9f2e30d5e0cca6e007f228786523ed027bdbf37b59fe20e3b1,2,0.0,0.0,0.0
livebench_selected,Maverick17B,tablereformat:57772b38ab8d4f9f2e30d5e0cca6e007f228786523ed027bdbf37b59fe20e3b1,4,0.0,0.0,0.0
livebench_selected,Maverick17B,tablereformat:57772b38ab8d4f9f2e30d5e0cca6e007f228786523ed027bdbf37b59fe20e3b1,8,0.0,0.0,0.0
livebench_selected,Maverick17B,tablereformat:57772b38ab8d4f9f2e30d5e0cca6e007f228786523ed027bdbf37b59fe20e3b1,16,0.0,0.0,0.0
livebench_selected,Maverick17B,tablereformat:57772b38ab8d4f9f2e30d5e0cca6e007f228786523ed027bdbf37b59fe20e3b1,32,0.0,0.0,0.0
livebench_selected,Maverick17B,tablereformat:57772b38ab8d4f9f2e30d5e0cca6e007f228786523ed027bdbf37b59fe20e3b1,48,0.0,0.0,0.0
livebench_selected,Maverick17B,tablereformat:8b25c07592f100c7c61af45d3de6eec07f4996d0a211f613cc1e224db02bba4c,1,0.0,0.0,0.0
livebench_selected,Maverick17B,tablereformat:8b25c07592f100c7c61af45d3de6eec07f4996d0a211f613cc1e224db02bba4c,2,0.0,0.0,0.0
livebench_selected,Maverick17B,tablereformat:8b25c07592f100c7c61af45d3de6eec07f4996d0a211f613cc1e224db02bba4c,4,0.0,0.0,0.0
livebench_selected,Maverick17B,tablereformat:8b25c07592f100c7c61af45d3de6eec07f4996d0a211f613cc1e224db02bba4c,8,0.0,0.0,0.0
livebench_selected,Maverick17B,tablereformat:8b25c07592f100c7c61af45d3de6eec07f4996d0a211f613cc1e224db02bba4c,16,0.0,0.0,0.0
livebench_selected,Maverick17B,tablereformat:8b25c07592f100c7c61af45d3de6eec07f4996d0a211f613cc1e224db02bba4c,32,0.0,0.0,0.0
livebench_selected,Maverick17B,tablereformat:8b25c07592f100c7c61af45d3de6eec07f4996d0a211f613cc1e224db02bba4c,48,0.0,0.0,0.0
livebench_selected,Maverick17B,tablereformat:ce1fa8f673c3d33b3986e4f4f148ab1a11e42cd2b7f15390f0f4f2acb530a6e3,1,0.0,0.0,0.0
livebench_selected,Maverick17B,tablereformat:ce1fa8f673c3d33b3986e4f4f148ab1a11e42cd2b7f15390f0f4f2acb530a6e3,2,0.0,0.0,0.0
livebench_selected,Maverick17B,tablereformat:ce1fa8f673c3d33b3986e4f4f148ab1a11e42cd2b7f15390f0f4f2acb530a6e3,4,0.0,0.0,0.0
livebench_selected,Maverick17B,tablereformat:ce1fa8f673c3d33b3986e4f4f148ab1a11e42cd2b7f15390f0f4f2acb530a6e3,8,0.0,0.0,0.0
livebench_selected,Maverick17B,tablereformat:ce1fa8f673c3d33b3986e4f4f148ab1a11e42cd2b7f15390f0f4f2acb530a6e3,16,0.0,0.0,0.0
livebench_selected,Maverick17B,tablereformat:ce1fa8f673c3d33b3986e4f4f148ab1a11e42cd2b7f15390f0f4f2acb530a6e3,32,0.0,0.0,0.0
livebench_selected,Maverick17B,tablereformat:ce1fa8f673c3d33b3986e4f4f148ab1a11e42cd2b7f15390f0f4f2acb530a6e3,48,0.0,0.0,0.0
livebench_selected,Maverick17B,tablereformat:e114ea800daa6938bd7bbc29c6fde32844324662764b5cb63d7e4e78c3b66c65,1,0.0,0.0,0.0
livebench_selected,Maverick17B,tablereformat:e114ea800daa6938bd7bbc29c6fde32844324662764b5cb63d7e4e78c3b66c65,2,0.0,0.0,0.0
livebench_selected,Maverick17B,tablereformat:e114ea800daa6938bd7bbc29c6fde32844324662764b5cb63d7e4e78c3b66c65,4,0.0,0.0,0.0
livebench_selected,Maverick17B,tablereformat:e114ea800daa6938bd7bbc29c6fde32844324662764b5cb63d7e4e78c3b66c65,8,0.0,0.0,0.0
livebench_selected,Maverick17B,tablereformat:e114ea800daa6938bd7bbc29c6fde32844324662764b5cb63d7e4e78c3b66c65,16,0.0,0.0,0.0
livebench_selected,Maverick17B,tablereformat:e114ea800daa6938bd7bbc29c6fde32844324662764b5cb63d7e4e78c3b66c65,32,0.0,0.0,0.0
livebench_selected,Maverick17B,tablereformat:e114ea800daa6938bd7bbc29c6fde32844324662764b5cb63d7e4e78c3b66c65,48,0.0,0.0,0.0
livebench_selected,Maverick17B,tablereformat:eb8aebddc3e1eff35a92de9e8306dfcfebd25201eefda2921b830226b5347dc5,1,0.0,0.0,0.0
livebench_selected,Maverick17B,tablereformat:eb8aebddc3e1eff35a92de9e8306dfcfebd25201eefda2921b830226b5347dc5,2,0.0,0.0,0.0
livebench_selected,Maverick17B,tablereformat:eb8aebddc3e1eff35a92de9e8306dfcfebd25201eefda2921b830226b5347dc5,4,0.0,0.0,0.0
livebench_selected,Maverick17B,tablereformat:eb8aebddc3e1eff35a92de9e8306dfcfebd25201eefda2921b830226b5347dc5,8,0.0,0.0,0.0
livebench_selected,Maverick17B,tablereformat:eb8aebddc3e1eff35a92de9e8306dfcfebd25201eefda2921b830226b5347dc5,16,0.0,0.0,0.0
livebench_selected,Maverick17B,tablereformat:eb8aebddc3e1eff35a92de9e8306dfcfebd25201eefda2921b830226b5347dc5,32,0.0,0.0,0.0
livebench_selected,Maverick17B,tablereformat:eb8aebddc3e1eff35a92de9e8306dfcfebd25201eefda2921b830226b5347dc5,48,0.0,0.0,0.0
livebench_selected,Maverick17B,zebra_puzzle:20d48b97e524cd64f82b0e4fb3c597a37bae1d9357e9b2c93aad96b4c70e098e,1,0.0,0.0,0.0
livebench_selected,Maverick17B,zebra_puzzle:20d48b97e524cd64f82b0e4fb3c597a37bae1d9357e9b2c93aad96b4c70e098e,2,0.0,0.0,0.0
livebench_selected,Maverick17B,zebra_puzzle:20d48b97e524cd64f82b0e4fb3c597a37bae1d9357e9b2c93aad96b4c70e098e,4,0.0,0.0,0.0
livebench_selected,Maverick17B,zebra_puzzle:20d48b97e524cd64f82b0e4fb3c597a37bae1d9357e9b2c93aad96b4c70e098e,8,0.0,0.0,0.0
livebench_selected,Maverick17B,zebra_puzzle:20d48b97e524cd64f82b0e4fb3c597a37bae1d9357e9b2c93aad96b4c70e098e,16,0.0,0.0,0.0
livebench_selected,Maverick17B,zebra_puzzle:20d48b97e524cd64f82b0e4fb3c597a37bae1d9357e9b2c93aad96b4c70e098e,32,0.0,0.0,0.0
livebench_selected,Maverick17B,zebra_puzzle:20d48b97e524cd64f82b0e4fb3c597a37bae1d9357e9b2c93aad96b4c70e098e,48,0.0,0.0,0.0
livebench_selected,Maverick17B,zebra_puzzle:743aa0ae2d518d95d45ab8b77a7e9ffde5a03c07da8a6af9e81a4e3689aeef0c,1,0.0,0.0,0.0
livebench_selected,Maverick17B,zebra_puzzle:743aa0ae2d518d95d45ab8b77a7e9ffde5a03c07da8a6af9e81a4e3689aeef0c,2,0.0,0.0,0.0
livebench_selected,Maverick17B,zebra_puzzle:743aa0ae2d518d95d45ab8b77a7e9ffde5a03c07da8a6af9e81a4e3689aeef0c,4,0.0,0.0,0.0
livebench_selected,Maverick17B,zebra_puzzle:743aa0ae2d518d95d45ab8b77a7e9ffde5a03c07da8a6af9e81a4e3689aeef0c,8,0.0,0.0,0.0
livebench_selected,Maverick17B,zebra_puzzle:743aa0ae2d518d95d45ab8b77a7e9ffde5a03c07da8a6af9e81a4e3689aeef0c,16,0.0,0.0,0.0
livebench_selected,Maverick17B,zebra_puzzle:743aa0ae2d518d95d45ab8b77a7e9ffde5a03c07da8a6af9e81a4e3689aeef0c,32,0.0,0.0,0.0
livebench_selected,Maverick17B,zebra_puzzle:743aa0ae2d518d95d45ab8b77a7e9ffde5a03c07da8a6af9e81a4e3689aeef0c,48,0.0,0.0,0.0
livebench_selected,Maverick17B,zebra_puzzle:84650f1042abf3d267bb79b6d1e1d899d27327a11ab81f1079121734a68306b1,1,0.0,0.0,0.0
livebench_selected,Maverick17B,zebra_puzzle:84650f1042abf3d267bb79b6d1e1d899d27327a11ab81f1079121734a68306b1,2,0.0,0.0,0.0
livebench_selected,Maverick17B,zebra_puzzle:84650f1042abf3d267bb79b6d1e1d899d27327a11ab81f1079121734a68306b1,4,0.0,0.0,0.0
livebench_selected,Maverick17B,zebra_puzzle:84650f1042abf3d267bb79b6d1e1d899d27327a11ab81f1079121734a68306b1,8,0.0,0.0,0.0
livebench_selected,Maverick17B,zebra_puzzle:84650f1042abf3d267bb79b6d1e1d899d27327a11ab81f1079121734a68306b1,16,0.0,0.0,0.0
livebench_selected,Maverick17B,zebra_puzzle:84650f1042abf3d267bb79b6d1e1d899d27327a11ab81f1079121734a68306b1,32,0.0,0.0,0.0
livebench_selected,Maverick17B,zebra_puzzle:84650f1042abf3d267bb79b6d1e1d899d27327a11ab81f1079121734a68306b1,48,0.0,0.0,0.0
livebench_selected,Maverick17B,zebra_puzzle:b1b1678a4f290c8ab2b85f957a0cdbba93ef0c97d1e7ab4663e46e92ebac70e8,1,0.0,0.0,0.0
livebench_selected,Maverick17B,zebra_puzzle:b1b1678a4f290c8ab2b85f957a0cdbba93ef0c97d1e7ab4663e46e92ebac70e8,2,0.0,0.0,0.0
livebench_selected,Maverick17B,zebra_puzzle:b1b1678a4f290c8ab2b85f957a0cdbba93ef0c97d1e7ab4663e46e92ebac70e8,4,0.0,0.0,0.0
livebench_selected,Maverick17B,zebra_puzzle:b1b1678a4f290c8ab2b85f957a0cdbba93ef0c97d1e7ab4663e46e92ebac70e8,8,0.0,0.0,0.0
livebench_selected,Maverick17B,zebra_puzzle:b1b1678a4f290c8ab2b85f957a0cdbba93ef0c97d1e7ab4663e46e92ebac70e8,16,0.0,0.0,0.0
livebench_selected,Maverick17B,zebra_puzzle:b1b1678a4f290c8ab2b85f957a0cdbba93ef0c97d1e7ab4663e46e92ebac70e8,32,0.0,0.0,0.0
livebench_selected,Maverick17B,zebra_puzzle:b1b1678a4f290c8ab2b85f957a0cdbba93ef0c97d1e7ab4663e46e92ebac70e8,48,0.0,0.0,0.0
livebench_selected,Maverick17B,zebra_puzzle:bd14ba82d1fe813dcdf6c16f0f868e5f3fe92e4cee9cf5eb3fd5cb6f03d68517,1,0.0,0.0,0.0
livebench_selected,Maverick17B,zebra_puzzle:bd14ba82d1fe813dcdf6c16f0f868e5f3fe92e4cee9cf5eb3fd5cb6f03d68517,2,0.0,0.0,0.0
livebench_selected,Maverick17B,zebra_puzzle:bd14ba82d1fe813dcdf6c16f0f868e5f3fe92e4cee9cf5eb3fd5cb6f03d68517,4,0.0,0.0,0.0
livebench_selected,Maverick17B,zebra_puzzle:bd14ba82d1fe813dcdf6c16f0f868e5f3fe92e4cee9cf5eb3fd5cb6f03d68517,8,0.0,0.0,0.0
livebench_selected,Maverick17B,zebra_puzzle:bd14ba82d1fe813dcdf6c16f0f868e5f3fe92e4cee9cf5eb3fd5cb6f03d68517,16,0.0,0.0,0.0
livebench_selected,Maverick17B,zebra_puzzle:bd14ba82d1fe813dcdf6c16f0f868e5f3fe92e4cee9cf5eb3fd5cb6f03d68517,32,0.0,0.0,0.0
livebench_selected,Maverick17B,zebra_puzzle:bd14ba82d1fe813dcdf6c16f0f868e5f3fe92e4cee9cf5eb3fd5cb6f03d68517,48,0.0,0.0,0.0
livebench_selected,Maverick17B,zebra_puzzle:d977e70d05f737b3df36dbe997420820c43a0c43cfb0ff32290d45667b53987d,1,0.0,0.0,0.0
livebench_selected,Maverick17B,zebra_puzzle:d977e70d05f737b3df36dbe997420820c43a0c43cfb0ff32290d45667b53987d,2,0.0,0.0,0.0
livebench_selected,Maverick17B,zebra_puzzle:d977e70d05f737b3df36dbe997420820c43a0c43cfb0ff32290d45667b53987d,4,0.0,0.0,0.0
livebench_selected,Maverick17B,zebra_puzzle:d977e70d05f737b3df36dbe997420820c43a0c43cfb0ff32290d45667b53987d,8,0.0,0.0,0.0
livebench_selected,Maverick17B,zebra_puzzle:d977e70d05f737b3df36dbe997420820c43a0c43cfb0ff32290d45667b53987d,16,0.0,0.0,0.0
livebench_selected,Maverick17B,zebra_puzzle:d977e70d05f737b3df36dbe997420820c43a0c43cfb0ff32290d45667b53987d,32,0.0,0.0,0.0
livebench_selected,Maverick17B,zebra_puzzle:d977e70d05f737b3df36dbe997420820c43a0c43cfb0ff32290d45667b53987d,48,0.0,0.0,0.0
livebench_selected,Maverick17B,zebra_puzzle:fe37c4db2b25d85eb28bc39dc6c978c002216c9e26227d7a9389abad0dd230f0,1,0.0,0.0,0.0
livebench_selected,Maverick17B,zebra_puzzle:fe37c4db2b25d85eb28bc39dc6c978c002216c9e26227d7a9389abad0dd230f0,2,0.0,0.0,0.0
livebench_selected,Maverick17B,zebra_puzzle:fe37c4db2b25d85eb28bc39dc6c978c002216c9e26227d7a9389abad0dd230f0,4,0.0,0.0,0.0
livebench_selected,Maverick17B,zebra_puzzle:fe37c4db2b25d85eb28bc39dc6c978c002216c9e26227d7a9389abad0dd230f0,8,0.0,0.0,0.0
livebench_selected,Maverick17B,zebra_puzzle:fe37c4db2b25d85eb28bc39dc6c978c002216c9e26227d7a9389abad0dd230f0,16,0.0,0.0,0.0
livebench_selected,Maverick17B,zebra_puzzle:fe37c4db2b25d85eb28bc39dc6c978c002216c9e26227d7a9389abad0dd230f0,32,0.0,0.0,0.0
livebench_selected,Maverick17B,zebra_puzzle:fe37c4db2b25d85eb28bc39dc6c978c002216c9e26227d7a9389abad0dd230f0,48,0.0,0.0,0.0
livebench_selected,Qwen122B,paraphrase:693c559e842aadf93ddcaba5f140c97aac1419c23fda3c1038c7a690c13b1213,1,0.625,0.625,0.0
livebench_selected,Qwen122B,paraphrase:693c559e842aadf93ddcaba5f140c97aac1419c23fda3c1038c7a690c13b1213,2,0.7612847222222221,0.7612847222222221,0.0
livebench_selected,Qwen122B,paraphrase:693c559e842aadf93ddcaba5f140c97aac1419c23fda3c1038c7a690c13b1213,4,0.809801266517168,0.809801266517168,0.0
livebench_selected,Qwen122B,paraphrase:693c559e842aadf93ddcaba5f140c97aac1419c23fda3c1038c7a690c13b1213,8,0.8338015562517719,0.8338015562517719,0.0
livebench_selected,Qwen122B,paraphrase:693c559e842aadf93ddcaba5f140c97aac1419c23fda3c1038c7a690c13b1213,16,0.8424766202970418,0.8424766202970418,0.0
livebench_selected,Qwen122B,paraphrase:693c559e842aadf93ddcaba5f140c97aac1419c23fda3c1038c7a690c13b1213,32,0.8704703070195369,0.8704703070195369,0.0
livebench_selected,Qwen122B,paraphrase:693c559e842aadf93ddcaba5f140c97aac1419c23fda3c1038c7a690c13b1213,48,0.9154862811470649,0.9154862811470649,0.0
livebench_selected,Qwen122B,paraphrase:91b1079c3dd6f0c003bb20f34f3783141cbc55926e6e3001ba18eaba3acc169e,1,0.6875,0.6875,0.0
livebench_selected,Qwen122B,paraphrase:91b1079c3dd6f0c003bb20f34f3783141cbc55926e6e3001ba18eaba3acc169e,2,0.90234375,0.90234375,0.0
livebench_selected,Qwen122B,paraphrase:91b1079c3dd6f0c003bb20f34f3783141cbc55926e6e3001ba18eaba3acc169e,4,0.9904632568359375,0.9904632568359375,0.0
livebench_selected,Qwen122B,paraphrase:91b1079c3dd6f0c003bb20f34f3783141cbc55926e6e3001ba18eaba3acc169e,8,0.9999090505298227,0.9999090505298227,0.0
livebench_selected,Qwen122B,paraphrase:91b1079c3dd6f0c003bb20f34f3783141cbc55926e6e3001ba18eaba3acc169e,16,0.9999999917281939,0.9999999917281939,0.0
livebench_selected,Qwen122B,paraphrase:91b1079c3dd6f0c003bb20f34f3783141cbc55926e6e3001ba18eaba3acc169e,32,1.0,1.0,0.0
livebench_selected,Qwen122B,paraphrase:91b1079c3dd6f0c003bb20f34f3783141cbc55926e6e3001ba18eaba3acc169e,48,1.0,1.0,0.0
livebench_selected,Qwen122B,paraphrase:d2adc0a1fad83dc359b9b10550d05c3b551685dbd85ca6f9f68721a7ecdc4785,1,0.0,0.0,0.0
livebench_selected,Qwen122B,paraphrase:d2adc0a1fad83dc359b9b10550d05c3b551685dbd85ca6f9f68721a7ecdc4785,2,0.0,0.0,0.0
livebench_selected,Qwen122B,paraphrase:d2adc0a1fad83dc359b9b10550d05c3b551685dbd85ca6f9f68721a7ecdc4785,4,0.0,0.0,0.0
livebench_selected,Qwen122B,paraphrase:d2adc0a1fad83dc359b9b10550d05c3b551685dbd85ca6f9f68721a7ecdc4785,8,0.0,0.0,0.0
livebench_selected,Qwen122B,paraphrase:d2adc0a1fad83dc359b9b10550d05c3b551685dbd85ca6f9f68721a7ecdc4785,16,0.0,0.0,0.0
livebench_selected,Qwen122B,paraphrase:d2adc0a1fad83dc359b9b10550d05c3b551685dbd85ca6f9f68721a7ecdc4785,32,0.0,0.0,0.0
livebench_selected,Qwen122B,paraphrase:d2adc0a1fad83dc359b9b10550d05c3b551685dbd85ca6f9f68721a7ecdc4785,48,0.0,0.0,0.0
livebench_selected,Qwen122B,paraphrase:da578f206820d6be4519d710c3872a4c217f97f111b1f09c89b8e9ad675ce88d,1,0.625,0.625,0.0
livebench_selected,Qwen122B,paraphrase:da578f206820d6be4519d710c3872a4c217f97f111b1f09c89b8e9ad675ce88d,2,0.8454861111111113,0.8454861111111113,0.0
livebench_selected,Qwen122B,paraphrase:da578f206820d6be4519d710c3872a4c217f97f111b1f09c89b8e9ad675ce88d,4,0.9627127941743828,0.9627127941743828,0.0
livebench_selected,Qwen122B,paraphrase:da578f206820d6be4519d710c3872a4c217f97f111b1f09c89b8e9ad675ce88d,8,0.9948972296699339,0.9948972296699339,0.0
livebench_selected,Qwen122B,paraphrase:da578f206820d6be4519d710c3872a4c217f97f111b1f09c89b8e9ad675ce88d,16,0.9998625925803789,0.9998625925803789,0.0
livebench_selected,Qwen122B,paraphrase:da578f206820d6be4519d710c3872a4c217f97f111b1f09c89b8e9ad675ce88d,32,0.9999999329835563,0.9999999329835563,0.0
livebench_selected,Qwen122B,paraphrase:da578f206820d6be4519d710c3872a4c217f97f111b1f09c89b8e9ad675ce88d,48,0.9999999999745091,0.9999999999745091,0.0
livebench_selected,Qwen122B,paraphrase:f3472a74bc480a915c2a3875c505fd5b3ebe475d25cefdae9447002ed88b0106,1,0.14583333333333334,0.14583333333333334,0.0
livebench_selected,Qwen122B,paraphrase:f3472a74bc480a915c2a3875c505fd5b3ebe475d25cefdae9447002ed88b0106,2,0.12803819444444442,0.12803819444444442,0.0
livebench_selected,Qwen122B,paraphrase:f3472a74bc480a915c2a3875c505fd5b3ebe475d25cefdae9447002ed88b0106,4,0.071591035819348,0.071591035819348,0.0
livebench_selected,Qwen122B,paraphrase:f3472a74bc480a915c2a3875c505fd5b3ebe475d25cefdae9447002ed88b0106,8,0.018831747160151936,0.018831747160151936,0.0
livebench_selected,Qwen122B,paraphrase:f3472a74bc480a915c2a3875c505fd5b3ebe475d25cefdae9447002ed88b0106,16,0.0011534515153949006,0.0011534515153949006,0.0
livebench_selected,Qwen122B,paraphrase:f3472a74bc480a915c2a3875c505fd5b3ebe475d25cefdae9447002ed88b0106,32,3.961086605747439e-06,3.961086605747439e-06,0.0
livebench_selected,Qwen122B,paraphrase:f3472a74bc480a915c2a3875c505fd5b3ebe475d25cefdae9447002ed88b0106,48,1.1953337065267771e-08,1.1953337065267771e-08,0.0
livebench_selected,Qwen122B,paraphrase:f4cbfc58a683894a66b028420969bb75a35fe4acda1bd3dce0024062c11b2041,1,0.875,0.875,0.0
livebench_selected,Qwen122B,paraphrase:f4cbfc58a683894a66b028420969bb75a35fe4acda1bd3dce0024062c11b2041,2,0.9739583333333333,0.9739583333333333,0.0
livebench_selected,Qwen122B,paraphrase:f4cbfc58a683894a66b028420969bb75a35fe4acda1bd3dce0024062c11b2041,4,0.9958405671296295,0.9958405671296295,0.0
livebench_selected,Qwen122B,paraphrase:f4cbfc58a683894a66b028420969bb75a35fe4acda1bd3dce0024062c11b2041,8,0.9998564692320593,0.9998564692320593,0.0
livebench_selected,Qwen122B,paraphrase:f4cbfc58a683894a66b028420969bb75a35fe4acda1bd3dce0024062c11b2041,16,0.9999999083479162,0.9999999083479162,0.0
livebench_selected,Qwen122B,paraphrase:f4cbfc58a683894a66b028420969bb75a35fe4acda1bd3dce0024062c11b2041,32,0.9999999999999803,0.9999999999999803,0.0
livebench_selected,Qwen122B,paraphrase:f4cbfc58a683894a66b028420969bb75a35fe4acda1bd3dce0024062c11b2041,48,1.0,1.0,0.0
livebench_selected,Qwen122B,tablereformat:09752b3d3e355017282301de1735bd903221368e1fadf3e64aa9594ef7730e62,1,0.0,0.0,0.0
livebench_selected,Qwen122B,tablereformat:09752b3d3e355017282301de1735bd903221368e1fadf3e64aa9594ef7730e62,2,0.0,0.0,0.0
livebench_selected,Qwen122B,tablereformat:09752b3d3e355017282301de1735bd903221368e1fadf3e64aa9594ef7730e62,4,0.0,0.0,0.0
livebench_selected,Qwen122B,tablereformat:09752b3d3e355017282301de1735bd903221368e1fadf3e64aa9594ef7730e62,8,0.0,0.0,0.0
livebench_selected,Qwen122B,tablereformat:09752b3d3e355017282301de1735bd903221368e1fadf3e64aa9594ef7730e62,16,0.0,0.0,0.0
livebench_selected,Qwen122B,tablereformat:09752b3d3e355017282301de1735bd903221368e1fadf3e64aa9594ef7730e62,32,0.0,0.0,0.0
livebench_selected,Qwen122B,tablereformat:09752b3d3e355017282301de1735bd903221368e1fadf3e64aa9594ef7730e62,48,0.0,0.0,0.0
livebench_selected,Qwen122B,tablereformat:56ace477670fa1527771dc1a4f2babac3b704f1c313b8981a53ce892f55b6c05,1,0.0,0.0,0.0
livebench_selected,Qwen122B,tablereformat:56ace477670fa1527771dc1a4f2babac3b704f1c313b8981a53ce892f55b6c05,2,0.0,0.0,0.0
livebench_selected,Qwen122B,tablereformat:56ace477670fa1527771dc1a4f2babac3b704f1c313b8981a53ce892f55b6c05,4,0.0,0.0,0.0
livebench_selected,Qwen122B,tablereformat:56ace477670fa1527771dc1a4f2babac3b704f1c313b8981a53ce892f55b6c05,8,0.0,0.0,0.0
livebench_selected,Qwen122B,tablereformat:56ace477670fa1527771dc1a4f2babac3b704f1c313b8981a53ce892f55b6c05,16,0.0,0.0,0.0
livebench_selected,Qwen122B,tablereformat:56ace477670fa1527771dc1a4f2babac3b704f1c313b8981a53ce892f55b6c05,32,0.0,0.0,0.0
livebench_selected,Qwen122B,tablereformat:56ace477670fa1527771dc1a4f2babac3b704f1c313b8981a53ce892f55b6c05,48,0.0,0.0,0.0
livebench_selected,Qwen122B,tablereformat:57772b38ab8d4f9f2e30d5e0cca6e007f228786523ed027bdbf37b59fe20e3b1,1,0.0,0.0,0.0
livebench_selected,Qwen122B,tablereformat:57772b38ab8d4f9f2e30d5e0cca6e007f228786523ed027bdbf37b59fe20e3b1,2,0.0,0.0,0.0
livebench_selected,Qwen122B,tablereformat:57772b38ab8d4f9f2e30d5e0cca6e007f228786523ed027bdbf37b59fe20e3b1,4,0.0,0.0,0.0
livebench_selected,Qwen122B,tablereformat:57772b38ab8d4f9f2e30d5e0cca6e007f228786523ed027bdbf37b59fe20e3b1,8,0.0,0.0,0.0
livebench_selected,Qwen122B,tablereformat:57772b38ab8d4f9f2e30d5e0cca6e007f228786523ed027bdbf37b59fe20e3b1,16,0.0,0.0,0.0
livebench_selected,Qwen122B,tablereformat:57772b38ab8d4f9f2e30d5e0cca6e007f228786523ed027bdbf37b59fe20e3b1,32,0.0,0.0,0.0
livebench_selected,Qwen122B,tablereformat:57772b38ab8d4f9f2e30d5e0cca6e007f228786523ed027bdbf37b59fe20e3b1,48,0.0,0.0,0.0
livebench_selected,Qwen122B,tablereformat:8b25c07592f100c7c61af45d3de6eec07f4996d0a211f613cc1e224db02bba4c,1,0.0,0.0,0.0
livebench_selected,Qwen122B,tablereformat:8b25c07592f100c7c61af45d3de6eec07f4996d0a211f613cc1e224db02bba4c,2,0.0,0.0,0.0
livebench_selected,Qwen122B,tablereformat:8b25c07592f100c7c61af45d3de6eec07f4996d0a211f613cc1e224db02bba4c,4,0.0,0.0,0.0
livebench_selected,Qwen122B,tablereformat:8b25c07592f100c7c61af45d3de6eec07f4996d0a211f613cc1e224db02bba4c,8,0.0,0.0,0.0
livebench_selected,Qwen122B,tablereformat:8b25c07592f100c7c61af45d3de6eec07f4996d0a211f613cc1e224db02bba4c,16,0.0,0.0,0.0
livebench_selected,Qwen122B,tablereformat:8b25c07592f100c7c61af45d3de6eec07f4996d0a211f613cc1e224db02bba4c,32,0.0,0.0,0.0
livebench_selected,Qwen122B,tablereformat:8b25c07592f100c7c61af45d3de6eec07f4996d0a211f613cc1e224db02bba4c,48,0.0,0.0,0.0
livebench_selected,Qwen122B,tablereformat:ce1fa8f673c3d33b3986e4f4f148ab1a11e42cd2b7f15390f0f4f2acb530a6e3,1,0.0,0.0,0.0
livebench_selected,Qwen122B,tablereformat:ce1fa8f673c3d33b3986e4f4f148ab1a11e42cd2b7f15390f0f4f2acb530a6e3,2,0.0,0.0,0.0
livebench_selected,Qwen122B,tablereformat:ce1fa8f673c3d33b3986e4f4f148ab1a11e42cd2b7f15390f0f4f2acb530a6e3,4,0.0,0.0,0.0
livebench_selected,Qwen122B,tablereformat:ce1fa8f673c3d33b3986e4f4f148ab1a11e42cd2b7f15390f0f4f2acb530a6e3,8,0.0,0.0,0.0
livebench_selected,Qwen122B,tablereformat:ce1fa8f673c3d33b3986e4f4f148ab1a11e42cd2b7f15390f0f4f2acb530a6e3,16,0.0,0.0,0.0
livebench_selected,Qwen122B,tablereformat:ce1fa8f673c3d33b3986e4f4f148ab1a11e42cd2b7f15390f0f4f2acb530a6e3,32,0.0,0.0,0.0
livebench_selected,Qwen122B,tablereformat:ce1fa8f673c3d33b3986e4f4f148ab1a11e42cd2b7f15390f0f4f2acb530a6e3,48,0.0,0.0,0.0
livebench_selected,Qwen122B,tablereformat:e114ea800daa6938bd7bbc29c6fde32844324662764b5cb63d7e4e78c3b66c65,1,0.0,0.0,0.0
livebench_selected,Qwen122B,tablereformat:e114ea800daa6938bd7bbc29c6fde32844324662764b5cb63d7e4e78c3b66c65,2,0.0,0.0,0.0
livebench_selected,Qwen122B,tablereformat:e114ea800daa6938bd7bbc29c6fde32844324662764b5cb63d7e4e78c3b66c65,4,0.0,0.0,0.0
livebench_selected,Qwen122B,tablereformat:e114ea800daa6938bd7bbc29c6fde32844324662764b5cb63d7e4e78c3b66c65,8,0.0,0.0,0.0
livebench_selected,Qwen122B,tablereformat:e114ea800daa6938bd7bbc29c6fde32844324662764b5cb63d7e4e78c3b66c65,16,0.0,0.0,0.0
livebench_selected,Qwen122B,tablereformat:e114ea800daa6938bd7bbc29c6fde32844324662764b5cb63d7e4e78c3b66c65,32,0.0,0.0,0.0
livebench_selected,Qwen122B,tablereformat:e114ea800daa6938bd7bbc29c6fde32844324662764b5cb63d7e4e78c3b66c65,48,0.0,0.0,0.0
livebench_selected,Qwen122B,tablereformat:eb8aebddc3e1eff35a92de9e8306dfcfebd25201eefda2921b830226b5347dc5,1,0.0,0.0,0.0
livebench_selected,Qwen122B,tablereformat:eb8aebddc3e1eff35a92de9e8306dfcfebd25201eefda2921b830226b5347dc5,2,0.0,0.0,0.0
livebench_selected,Qwen122B,tablereformat:eb8aebddc3e1eff35a92de9e8306dfcfebd25201eefda2921b830226b5347dc5,4,0.0,0.0,0.0
livebench_selected,Qwen122B,tablereformat:eb8aebddc3e1eff35a92de9e8306dfcfebd25201eefda2921b830226b5347dc5,8,0.0,0.0,0.0
livebench_selected,Qwen122B,tablereformat:eb8aebddc3e1eff35a92de9e8306dfcfebd25201eefda2921b830226b5347dc5,16,0.0,0.0,0.0
livebench_selected,Qwen122B,tablereformat:eb8aebddc3e1eff35a92de9e8306dfcfebd25201eefda2921b830226b5347dc5,32,0.0,0.0,0.0
livebench_selected,Qwen122B,tablereformat:eb8aebddc3e1eff35a92de9e8306dfcfebd25201eefda2921b830226b5347dc5,48,0.0,0.0,0.0
livebench_selected,Qwen122B,zebra_puzzle:20d48b97e524cd64f82b0e4fb3c597a37bae1d9357e9b2c93aad96b4c70e098e,1,0.7708333333333334,0.7708333333333334,0.0
livebench_selected,Qwen122B,zebra_puzzle:20d48b97e524cd64f82b0e4fb3c597a37bae1d9357e9b2c93aad96b4c70e098e,2,0.9474826388888888,0.9474826388888888,0.0
livebench_selected,Qwen122B,zebra_puzzle:20d48b97e524cd64f82b0e4fb3c597a37bae1d9357e9b2c93aad96b4c70e098e,4,0.9972419267819252,0.9972419267819252,0.0
livebench_selected,Qwen122B,zebra_puzzle:20d48b97e524cd64f82b0e4fb3c597a37bae1d9357e9b2c93aad96b4c70e098e,8,0.9999923930321237,0.9999923930321237,0.0
livebench_selected,Qwen122B,zebra_puzzle:20d48b97e524cd64f82b0e4fb3c597a37bae1d9357e9b2c93aad96b4c70e098e,16,0.9999999999421341,0.9999999999421341,0.0
livebench_selected,Qwen122B,zebra_puzzle:20d48b97e524cd64f82b0e4fb3c597a37bae1d9357e9b2c93aad96b4c70e098e,32,1.0,1.0,0.0
livebench_selected,Qwen122B,zebra_puzzle:20d48b97e524cd64f82b0e4fb3c597a37bae1d9357e9b2c93aad96b4c70e098e,48,1.0,1.0,0.0
livebench_selected,Qwen122B,zebra_puzzle:743aa0ae2d518d95d45ab8b77a7e9ffde5a03c07da8a6af9e81a4e3689aeef0c,1,0.5,0.5,0.0
livebench_selected,Qwen122B,zebra_puzzle:743aa0ae2d518d95d45ab8b77a7e9ffde5a03c07da8a6af9e81a4e3689aeef0c,2,0.7144097222222224,0.7144097222222224,0.0
livebench_selected,Qwen122B,zebra_puzzle:743aa0ae2d518d95d45ab8b77a7e9ffde5a03c07da8a6af9e81a4e3689aeef0c,4,0.8847569595148536,0.8847569595148536,0.0
livebench_selected,Qwen122B,zebra_puzzle:743aa0ae2d518d95d45ab8b77a7e9ffde5a03c07da8a6af9e81a4e3689aeef0c,8,0.9772194359378997,0.9772194359378997,0.0
livebench_selected,Qwen122B,zebra_puzzle:743aa0ae2d518d95d45ab8b77a7e9ffde5a03c07da8a6af9e81a4e3689aeef0c,16,0.9990999125248337,0.9990999125248337,0.0
livebench_selected,Qwen122B,zebra_puzzle:743aa0ae2d518d95d45ab8b77a7e9ffde5a03c07da8a6af9e81a4e3689aeef0c,32,0.9999984227300447,0.9999984227300447,0.0
livebench_selected,Qwen122B,zebra_puzzle:743aa0ae2d518d95d45ab8b77a7e9ffde5a03c07da8a6af9e81a4e3689aeef0c,48,0.9999999972087286,0.9999999972087286,0.0
livebench_selected,Qwen122B,zebra_puzzle:84650f1042abf3d267bb79b6d1e1d899d27327a11ab81f1079121734a68306b1,1,0.7916666666666666,0.7916666666666666,0.0
livebench_selected,Qwen122B,zebra_puzzle:84650f1042abf3d267bb79b6d1e1d899d27327a11ab81f1079121734a68306b1,2,0.9565972222222222,0.9565972222222222,0.0
livebench_selected,Qwen122B,zebra_puzzle:84650f1042abf3d267bb79b6d1e1d899d27327a11ab81f1079121734a68306b1,4,0.9981161988811729,0.9981161988811729,0.0
livebench_selected,Qwen122B,zebra_puzzle:84650f1042abf3d267bb79b6d1e1d899d27327a11ab81f1079121734a68306b1,8,0.9999964512933447,0.9999964512933447,0.0
livebench_selected,Qwen122B,zebra_puzzle:84650f1042abf3d267bb79b6d1e1d899d27327a11ab81f1079121734a68306b1,16,0.9999999999874066,0.9999999999874066,0.0
livebench_selected,Qwen122B,zebra_puzzle:84650f1042abf3d267bb79b6d1e1d899d27327a11ab81f1079121734a68306b1,32,1.0,1.0,0.0
livebench_selected,Qwen122B,zebra_puzzle:84650f1042abf3d267bb79b6d1e1d899d27327a11ab81f1079121734a68306b1,48,1.0,1.0,0.0
livebench_selected,Qwen122B,zebra_puzzle:b1b1678a4f290c8ab2b85f957a0cdbba93ef0c97d1e7ab4663e46e92ebac70e8,1,0.8541666666666666,0.8541666666666666,0.0
livebench_selected,Qwen122B,zebra_puzzle:b1b1678a4f290c8ab2b85f957a0cdbba93ef0c97d1e7ab4663e46e92ebac70e8,2,0.9787326388888888,0.9787326388888888,0.0
livebench_selected,Qwen122B,zebra_puzzle:b1b1678a4f290c8ab2b85f957a0cdbba93ef0c97d1e7ab4663e46e92ebac70e8,4,0.9995476993513696,0.9995476993513696,0.0
livebench_selected,Qwen122B,zebra_puzzle:b1b1678a4f290c8ab2b85f957a0cdbba93ef0c97d1e7ab4663e46e92ebac70e8,8,0.9999997954241233,0.9999997954241233,0.0
livebench_selected,Qwen122B,zebra_puzzle:b1b1678a4f290c8ab2b85f957a0cdbba93ef0c97d1e7ab4663e46e92ebac70e8,16,0.9999999999999581,0.9999999999999581,0.0
livebench_selected,Qwen122B,zebra_puzzle:b1b1678a4f290c8ab2b85f957a0cdbba93ef0c97d1e7ab4663e46e92ebac70e8,32,1.0,1.0,0.0
livebench_selected,Qwen122B,zebra_puzzle:b1b1678a4f290c8ab2b85f957a0cdbba93ef0c97d1e7ab4663e46e92ebac70e8,48,1.0,1.0,0.0
livebench_selected,Qwen122B,zebra_puzzle:bd14ba82d1fe813dcdf6c16f0f868e5f3fe92e4cee9cf5eb3fd5cb6f03d68517,1,0.8333333333333334,0.8333333333333334,0.0
livebench_selected,Qwen122B,zebra_puzzle:bd14ba82d1fe813dcdf6c16f0f868e5f3fe92e4cee9cf5eb3fd5cb6f03d68517,2,0.9722222222222223,0.9722222222222223,0.0
livebench_selected,Qwen122B,zebra_puzzle:bd14ba82d1fe813dcdf6c16f0f868e5f3fe92e4cee9cf5eb3fd5cb6f03d68517,4,0.9992283950617284,0.9992283950617284,0.0
livebench_selected,Qwen122B,zebra_puzzle:bd14ba82d1fe813dcdf6c16f0f868e5f3fe92e4cee9cf5eb3fd5cb6f03d68517,8,0.9999994046258192,0.9999994046258192,0.0
livebench_selected,Qwen122B,zebra_puzzle:bd14ba82d1fe813dcdf6c16f0f868e5f3fe92e4cee9cf5eb3fd5cb6f03d68517,16,0.9999999999996455,0.9999999999996455,0.0
livebench_selected,Qwen122B,zebra_puzzle:bd14ba82d1fe813dcdf6c16f0f868e5f3fe92e4cee9cf5eb3fd5cb6f03d68517,32,1.0,1.0,0.0
livebench_selected,Qwen122B,zebra_puzzle:bd14ba82d1fe813dcdf6c16f0f868e5f3fe92e4cee9cf5eb3fd5cb6f03d68517,48,1.0,1.0,0.0
livebench_selected,Qwen122B,zebra_puzzle:d977e70d05f737b3df36dbe997420820c43a0c43cfb0ff32290d45667b53987d,1,0.875,0.875,0.0
livebench_selected,Qwen122B,zebra_puzzle:d977e70d05f737b3df36dbe997420820c43a0c43cfb0ff32290d45667b53987d,2,0.9739583333333333,0.9739583333333333,0.0
livebench_selected,Qwen122B,zebra_puzzle:d977e70d05f737b3df36dbe997420820c43a0c43cfb0ff32290d45667b53987d,4,0.9979293258101851,0.9979293258101851,0.0
livebench_selected,Qwen122B,zebra_puzzle:d977e70d05f737b3df36dbe997420820c43a0c43cfb0ff32290d45667b53987d,8,0.9999882875919124,0.9999882875919124,0.0
livebench_selected,Qwen122B,zebra_puzzle:d977e70d05f737b3df36dbe997420820c43a0c43cfb0ff32290d45667b53987d,16,0.9999999997797627,0.9999999997797627,0.0
livebench_selected,Qwen122B,zebra_puzzle:d977e70d05f737b3df36dbe997420820c43a0c43cfb0ff32290d45667b53987d,32,1.0,1.0,0.0
livebench_selected,Qwen122B,zebra_puzzle:d977e70d05f737b3df36dbe997420820c43a0c43cfb0ff32290d45667b53987d,48,1.0,1.0,0.0
livebench_selected,Qwen122B,zebra_puzzle:fe37c4db2b25d85eb28bc39dc6c978c002216c9e26227d7a9389abad0dd230f0,1,0.8333333333333334,0.8333333333333334,0.0
livebench_selected,Qwen122B,zebra_puzzle:fe37c4db2b25d85eb28bc39dc6c978c002216c9e26227d7a9389abad0dd230f0,2,0.9722222222222223,0.9722222222222223,0.0
livebench_selected,Qwen122B,zebra_puzzle:fe37c4db2b25d85eb28bc39dc6c978c002216c9e26227d7a9389abad0dd230f0,4,0.9992283950617284,0.9992283950617284,0.0
livebench_selected,Qwen122B,zebra_puzzle:fe37c4db2b25d85eb28bc39dc6c978c002216c9e26227d7a9389abad0dd230f0,8,0.9999994046258192,0.9999994046258192,0.0
livebench_selected,Qwen122B,zebra_puzzle:fe37c4db2b25d85eb28bc39dc6c978c002216c9e26227d7a9389abad0dd230f0,16,0.9999999999996455,0.9999999999996455,0.0
livebench_selected,Qwen122B,zebra_puzzle:fe37c4db2b25d85eb28bc39dc6c978c002216c9e26227d7a9389abad0dd230f0,32,1.0,1.0,0.0
livebench_selected,Qwen122B,zebra_puzzle:fe37c4db2b25d85eb28bc39dc6c978c002216c9e26227d7a9389abad0dd230f0,48,1.0,1.0,0.0
livebench_selected,Qwen397B,paraphrase:693c559e842aadf93ddcaba5f140c97aac1419c23fda3c1038c7a690c13b1213,1,0.9166666666666666,0.9166666666666666,0.0
livebench_selected,Qwen397B,paraphrase:693c559e842aadf93ddcaba5f140c97aac1419c23fda3c1038c7a690c13b1213,2,0.9262152777777776,0.9262152777777776,0.0
livebench_selected,Qwen397B,paraphrase:693c559e842aadf93ddcaba5f140c97aac1419c23fda3c1038c7a690c13b1213,4,0.8923516921055167,0.8923516921055167,0.0
livebench_selected,Qwen397B,paraphrase:693c559e842aadf93ddcaba5f140c97aac1419c23fda3c1038c7a690c13b1213,8,0.8607538469990145,0.8607538469990145,0.0
livebench_selected,Qwen397B,paraphrase:693c559e842aadf93ddcaba5f140c97aac1419c23fda3c1038c7a690c13b1213,16,0.8444257080715298,0.8444257080715298,0.0
livebench_selected,Qwen397B,paraphrase:693c559e842aadf93ddcaba5f140c97aac1419c23fda3c1038c7a690c13b1213,32,0.8704762179273831,0.8704762179273831,0.0
livebench_selected,Qwen397B,paraphrase:693c559e842aadf93ddcaba5f140c97aac1419c23fda3c1038c7a690c13b1213,48,0.9154862964434927,0.9154862964434927,0.0
livebench_selected,Qwen397B,paraphrase:91b1079c3dd6f0c003bb20f34f3783141cbc55926e6e3001ba18eaba3acc169e,1,0.8333333333333334,0.8333333333333334,0.0
livebench_selected,Qwen397B,paraphrase:91b1079c3dd6f0c003bb20f34f3783141cbc55926e6e3001ba18eaba3acc169e,2,0.8437500000000002,0.8437500000000002,0.0
livebench_selected,Qwen397B,paraphrase:91b1079c3dd6f0c003bb20f34f3783141cbc55926e6e3001ba18eaba3acc169e,4,0.8706597222222224,0.8706597222222224,0.0
livebench_selected,Qwen397B,paraphrase:91b1079c3dd6f0c003bb20f34f3783141cbc55926e6e3001ba18eaba3acc169e,8,0.914530651252947,0.914530651252947,0.0
livebench_selected,Qwen397B,paraphrase:91b1079c3dd6f0c003bb20f34f3783141cbc55926e6e3001ba18eaba3acc169e,16,0.9676656462862713,0.9676656462862713,0.0
livebench_selected,Qwen397B,paraphrase:91b1079c3dd6f0c003bb20f34f3783141cbc55926e6e3001ba18eaba3acc169e,32,0.9963359834354699,0.9963359834354699,0.0
livebench_selected,Qwen397B,paraphrase:91b1079c3dd6f0c003bb20f34f3783141cbc55926e6e3001ba18eaba3acc169e,48,0.9996378262154163,0.9996378262154163,0.0
livebench_selected,Qwen397B,paraphrase:d2adc0a1fad83dc359b9b10550d05c3b551685dbd85ca6f9f68721a7ecdc4785,1,0.0,0.0,0.0
livebench_selected,Qwen397B,paraphrase:d2adc0a1fad83dc359b9b10550d05c3b551685dbd85ca6f9f68721a7ecdc4785,2,0.0,0.0,0.0
livebench_selected,Qwen397B,paraphrase:d2adc0a1fad83dc359b9b10550d05c3b551685dbd85ca6f9f68721a7ecdc4785,4,0.0,0.0,0.0
livebench_selected,Qwen397B,paraphrase:d2adc0a1fad83dc359b9b10550d05c3b551685dbd85ca6f9f68721a7ecdc4785,8,0.0,0.0,0.0
livebench_selected,Qwen397B,paraphrase:d2adc0a1fad83dc359b9b10550d05c3b551685dbd85ca6f9f68721a7ecdc4785,16,0.0,0.0,0.0
livebench_selected,Qwen397B,paraphrase:d2adc0a1fad83dc359b9b10550d05c3b551685dbd85ca6f9f68721a7ecdc4785,32,0.0,0.0,0.0
livebench_selected,Qwen397B,paraphrase:d2adc0a1fad83dc359b9b10550d05c3b551685dbd85ca6f9f68721a7ecdc4785,48,0.0,0.0,0.0
livebench_selected,Qwen397B,paraphrase:da578f206820d6be4519d710c3872a4c217f97f111b1f09c89b8e9ad675ce88d,1,1.0,1.0,0.0
livebench_selected,Qwen397B,paraphrase:da578f206820d6be4519d710c3872a4c217f97f111b1f09c89b8e9ad675ce88d,2,1.0,1.0,0.0
livebench_selected,Qwen397B,paraphrase:da578f206820d6be4519d710c3872a4c217f97f111b1f09c89b8e9ad675ce88d,4,1.0,1.0,0.0
livebench_selected,Qwen397B,paraphrase:da578f206820d6be4519d710c3872a4c217f97f111b1f09c89b8e9ad675ce88d,8,1.0,1.0,0.0
livebench_selected,Qwen397B,paraphrase:da578f206820d6be4519d710c3872a4c217f97f111b1f09c89b8e9ad675ce88d,16,1.0,1.0,0.0
livebench_selected,Qwen397B,paraphrase:da578f206820d6be4519d710c3872a4c217f97f111b1f09c89b8e9ad675ce88d,32,1.0,1.0,0.0
livebench_selected,Qwen397B,paraphrase:da578f206820d6be4519d710c3872a4c217f97f111b1f09c89b8e9ad675ce88d,48,1.0,1.0,0.0
livebench_selected,Qwen397B,paraphrase:f3472a74bc480a915c2a3875c505fd5b3ebe475d25cefdae9447002ed88b0106,1,0.10416666666666667,0.10416666666666667,0.0
livebench_selected,Qwen397B,paraphrase:f3472a74bc480a915c2a3875c505fd5b3ebe475d25cefdae9447002ed88b0106,2,0.15147569444444448,0.15147569444444448,0.0
livebench_selected,Qwen397B,paraphrase:f3472a74bc480a915c2a3875c505fd5b3ebe475d25cefdae9447002ed88b0106,4,0.1826806715977045,0.1826806715977045,0.0
livebench_selected,Qwen397B,paraphrase:f3472a74bc480a915c2a3875c505fd5b3ebe475d25cefdae9447002ed88b0106,8,0.18010711914530664,0.18010711914530664,0.0
livebench_selected,Qwen397B,paraphrase:f3472a74bc480a915c2a3875c505fd5b3ebe475d25cefdae9447002ed88b0106,16,0.13296289654250076,0.13296289654250076,0.0
livebench_selected,Qwen397B,paraphrase:f3472a74bc480a915c2a3875c505fd5b3ebe475d25cefdae9447002ed88b0106,32,0.04784233141083482,0.04784233141083482,0.0
livebench_selected,Qwen397B,paraphrase:f3472a74bc480a915c2a3875c505fd5b3ebe475d25cefdae9447002ed88b0106,48,0.013705663801257009,0.013705663801257009,0.0
livebench_selected,Qwen397B,paraphrase:f4cbfc58a683894a66b028420969bb75a35fe4acda1bd3dce0024062c11b2041,1,0.9583333333333334,0.9583333333333334,0.0
livebench_selected,Qwen397B,paraphrase:f4cbfc58a683894a66b028420969bb75a35fe4acda1bd3dce0024062c11b2041,2,0.9982638888888888,0.9982638888888888,0.0
livebench_selected,Qwen397B,paraphrase:f4cbfc58a683894a66b028420969bb75a35fe4acda1bd3dce0024062c11b2041,4,0.9999969859182098,0.9999969859182098,0.0
livebench_selected,Qwen397B,paraphrase:f4cbfc58a683894a66b028420969bb75a35fe4acda1bd3dce0024062c11b2041,8,0.9999999999909153,0.9999999999909153,0.0
livebench_selected,Qwen397B,paraphrase:f4cbfc58a683894a66b028420969bb75a35fe4acda1bd3dce0024062c11b2041,16,1.0,1.0,0.0
livebench_selected,Qwen397B,paraphrase:f4cbfc58a683894a66b028420969bb75a35fe4acda1bd3dce0024062c11b2041,32,1.0,1.0,0.0
livebench_selected,Qwen397B,paraphrase:f4cbfc58a683894a66b028420969bb75a35fe4acda1bd3dce0024062c11b2041,48,1.0,1.0,0.0
livebench_selected,Qwen397B,tablereformat:09752b3d3e355017282301de1735bd903221368e1fadf3e64aa9594ef7730e62,1,0.0,0.0,0.0
livebench_selected,Qwen397B,tablereformat:09752b3d3e355017282301de1735bd903221368e1fadf3e64aa9594ef7730e62,2,0.0,0.0,0.0
livebench_selected,Qwen397B,tablereformat:09752b3d3e355017282301de1735bd903221368e1fadf3e64aa9594ef7730e62,4,0.0,0.0,0.0
livebench_selected,Qwen397B,tablereformat:09752b3d3e355017282301de1735bd903221368e1fadf3e64aa9594ef7730e62,8,0.0,0.0,0.0
livebench_selected,Qwen397B,tablereformat:09752b3d3e355017282301de1735bd903221368e1fadf3e64aa9594ef7730e62,16,0.0,0.0,0.0
livebench_selected,Qwen397B,tablereformat:09752b3d3e355017282301de1735bd903221368e1fadf3e64aa9594ef7730e62,32,0.0,0.0,0.0
livebench_selected,Qwen397B,tablereformat:09752b3d3e355017282301de1735bd903221368e1fadf3e64aa9594ef7730e62,48,0.0,0.0,0.0
livebench_selected,Qwen397B,tablereformat:56ace477670fa1527771dc1a4f2babac3b704f1c313b8981a53ce892f55b6c05,1,0.0,0.0,0.0
livebench_selected,Qwen397B,tablereformat:56ace477670fa1527771dc1a4f2babac3b704f1c313b8981a53ce892f55b6c05,2,0.0,0.0,0.0
livebench_selected,Qwen397B,tablereformat:56ace477670fa1527771dc1a4f2babac3b704f1c313b8981a53ce892f55b6c05,4,0.0,0.0,0.0
livebench_selected,Qwen397B,tablereformat:56ace477670fa1527771dc1a4f2babac3b704f1c313b8981a53ce892f55b6c05,8,0.0,0.0,0.0
livebench_selected,Qwen397B,tablereformat:56ace477670fa1527771dc1a4f2babac3b704f1c313b8981a53ce892f55b6c05,16,0.0,0.0,0.0
livebench_selected,Qwen397B,tablereformat:56ace477670fa1527771dc1a4f2babac3b704f1c313b8981a53ce892f55b6c05,32,0.0,0.0,0.0
livebench_selected,Qwen397B,tablereformat:56ace477670fa1527771dc1a4f2babac3b704f1c313b8981a53ce892f55b6c05,48,0.0,0.0,0.0
livebench_selected,Qwen397B,tablereformat:57772b38ab8d4f9f2e30d5e0cca6e007f228786523ed027bdbf37b59fe20e3b1,1,0.0,0.0,0.0
livebench_selected,Qwen397B,tablereformat:57772b38ab8d4f9f2e30d5e0cca6e007f228786523ed027bdbf37b59fe20e3b1,2,0.0,0.0,0.0
livebench_selected,Qwen397B,tablereformat:57772b38ab8d4f9f2e30d5e0cca6e007f228786523ed027bdbf37b59fe20e3b1,4,0.0,0.0,0.0
livebench_selected,Qwen397B,tablereformat:57772b38ab8d4f9f2e30d5e0cca6e007f228786523ed027bdbf37b59fe20e3b1,8,0.0,0.0,0.0
livebench_selected,Qwen397B,tablereformat:57772b38ab8d4f9f2e30d5e0cca6e007f228786523ed027bdbf37b59fe20e3b1,16,0.0,0.0,0.0
livebench_selected,Qwen397B,tablereformat:57772b38ab8d4f9f2e30d5e0cca6e007f228786523ed027bdbf37b59fe20e3b1,32,0.0,0.0,0.0
livebench_selected,Qwen397B,tablereformat:57772b38ab8d4f9f2e30d5e0cca6e007f228786523ed027bdbf37b59fe20e3b1,48,0.0,0.0,0.0
livebench_selected,Qwen397B,tablereformat:8b25c07592f100c7c61af45d3de6eec07f4996d0a211f613cc1e224db02bba4c,1,0.0,0.0,0.0
livebench_selected,Qwen397B,tablereformat:8b25c07592f100c7c61af45d3de6eec07f4996d0a211f613cc1e224db02bba4c,2,0.0,0.0,0.0
livebench_selected,Qwen397B,tablereformat:8b25c07592f100c7c61af45d3de6eec07f4996d0a211f613cc1e224db02bba4c,4,0.0,0.0,0.0
livebench_selected,Qwen397B,tablereformat:8b25c07592f100c7c61af45d3de6eec07f4996d0a211f613cc1e224db02bba4c,8,0.0,0.0,0.0
livebench_selected,Qwen397B,tablereformat:8b25c07592f100c7c61af45d3de6eec07f4996d0a211f613cc1e224db02bba4c,16,0.0,0.0,0.0
livebench_selected,Qwen397B,tablereformat:8b25c07592f100c7c61af45d3de6eec07f4996d0a211f613cc1e224db02bba4c,32,0.0,0.0,0.0
livebench_selected,Qwen397B,tablereformat:8b25c07592f100c7c61af45d3de6eec07f4996d0a211f613cc1e224db02bba4c,48,0.0,0.0,0.0
livebench_selected,Qwen397B,tablereformat:ce1fa8f673c3d33b3986e4f4f148ab1a11e42cd2b7f15390f0f4f2acb530a6e3,1,0.0,0.0,0.0
livebench_selected,Qwen397B,tablereformat:ce1fa8f673c3d33b3986e4f4f148ab1a11e42cd2b7f15390f0f4f2acb530a6e3,2,0.0,0.0,0.0
livebench_selected,Qwen397B,tablereformat:ce1fa8f673c3d33b3986e4f4f148ab1a11e42cd2b7f15390f0f4f2acb530a6e3,4,0.0,0.0,0.0
livebench_selected,Qwen397B,tablereformat:ce1fa8f673c3d33b3986e4f4f148ab1a11e42cd2b7f15390f0f4f2acb530a6e3,8,0.0,0.0,0.0
livebench_selected,Qwen397B,tablereformat:ce1fa8f673c3d33b3986e4f4f148ab1a11e42cd2b7f15390f0f4f2acb530a6e3,16,0.0,0.0,0.0
livebench_selected,Qwen397B,tablereformat:ce1fa8f673c3d33b3986e4f4f148ab1a11e42cd2b7f15390f0f4f2acb530a6e3,32,0.0,0.0,0.0
livebench_selected,Qwen397B,tablereformat:ce1fa8f673c3d33b3986e4f4f148ab1a11e42cd2b7f15390f0f4f2acb530a6e3,48,0.0,0.0,0.0
livebench_selected,Qwen397B,tablereformat:e114ea800daa6938bd7bbc29c6fde32844324662764b5cb63d7e4e78c3b66c65,1,0.0,0.0,0.0
livebench_selected,Qwen397B,tablereformat:e114ea800daa6938bd7bbc29c6fde32844324662764b5cb63d7e4e78c3b66c65,2,0.0,0.0,0.0
livebench_selected,Qwen397B,tablereformat:e114ea800daa6938bd7bbc29c6fde32844324662764b5cb63d7e4e78c3b66c65,4,0.0,0.0,0.0
livebench_selected,Qwen397B,tablereformat:e114ea800daa6938bd7bbc29c6fde32844324662764b5cb63d7e4e78c3b66c65,8,0.0,0.0,0.0
livebench_selected,Qwen397B,tablereformat:e114ea800daa6938bd7bbc29c6fde32844324662764b5cb63d7e4e78c3b66c65,16,0.0,0.0,0.0
livebench_selected,Qwen397B,tablereformat:e114ea800daa6938bd7bbc29c6fde32844324662764b5cb63d7e4e78c3b66c65,32,0.0,0.0,0.0
livebench_selected,Qwen397B,tablereformat:e114ea800daa6938bd7bbc29c6fde32844324662764b5cb63d7e4e78c3b66c65,48,0.0,0.0,0.0
livebench_selected,Qwen397B,tablereformat:eb8aebddc3e1eff35a92de9e8306dfcfebd25201eefda2921b830226b5347dc5,1,0.0,0.0,0.0
livebench_selected,Qwen397B,tablereformat:eb8aebddc3e1eff35a92de9e8306dfcfebd25201eefda2921b830226b5347dc5,2,0.0,0.0,0.0
livebench_selected,Qwen397B,tablereformat:eb8aebddc3e1eff35a92de9e8306dfcfebd25201eefda2921b830226b5347dc5,4,0.0,0.0,0.0
livebench_selected,Qwen397B,tablereformat:eb8aebddc3e1eff35a92de9e8306dfcfebd25201eefda2921b830226b5347dc5,8,0.0,0.0,0.0
livebench_selected,Qwen397B,tablereformat:eb8aebddc3e1eff35a92de9e8306dfcfebd25201eefda2921b830226b5347dc5,16,0.0,0.0,0.0
livebench_selected,Qwen397B,tablereformat:eb8aebddc3e1eff35a92de9e8306dfcfebd25201eefda2921b830226b5347dc5,32,0.0,0.0,0.0
livebench_selected,Qwen397B,tablereformat:eb8aebddc3e1eff35a92de9e8306dfcfebd25201eefda2921b830226b5347dc5,48,0.0,0.0,0.0
livebench_selected,Qwen397B,zebra_puzzle:20d48b97e524cd64f82b0e4fb3c597a37bae1d9357e9b2c93aad96b4c70e098e,1,1.0,1.0,0.0
livebench_selected,Qwen397B,zebra_puzzle:20d48b97e524cd64f82b0e4fb3c597a37bae1d9357e9b2c93aad96b4c70e098e,2,1.0,1.0,0.0
livebench_selected,Qwen397B,zebra_puzzle:20d48b97e524cd64f82b0e4fb3c597a37bae1d9357e9b2c93aad96b4c70e098e,4,1.0,1.0,0.0
livebench_selected,Qwen397B,zebra_puzzle:20d48b97e524cd64f82b0e4fb3c597a37bae1d9357e9b2c93aad96b4c70e098e,8,1.0,1.0,0.0
livebench_selected,Qwen397B,zebra_puzzle:20d48b97e524cd64f82b0e4fb3c597a37bae1d9357e9b2c93aad96b4c70e098e,16,1.0,1.0,0.0
livebench_selected,Qwen397B,zebra_puzzle:20d48b97e524cd64f82b0e4fb3c597a37bae1d9357e9b2c93aad96b4c70e098e,32,1.0,1.0,0.0
livebench_selected,Qwen397B,zebra_puzzle:20d48b97e524cd64f82b0e4fb3c597a37bae1d9357e9b2c93aad96b4c70e098e,48,1.0,1.0,0.0
livebench_selected,Qwen397B,zebra_puzzle:743aa0ae2d518d95d45ab8b77a7e9ffde5a03c07da8a6af9e81a4e3689aeef0c,1,0.7291666666666666,0.7291666666666666,0.0
livebench_selected,Qwen397B,zebra_puzzle:743aa0ae2d518d95d45ab8b77a7e9ffde5a03c07da8a6af9e81a4e3689aeef0c,2,0.9066840277777778,0.9066840277777778,0.0
livebench_selected,Qwen397B,zebra_puzzle:743aa0ae2d518d95d45ab8b77a7e9ffde5a03c07da8a6af9e81a4e3689aeef0c,4,0.9828651334032601,0.9828651334032601,0.0
livebench_selected,Qwen397B,zebra_puzzle:743aa0ae2d518d95d45ab8b77a7e9ffde5a03c07da8a6af9e81a4e3689aeef0c,8,0.9991343614475745,0.9991343614475745,0.0
livebench_selected,Qwen397B,zebra_puzzle:743aa0ae2d518d95d45ab8b77a7e9ffde5a03c07da8a6af9e81a4e3689aeef0c,16,0.9999977932317882,0.9999977932317882,0.0
livebench_selected,Qwen397B,zebra_puzzle:743aa0ae2d518d95d45ab8b77a7e9ffde5a03c07da8a6af9e81a4e3689aeef0c,32,0.9999999999887554,0.9999999999887554,0.0
livebench_selected,Qwen397B,zebra_puzzle:743aa0ae2d518d95d45ab8b77a7e9ffde5a03c07da8a6af9e81a4e3689aeef0c,48,0.9999999999999999,0.9999999999999999,0.0
livebench_selected,Qwen397B,zebra_puzzle:84650f1042abf3d267bb79b6d1e1d899d27327a11ab81f1079121734a68306b1,1,1.0,1.0,0.0
livebench_selected,Qwen397B,zebra_puzzle:84650f1042abf3d267bb79b6d1e1d899d27327a11ab81f1079121734a68306b1,2,1.0,1.0,0.0
livebench_selected,Qwen397B,zebra_puzzle:84650f1042abf3d267bb79b6d1e1d899d27327a11ab81f1079121734a68306b1,4,1.0,1.0,0.0
livebench_selected,Qwen397B,zebra_puzzle:84650f1042abf3d267bb79b6d1e1d899d27327a11ab81f1079121734a68306b1,8,1.0,1.0,0.0
livebench_selected,Qwen397B,zebra_puzzle:84650f1042abf3d267bb79b6d1e1d899d27327a11ab81f1079121734a68306b1,16,1.0,1.0,0.0
livebench_selected,Qwen397B,zebra_puzzle:84650f1042abf3d267bb79b6d1e1d899d27327a11ab81f1079121734a68306b1,32,1.0,1.0,0.0
livebench_selected,Qwen397B,zebra_puzzle:84650f1042abf3d267bb79b6d1e1d899d27327a11ab81f1079121734a68306b1,48,1.0,1.0,0.0
livebench_selected,Qwen397B,zebra_puzzle:b1b1678a4f290c8ab2b85f957a0cdbba93ef0c97d1e7ab4663e46e92ebac70e8,1,0.9791666666666666,0.9791666666666666,0.0
livebench_selected,Qwen397B,zebra_puzzle:b1b1678a4f290c8ab2b85f957a0cdbba93ef0c97d1e7ab4663e46e92ebac70e8,2,0.9995659722222222,0.9995659722222222,0.0
livebench_selected,Qwen397B,zebra_puzzle:b1b1678a4f290c8ab2b85f957a0cdbba93ef0c97d1e7ab4663e46e92ebac70e8,4,0.9999998116198882,0.9999998116198882,0.0
livebench_selected,Qwen397B,zebra_puzzle:b1b1678a4f290c8ab2b85f957a0cdbba93ef0c97d1e7ab4663e46e92ebac70e8,8,0.9999999999999645,0.9999999999999645,0.0
livebench_selected,Qwen397B,zebra_puzzle:b1b1678a4f290c8ab2b85f957a0cdbba93ef0c97d1e7ab4663e46e92ebac70e8,16,1.0,1.0,0.0
livebench_selected,Qwen397B,zebra_puzzle:b1b1678a4f290c8ab2b85f957a0cdbba93ef0c97d1e7ab4663e46e92ebac70e8,32,1.0,1.0,0.0
livebench_selected,Qwen397B,zebra_puzzle:b1b1678a4f290c8ab2b85f957a0cdbba93ef0c97d1e7ab4663e46e92ebac70e8,48,1.0,1.0,0.0
livebench_selected,Qwen397B,zebra_puzzle:bd14ba82d1fe813dcdf6c16f0f868e5f3fe92e4cee9cf5eb3fd5cb6f03d68517,1,0.9791666666666666,0.9791666666666666,0.0
livebench_selected,Qwen397B,zebra_puzzle:bd14ba82d1fe813dcdf6c16f0f868e5f3fe92e4cee9cf5eb3fd5cb6f03d68517,2,0.9995659722222222,0.9995659722222222,0.0
livebench_selected,Qwen397B,zebra_puzzle:bd14ba82d1fe813dcdf6c16f0f868e5f3fe92e4cee9cf5eb3fd5cb6f03d68517,4,0.9999998116198882,0.9999998116198882,0.0
livebench_selected,Qwen397B,zebra_puzzle:bd14ba82d1fe813dcdf6c16f0f868e5f3fe92e4cee9cf5eb3fd5cb6f03d68517,8,0.9999999999999645,0.9999999999999645,0.0
livebench_selected,Qwen397B,zebra_puzzle:bd14ba82d1fe813dcdf6c16f0f868e5f3fe92e4cee9cf5eb3fd5cb6f03d68517,16,1.0,1.0,0.0
livebench_selected,Qwen397B,zebra_puzzle:bd14ba82d1fe813dcdf6c16f0f868e5f3fe92e4cee9cf5eb3fd5cb6f03d68517,32,1.0,1.0,0.0
livebench_selected,Qwen397B,zebra_puzzle:bd14ba82d1fe813dcdf6c16f0f868e5f3fe92e4cee9cf5eb3fd5cb6f03d68517,48,1.0,1.0,0.0
livebench_selected,Qwen397B,zebra_puzzle:d977e70d05f737b3df36dbe997420820c43a0c43cfb0ff32290d45667b53987d,1,0.9583333333333334,0.9583333333333334,0.0
livebench_selected,Qwen397B,zebra_puzzle:d977e70d05f737b3df36dbe997420820c43a0c43cfb0ff32290d45667b53987d,2,0.9982638888888888,0.9982638888888888,0.0
livebench_selected,Qwen397B,zebra_puzzle:d977e70d05f737b3df36dbe997420820c43a0c43cfb0ff32290d45667b53987d,4,0.9999969859182098,0.9999969859182098,0.0
livebench_selected,Qwen397B,zebra_puzzle:d977e70d05f737b3df36dbe997420820c43a0c43cfb0ff32290d45667b53987d,8,0.9999999999909153,0.9999999999909153,0.0
livebench_selected,Qwen397B,zebra_puzzle:d977e70d05f737b3df36dbe997420820c43a0c43cfb0ff32290d45667b53987d,16,1.0,1.0,0.0
livebench_selected,Qwen397B,zebra_puzzle:d977e70d05f737b3df36dbe997420820c43a0c43cfb0ff32290d45667b53987d,32,1.0,1.0,0.0
livebench_selected,Qwen397B,zebra_puzzle:d977e70d05f737b3df36dbe997420820c43a0c43cfb0ff32290d45667b53987d,48,1.0,1.0,0.0
livebench_selected,Qwen397B,zebra_puzzle:fe37c4db2b25d85eb28bc39dc6c978c002216c9e26227d7a9389abad0dd230f0,1,0.9583333333333334,0.9583333333333334,0.0
livebench_selected,Qwen397B,zebra_puzzle:fe37c4db2b25d85eb28bc39dc6c978c002216c9e26227d7a9389abad0dd230f0,2,0.9982638888888888,0.9982638888888888,0.0
livebench_selected,Qwen397B,zebra_puzzle:fe37c4db2b25d85eb28bc39dc6c978c002216c9e26227d7a9389abad0dd230f0,4,0.9999969859182098,0.9999969859182098,0.0
livebench_selected,Qwen397B,zebra_puzzle:fe37c4db2b25d85eb28bc39dc6c978c002216c9e26227d7a9389abad0dd230f0,8,0.9999999999909153,0.9999999999909153,0.0
livebench_selected,Qwen397B,zebra_puzzle:fe37c4db2b25d85eb28bc39dc6c978c002216c9e26227d7a9389abad0dd230f0,16,1.0,1.0,0.0
livebench_selected,Qwen397B,zebra_puzzle:fe37c4db2b25d85eb28bc39dc6c978c002216c9e26227d7a9389abad0dd230f0,32,1.0,1.0,0.0
livebench_selected,Qwen397B,zebra_puzzle:fe37c4db2b25d85eb28bc39dc6c978c002216c9e26227d7a9389abad0dd230f0,48,1.0,1.0,0.0
livebench_selected,QwenNext80B,paraphrase:693c559e842aadf93ddcaba5f140c97aac1419c23fda3c1038c7a690c13b1213,1,1.0,1.0,0.0
livebench_selected,QwenNext80B,paraphrase:693c559e842aadf93ddcaba5f140c97aac1419c23fda3c1038c7a690c13b1213,2,1.0,1.0,0.0
livebench_selected,QwenNext80B,paraphrase:693c559e842aadf93ddcaba5f140c97aac1419c23fda3c1038c7a690c13b1213,4,1.0,1.0,0.0
livebench_selected,QwenNext80B,paraphrase:693c559e842aadf93ddcaba5f140c97aac1419c23fda3c1038c7a690c13b1213,8,1.0,1.0,0.0
livebench_selected,QwenNext80B,paraphrase:693c559e842aadf93ddcaba5f140c97aac1419c23fda3c1038c7a690c13b1213,16,1.0,1.0,0.0
livebench_selected,QwenNext80B,paraphrase:693c559e842aadf93ddcaba5f140c97aac1419c23fda3c1038c7a690c13b1213,32,1.0,1.0,0.0
livebench_selected,QwenNext80B,paraphrase:693c559e842aadf93ddcaba5f140c97aac1419c23fda3c1038c7a690c13b1213,48,1.0,1.0,0.0
livebench_selected,QwenNext80B,paraphrase:91b1079c3dd6f0c003bb20f34f3783141cbc55926e6e3001ba18eaba3acc169e,1,0.020833333333333332,0.020833333333333332,0.0
livebench_selected,QwenNext80B,paraphrase:91b1079c3dd6f0c003bb20f34f3783141cbc55926e6e3001ba18eaba3acc169e,2,0.022135416666666574,0.022135416666666574,0.0
livebench_selected,QwenNext80B,paraphrase:91b1079c3dd6f0c003bb20f34f3783141cbc55926e6e3001ba18eaba3acc169e,4,0.012499208803530046,0.012499208803530046,0.0
livebench_selected,QwenNext80B,paraphrase:91b1079c3dd6f0c003bb20f34f3783141cbc55926e6e3001ba18eaba3acc169e,8,0.00199576330888176,0.00199576330888176,0.0
livebench_selected,QwenNext80B,paraphrase:91b1079c3dd6f0c003bb20f34f3783141cbc55926e6e3001ba18eaba3acc169e,16,2.559677521529473e-05,2.559677521529473e-05,0.0
livebench_selected,QwenNext80B,paraphrase:91b1079c3dd6f0c003bb20f34f3783141cbc55926e6e3001ba18eaba3acc169e,32,2.1562463950922807e-09,2.1562463950922807e-09,0.0
livebench_selected,QwenNext80B,paraphrase:91b1079c3dd6f0c003bb20f34f3783141cbc55926e6e3001ba18eaba3acc169e,48,1.4042272695452932e-13,1.4042272695452932e-13,0.0
livebench_selected,QwenNext80B,paraphrase:d2adc0a1fad83dc359b9b10550d05c3b551685dbd85ca6f9f68721a7ecdc4785,1,0.0,0.0,0.0
livebench_selected,QwenNext80B,paraphrase:d2adc0a1fad83dc359b9b10550d05c3b551685dbd85ca6f9f68721a7ecdc4785,2,0.0,0.0,0.0
livebench_selected,QwenNext80B,paraphrase:d2adc0a1fad83dc359b9b10550d05c3b551685dbd85ca6f9f68721a7ecdc4785,4,0.0,0.0,0.0
livebench_selected,QwenNext80B,paraphrase:d2adc0a1fad83dc359b9b10550d05c3b551685dbd85ca6f9f68721a7ecdc4785,8,0.0,0.0,0.0
livebench_selected,QwenNext80B,paraphrase:d2adc0a1fad83dc359b9b10550d05c3b551685dbd85ca6f9f68721a7ecdc4785,16,0.0,0.0,0.0
livebench_selected,QwenNext80B,paraphrase:d2adc0a1fad83dc359b9b10550d05c3b551685dbd85ca6f9f68721a7ecdc4785,32,0.0,0.0,0.0
livebench_selected,QwenNext80B,paraphrase:d2adc0a1fad83dc359b9b10550d05c3b551685dbd85ca6f9f68721a7ecdc4785,48,0.0,0.0,0.0
livebench_selected,QwenNext80B,paraphrase:da578f206820d6be4519d710c3872a4c217f97f111b1f09c89b8e9ad675ce88d,1,1.0,1.0,0.0
livebench_selected,QwenNext80B,paraphrase:da578f206820d6be4519d710c3872a4c217f97f111b1f09c89b8e9ad675ce88d,2,1.0,1.0,0.0
livebench_selected,QwenNext80B,paraphrase:da578f206820d6be4519d710c3872a4c217f97f111b1f09c89b8e9ad675ce88d,4,1.0,1.0,0.0
livebench_selected,QwenNext80B,paraphrase:da578f206820d6be4519d710c3872a4c217f97f111b1f09c89b8e9ad675ce88d,8,1.0,1.0,0.0
livebench_selected,QwenNext80B,paraphrase:da578f206820d6be4519d710c3872a4c217f97f111b1f09c89b8e9ad675ce88d,16,1.0,1.0,0.0
livebench_selected,QwenNext80B,paraphrase:da578f206820d6be4519d710c3872a4c217f97f111b1f09c89b8e9ad675ce88d,32,1.0,1.0,0.0
livebench_selected,QwenNext80B,paraphrase:da578f206820d6be4519d710c3872a4c217f97f111b1f09c89b8e9ad675ce88d,48,1.0,1.0,0.0
livebench_selected,QwenNext80B,paraphrase:f3472a74bc480a915c2a3875c505fd5b3ebe475d25cefdae9447002ed88b0106,1,0.10416666666666667,0.10416666666666667,0.0
livebench_selected,QwenNext80B,paraphrase:f3472a74bc480a915c2a3875c505fd5b3ebe475d25cefdae9447002ed88b0106,2,0.14626736111111116,0.14626736111111116,0.0
livebench_selected,QwenNext80B,paraphrase:f3472a74bc480a915c2a3875c505fd5b3ebe475d25cefdae9447002ed88b0106,4,0.18070946210696365,0.18070946210696365,0.0
livebench_selected,QwenNext80B,paraphrase:f3472a74bc480a915c2a3875c505fd5b3ebe475d25cefdae9447002ed88b0106,8,0.20348182872152487,0.20348182872152487,0.0
livebench_selected,QwenNext80B,paraphrase:f3472a74bc480a915c2a3875c505fd5b3ebe475d25cefdae9447002ed88b0106,16,0.229904877774179,0.229904877774179,0.0
livebench_selected,QwenNext80B,paraphrase:f3472a74bc480a915c2a3875c505fd5b3ebe475d25cefdae9447002ed88b0106,32,0.25532700171256867,0.25532700171256867,0.0
livebench_selected,QwenNext80B,paraphrase:f3472a74bc480a915c2a3875c505fd5b3ebe475d25cefdae9447002ed88b0106,48,0.2344686253188435,0.2344686253188435,0.0
livebench_selected,QwenNext80B,paraphrase:f4cbfc58a683894a66b028420969bb75a35fe4acda1bd3dce0024062c11b2041,1,1.0,1.0,0.0
livebench_selected,QwenNext80B,paraphrase:f4cbfc58a683894a66b028420969bb75a35fe4acda1bd3dce0024062c11b2041,2,1.0,1.0,0.0
livebench_selected,QwenNext80B,paraphrase:f4cbfc58a683894a66b028420969bb75a35fe4acda1bd3dce0024062c11b2041,4,1.0,1.0,0.0
livebench_selected,QwenNext80B,paraphrase:f4cbfc58a683894a66b028420969bb75a35fe4acda1bd3dce0024062c11b2041,8,1.0,1.0,0.0
livebench_selected,QwenNext80B,paraphrase:f4cbfc58a683894a66b028420969bb75a35fe4acda1bd3dce0024062c11b2041,16,1.0,1.0,0.0
livebench_selected,QwenNext80B,paraphrase:f4cbfc58a683894a66b028420969bb75a35fe4acda1bd3dce0024062c11b2041,32,1.0,1.0,0.0
livebench_selected,QwenNext80B,paraphrase:f4cbfc58a683894a66b028420969bb75a35fe4acda1bd3dce0024062c11b2041,48,1.0,1.0,0.0
livebench_selected,QwenNext80B,tablereformat:09752b3d3e355017282301de1735bd903221368e1fadf3e64aa9594ef7730e62,1,0.0,0.0,0.0
livebench_selected,QwenNext80B,tablereformat:09752b3d3e355017282301de1735bd903221368e1fadf3e64aa9594ef7730e62,2,0.0,0.0,0.0
livebench_selected,QwenNext80B,tablereformat:09752b3d3e355017282301de1735bd903221368e1fadf3e64aa9594ef7730e62,4,0.0,0.0,0.0
livebench_selected,QwenNext80B,tablereformat:09752b3d3e355017282301de1735bd903221368e1fadf3e64aa9594ef7730e62,8,0.0,0.0,0.0
livebench_selected,QwenNext80B,tablereformat:09752b3d3e355017282301de1735bd903221368e1fadf3e64aa9594ef7730e62,16,0.0,0.0,0.0
livebench_selected,QwenNext80B,tablereformat:09752b3d3e355017282301de1735bd903221368e1fadf3e64aa9594ef7730e62,32,0.0,0.0,0.0
livebench_selected,QwenNext80B,tablereformat:09752b3d3e355017282301de1735bd903221368e1fadf3e64aa9594ef7730e62,48,0.0,0.0,0.0
livebench_selected,QwenNext80B,tablereformat:56ace477670fa1527771dc1a4f2babac3b704f1c313b8981a53ce892f55b6c05,1,0.0,0.0,0.0
livebench_selected,QwenNext80B,tablereformat:56ace477670fa1527771dc1a4f2babac3b704f1c313b8981a53ce892f55b6c05,2,0.0,0.0,0.0
livebench_selected,QwenNext80B,tablereformat:56ace477670fa1527771dc1a4f2babac3b704f1c313b8981a53ce892f55b6c05,4,0.0,0.0,0.0
livebench_selected,QwenNext80B,tablereformat:56ace477670fa1527771dc1a4f2babac3b704f1c313b8981a53ce892f55b6c05,8,0.0,0.0,0.0
livebench_selected,QwenNext80B,tablereformat:56ace477670fa1527771dc1a4f2babac3b704f1c313b8981a53ce892f55b6c05,16,0.0,0.0,0.0
livebench_selected,QwenNext80B,tablereformat:56ace477670fa1527771dc1a4f2babac3b704f1c313b8981a53ce892f55b6c05,32,0.0,0.0,0.0
livebench_selected,QwenNext80B,tablereformat:56ace477670fa1527771dc1a4f2babac3b704f1c313b8981a53ce892f55b6c05,48,0.0,0.0,0.0
livebench_selected,QwenNext80B,tablereformat:57772b38ab8d4f9f2e30d5e0cca6e007f228786523ed027bdbf37b59fe20e3b1,1,0.0,0.0,0.0
livebench_selected,QwenNext80B,tablereformat:57772b38ab8d4f9f2e30d5e0cca6e007f228786523ed027bdbf37b59fe20e3b1,2,0.0,0.0,0.0
livebench_selected,QwenNext80B,tablereformat:57772b38ab8d4f9f2e30d5e0cca6e007f228786523ed027bdbf37b59fe20e3b1,4,0.0,0.0,0.0
livebench_selected,QwenNext80B,tablereformat:57772b38ab8d4f9f2e30d5e0cca6e007f228786523ed027bdbf37b59fe20e3b1,8,0.0,0.0,0.0
livebench_selected,QwenNext80B,tablereformat:57772b38ab8d4f9f2e30d5e0cca6e007f228786523ed027bdbf37b59fe20e3b1,16,0.0,0.0,0.0
livebench_selected,QwenNext80B,tablereformat:57772b38ab8d4f9f2e30d5e0cca6e007f228786523ed027bdbf37b59fe20e3b1,32,0.0,0.0,0.0
livebench_selected,QwenNext80B,tablereformat:57772b38ab8d4f9f2e30d5e0cca6e007f228786523ed027bdbf37b59fe20e3b1,48,0.0,0.0,0.0
livebench_selected,QwenNext80B,tablereformat:8b25c07592f100c7c61af45d3de6eec07f4996d0a211f613cc1e224db02bba4c,1,0.0,0.0,0.0
livebench_selected,QwenNext80B,tablereformat:8b25c07592f100c7c61af45d3de6eec07f4996d0a211f613cc1e224db02bba4c,2,0.0,0.0,0.0
livebench_selected,QwenNext80B,tablereformat:8b25c07592f100c7c61af45d3de6eec07f4996d0a211f613cc1e224db02bba4c,4,0.0,0.0,0.0
livebench_selected,QwenNext80B,tablereformat:8b25c07592f100c7c61af45d3de6eec07f4996d0a211f613cc1e224db02bba4c,8,0.0,0.0,0.0
livebench_selected,QwenNext80B,tablereformat:8b25c07592f100c7c61af45d3de6eec07f4996d0a211f613cc1e224db02bba4c,16,0.0,0.0,0.0
livebench_selected,QwenNext80B,tablereformat:8b25c07592f100c7c61af45d3de6eec07f4996d0a211f613cc1e224db02bba4c,32,0.0,0.0,0.0
livebench_selected,QwenNext80B,tablereformat:8b25c07592f100c7c61af45d3de6eec07f4996d0a211f613cc1e224db02bba4c,48,0.0,0.0,0.0
livebench_selected,QwenNext80B,tablereformat:ce1fa8f673c3d33b3986e4f4f148ab1a11e42cd2b7f15390f0f4f2acb530a6e3,1,0.0,0.0,0.0
livebench_selected,QwenNext80B,tablereformat:ce1fa8f673c3d33b3986e4f4f148ab1a11e42cd2b7f15390f0f4f2acb530a6e3,2,0.0,0.0,0.0
livebench_selected,QwenNext80B,tablereformat:ce1fa8f673c3d33b3986e4f4f148ab1a11e42cd2b7f15390f0f4f2acb530a6e3,4,0.0,0.0,0.0
livebench_selected,QwenNext80B,tablereformat:ce1fa8f673c3d33b3986e4f4f148ab1a11e42cd2b7f15390f0f4f2acb530a6e3,8,0.0,0.0,0.0
livebench_selected,QwenNext80B,tablereformat:ce1fa8f673c3d33b3986e4f4f148ab1a11e42cd2b7f15390f0f4f2acb530a6e3,16,0.0,0.0,0.0
livebench_selected,QwenNext80B,tablereformat:ce1fa8f673c3d33b3986e4f4f148ab1a11e42cd2b7f15390f0f4f2acb530a6e3,32,0.0,0.0,0.0
livebench_selected,QwenNext80B,tablereformat:ce1fa8f673c3d33b3986e4f4f148ab1a11e42cd2b7f15390f0f4f2acb530a6e3,48,0.0,0.0,0.0
livebench_selected,QwenNext80B,tablereformat:e114ea800daa6938bd7bbc29c6fde32844324662764b5cb63d7e4e78c3b66c65,1,0.0,0.0,0.0
livebench_selected,QwenNext80B,tablereformat:e114ea800daa6938bd7bbc29c6fde32844324662764b5cb63d7e4e78c3b66c65,2,0.0,0.0,0.0
livebench_selected,QwenNext80B,tablereformat:e114ea800daa6938bd7bbc29c6fde32844324662764b5cb63d7e4e78c3b66c65,4,0.0,0.0,0.0
livebench_selected,QwenNext80B,tablereformat:e114ea800daa6938bd7bbc29c6fde32844324662764b5cb63d7e4e78c3b66c65,8,0.0,0.0,0.0
livebench_selected,QwenNext80B,tablereformat:e114ea800daa6938bd7bbc29c6fde32844324662764b5cb63d7e4e78c3b66c65,16,0.0,0.0,0.0
livebench_selected,QwenNext80B,tablereformat:e114ea800daa6938bd7bbc29c6fde32844324662764b5cb63d7e4e78c3b66c65,32,0.0,0.0,0.0
livebench_selected,QwenNext80B,tablereformat:e114ea800daa6938bd7bbc29c6fde32844324662764b5cb63d7e4e78c3b66c65,48,0.0,0.0,0.0
livebench_selected,QwenNext80B,tablereformat:eb8aebddc3e1eff35a92de9e8306dfcfebd25201eefda2921b830226b5347dc5,1,0.0,0.0,0.0
livebench_selected,QwenNext80B,tablereformat:eb8aebddc3e1eff35a92de9e8306dfcfebd25201eefda2921b830226b5347dc5,2,0.0,0.0,0.0
livebench_selected,QwenNext80B,tablereformat:eb8aebddc3e1eff35a92de9e8306dfcfebd25201eefda2921b830226b5347dc5,4,0.0,0.0,0.0
livebench_selected,QwenNext80B,tablereformat:eb8aebddc3e1eff35a92de9e8306dfcfebd25201eefda2921b830226b5347dc5,8,0.0,0.0,0.0
livebench_selected,QwenNext80B,tablereformat:eb8aebddc3e1eff35a92de9e8306dfcfebd25201eefda2921b830226b5347dc5,16,0.0,0.0,0.0
livebench_selected,QwenNext80B,tablereformat:eb8aebddc3e1eff35a92de9e8306dfcfebd25201eefda2921b830226b5347dc5,32,0.0,0.0,0.0
livebench_selected,QwenNext80B,tablereformat:eb8aebddc3e1eff35a92de9e8306dfcfebd25201eefda2921b830226b5347dc5,48,0.0,0.0,0.0
livebench_selected,QwenNext80B,zebra_puzzle:20d48b97e524cd64f82b0e4fb3c597a37bae1d9357e9b2c93aad96b4c70e098e,1,0.125,0.125,0.0
livebench_selected,QwenNext80B,zebra_puzzle:20d48b97e524cd64f82b0e4fb3c597a37bae1d9357e9b2c93aad96b4c70e098e,2,0.10850694444444453,0.10850694444444453,0.0
livebench_selected,QwenNext80B,zebra_puzzle:20d48b97e524cd64f82b0e4fb3c597a37bae1d9357e9b2c93aad96b4c70e098e,4,0.10278056580343381,0.10278056580343381,0.0
livebench_selected,QwenNext80B,zebra_puzzle:20d48b97e524cd64f82b0e4fb3c597a37bae1d9357e9b2c93aad96b4c70e098e,8,0.09605045488993977,0.09605045488993977,0.0
livebench_selected,QwenNext80B,zebra_puzzle:20d48b97e524cd64f82b0e4fb3c597a37bae1d9357e9b2c93aad96b4c70e098e,16,0.05949020661910753,0.05949020661910753,0.0
livebench_selected,QwenNext80B,zebra_puzzle:20d48b97e524cd64f82b0e4fb3c597a37bae1d9357e9b2c93aad96b4c70e098e,32,0.015799696846067284,0.015799696846067284,0.0
livebench_selected,QwenNext80B,zebra_puzzle:20d48b97e524cd64f82b0e4fb3c597a37bae1d9357e9b2c93aad96b4c70e098e,48,0.003449119850094593,0.003449119850094593,0.0
livebench_selected,QwenNext80B,zebra_puzzle:743aa0ae2d518d95d45ab8b77a7e9ffde5a03c07da8a6af9e81a4e3689aeef0c,1,0.2708333333333333,0.2708333333333333,0.0
livebench_selected,QwenNext80B,zebra_puzzle:743aa0ae2d518d95d45ab8b77a7e9ffde5a03c07da8a6af9e81a4e3689aeef0c,2,0.2608506944444443,0.2608506944444443,0.0
livebench_selected,QwenNext80B,zebra_puzzle:743aa0ae2d518d95d45ab8b77a7e9ffde5a03c07da8a6af9e81a4e3689aeef0c,4,0.2004125147690007,0.2004125147690007,0.0
livebench_selected,QwenNext80B,zebra_puzzle:743aa0ae2d518d95d45ab8b77a7e9ffde5a03c07da8a6af9e81a4e3689aeef0c,8,0.10218134865161496,0.10218134865161496,0.0
livebench_selected,QwenNext80B,zebra_puzzle:743aa0ae2d518d95d45ab8b77a7e9ffde5a03c07da8a6af9e81a4e3689aeef0c,16,0.02670553751925154,0.02670553751925154,0.0
livebench_selected,QwenNext80B,zebra_puzzle:743aa0ae2d518d95d45ab8b77a7e9ffde5a03c07da8a6af9e81a4e3689aeef0c,32,0.0017914409394895227,0.0017914409394895227,0.0
livebench_selected,QwenNext80B,zebra_puzzle:743aa0ae2d518d95d45ab8b77a7e9ffde5a03c07da8a6af9e81a4e3689aeef0c,48,0.00011423871330185843,0.00011423871330185843,0.0
livebench_selected,QwenNext80B,zebra_puzzle:84650f1042abf3d267bb79b6d1e1d899d27327a11ab81f1079121734a68306b1,1,0.3958333333333333,0.3958333333333333,0.0
livebench_selected,QwenNext80B,zebra_puzzle:84650f1042abf3d267bb79b6d1e1d899d27327a11ab81f1079121734a68306b1,2,0.45963541666666685,0.45963541666666685,0.0
livebench_selected,QwenNext80B,zebra_puzzle:84650f1042abf3d267bb79b6d1e1d899d27327a11ab81f1079121734a68306b1,4,0.4914872911241322,0.4914872911241322,0.0
livebench_selected,QwenNext80B,zebra_puzzle:84650f1042abf3d267bb79b6d1e1d899d27327a11ab81f1079121734a68306b1,8,0.4584842470859298,0.4584842470859298,0.0
livebench_selected,QwenNext80B,zebra_puzzle:84650f1042abf3d267bb79b6d1e1d899d27327a11ab81f1079121734a68306b1,16,0.3701258728373006,0.3701258728373006,0.0
livebench_selected,QwenNext80B,zebra_puzzle:84650f1042abf3d267bb79b6d1e1d899d27327a11ab81f1079121734a68306b1,32,0.2181070392037835,0.2181070392037835,0.0
livebench_selected,QwenNext80B,zebra_puzzle:84650f1042abf3d267bb79b6d1e1d899d27327a11ab81f1079121734a68306b1,48,0.11889370749945236,0.11889370749945236,0.0
livebench_selected,QwenNext80B,zebra_puzzle:b1b1678a4f290c8ab2b85f957a0cdbba93ef0c97d1e7ab4663e46e92ebac70e8,1,0.375,0.375,0.0
livebench_selected,QwenNext80B,zebra_puzzle:b1b1678a4f290c8ab2b85f957a0cdbba93ef0c97d1e7ab4663e46e92ebac70e8,2,0.38454861111111094,0.38454861111111094,0.0
livebench_selected,QwenNext80B,zebra_puzzle:b1b1678a4f290c8ab2b85f957a0cdbba93ef0c97d1e7ab4663e46e92ebac70e8,4,0.34704778223861876,0.34704778223861876,0.0
livebench_selected,QwenNext80B,zebra_puzzle:b1b1678a4f290c8ab2b85f957a0cdbba93ef0c97d1e7ab4663e46e92ebac70e8,8,0.30446410223546705,0.30446410223546705,0.0
livebench_selected,QwenNext80B,zebra_puzzle:b1b1678a4f290c8ab2b85f957a0cdbba93ef0c97d1e7ab4663e46e92ebac70e8,16,0.333128343316941,0.333128343316941,0.0
livebench_selected,QwenNext80B,zebra_puzzle:b1b1678a4f290c8ab2b85f957a0cdbba93ef0c97d1e7ab4663e46e92ebac70e8,32,0.4946083900246754,0.4946083900246754,0.0
livebench_selected,QwenNext80B,zebra_puzzle:b1b1678a4f290c8ab2b85f957a0cdbba93ef0c97d1e7ab4663e46e92ebac70e8,48,0.6363820659870043,0.6363820659870043,0.0
livebench_selected,QwenNext80B,zebra_puzzle:bd14ba82d1fe813dcdf6c16f0f868e5f3fe92e4cee9cf5eb3fd5cb6f03d68517,1,0.3958333333333333,0.3958333333333333,0.0
livebench_selected,QwenNext80B,zebra_puzzle:bd14ba82d1fe813dcdf6c16f0f868e5f3fe92e4cee9cf5eb3fd5cb6f03d68517,2,0.4032118055555553,0.4032118055555553,0.0
livebench_selected,QwenNext80B,zebra_puzzle:bd14ba82d1fe813dcdf6c16f0f868e5f3fe92e4cee9cf5eb3fd5cb6f03d68517,4,0.3553905722535686,0.3553905722535686,0.0
livebench_selected,QwenNext80B,zebra_puzzle:bd14ba82d1fe813dcdf6c16f0f868e5f3fe92e4cee9cf5eb3fd5cb6f03d68517,8,0.2504831418847361,0.2504831418847361,0.0
livebench_selected,QwenNext80B,zebra_puzzle:bd14ba82d1fe813dcdf6c16f0f868e5f3fe92e4cee9cf5eb3fd5cb6f03d68517,16,0.12416932744372608,0.12416932744372608,0.0
livebench_selected,QwenNext80B,zebra_puzzle:bd14ba82d1fe813dcdf6c16f0f868e5f3fe92e4cee9cf5eb3fd5cb6f03d68517,32,0.02671383594857063,0.02671383594857063,0.0
livebench_selected,QwenNext80B,zebra_puzzle:bd14ba82d1fe813dcdf6c16f0f868e5f3fe92e4cee9cf5eb3fd5cb6f03d68517,48,0.004934238256286388,0.004934238256286388,0.0
livebench_selected,QwenNext80B,zebra_puzzle:d977e70d05f737b3df36dbe997420820c43a0c43cfb0ff32290d45667b53987d,1,0.7291666666666666,0.7291666666666666,0.0
livebench_selected,QwenNext80B,zebra_puzzle:d977e70d05f737b3df36dbe997420820c43a0c43cfb0ff32290d45667b53987d,2,0.71484375,0.71484375,0.0
livebench_selected,QwenNext80B,zebra_puzzle:d977e70d05f737b3df36dbe997420820c43a0c43cfb0ff32290d45667b53987d,4,0.7507081208405672,0.7507081208405672,0.0
livebench_selected,QwenNext80B,zebra_puzzle:d977e70d05f737b3df36dbe997420820c43a0c43cfb0ff32290d45667b53987d,8,0.8261162376945358,0.8261162376945358,0.0
livebench_selected,QwenNext80B,zebra_puzzle:d977e70d05f737b3df36dbe997420820c43a0c43cfb0ff32290d45667b53987d,16,0.903869741822636,0.903869741822636,0.0
livebench_selected,QwenNext80B,zebra_puzzle:d977e70d05f737b3df36dbe997420820c43a0c43cfb0ff32290d45667b53987d,32,0.9669492075462907,0.9669492075462907,0.0
livebench_selected,QwenNext80B,zebra_puzzle:d977e70d05f737b3df36dbe997420820c43a0c43cfb0ff32290d45667b53987d,48,0.9897045677905265,0.9897045677905265,0.0
livebench_selected,QwenNext80B,zebra_puzzle:fe37c4db2b25d85eb28bc39dc6c978c002216c9e26227d7a9389abad0dd230f0,1,0.625,0.625,0.0
livebench_selected,QwenNext80B,zebra_puzzle:fe37c4db2b25d85eb28bc39dc6c978c002216c9e26227d7a9389abad0dd230f0,2,0.6423611111111107,0.6423611111111107,0.0
livebench_selected,QwenNext80B,zebra_puzzle:fe37c4db2b25d85eb28bc39dc6c978c002216c9e26227d7a9389abad0dd230f0,4,0.6881902247299377,0.6881902247299377,0.0
livebench_selected,QwenNext80B,zebra_puzzle:fe37c4db2b25d85eb28bc39dc6c978c002216c9e26227d7a9389abad0dd230f0,8,0.7719108271611984,0.7719108271611984,0.0
livebench_selected,QwenNext80B,zebra_puzzle:fe37c4db2b25d85eb28bc39dc6c978c002216c9e26227d7a9389abad0dd230f0,16,0.8830599553426336,0.8830599553426336,0.0
livebench_selected,QwenNext80B,zebra_puzzle:fe37c4db2b25d85eb28bc39dc6c978c002216c9e26227d7a9389abad0dd230f0,32,0.9750786192757517,0.9750786192757517,0.0
livebench_selected,QwenNext80B,zebra_puzzle:fe37c4db2b25d85eb28bc39dc6c978c002216c9e26227d7a9389abad0dd230f0,48,0.9953113964174988,0.9953113964174988,0.0
livebench_selected,Gemma3n2B,paraphrase:693c559e842aadf93ddcaba5f140c97aac1419c23fda3c1038c7a690c13b1213,1,0.14583333333333334,0.14583333333333334,0.0
livebench_selected,Gemma3n2B,paraphrase:693c559e842aadf93ddcaba5f140c97aac1419c23fda3c1038c7a690c13b1213,2,0.1792534722222221,0.1792534722222221,0.0
livebench_selected,Gemma3n2B,paraphrase:693c559e842aadf93ddcaba5f140c97aac1419c23fda3c1038c7a690c13b1213,4,0.18519064820842965,0.18519064820842965,0.0
livebench_selected,Gemma3n2B,paraphrase:693c559e842aadf93ddcaba5f140c97aac1419c23fda3c1038c7a690c13b1213,8,0.15292581869285699,0.15292581869285699,0.0
livebench_selected,Gemma3n2B,paraphrase:693c559e842aadf93ddcaba5f140c97aac1419c23fda3c1038c7a690c13b1213,16,0.09273123931342375,0.09273123931342375,0.0
livebench_selected,Gemma3n2B,paraphrase:693c559e842aadf93ddcaba5f140c97aac1419c23fda3c1038c7a690c13b1213,32,0.03293887679942092,0.03293887679942092,0.0
livebench_selected,Gemma3n2B,paraphrase:693c559e842aadf93ddcaba5f140c97aac1419c23fda3c1038c7a690c13b1213,48,0.010292918541610569,0.010292918541610569,0.0
livebench_selected,Gemma3n2B,paraphrase:91b1079c3dd6f0c003bb20f34f3783141cbc55926e6e3001ba18eaba3acc169e,1,0.0,0.0,0.0
livebench_selected,Gemma3n2B,paraphrase:91b1079c3dd6f0c003bb20f34f3783141cbc55926e6e3001ba18eaba3acc169e,2,0.0,0.0,0.0
livebench_selected,Gemma3n2B,paraphrase:91b1079c3dd6f0c003bb20f34f3783141cbc55926e6e3001ba18eaba3acc169e,4,0.0,0.0,0.0
livebench_selected,Gemma3n2B,paraphrase:91b1079c3dd6f0c003bb20f34f3783141cbc55926e6e3001ba18eaba3acc169e,8,0.0,0.0,0.0
livebench_selected,Gemma3n2B,paraphrase:91b1079c3dd6f0c003bb20f34f3783141cbc55926e6e3001ba18eaba3acc169e,16,0.0,0.0,0.0
livebench_selected,Gemma3n2B,paraphrase:91b1079c3dd6f0c003bb20f34f3783141cbc55926e6e3001ba18eaba3acc169e,32,0.0,0.0,0.0
livebench_selected,Gemma3n2B,paraphrase:91b1079c3dd6f0c003bb20f34f3783141cbc55926e6e3001ba18eaba3acc169e,48,0.0,0.0,0.0
livebench_selected,Gemma3n2B,paraphrase:d2adc0a1fad83dc359b9b10550d05c3b551685dbd85ca6f9f68721a7ecdc4785,1,0.0,0.0,0.0
livebench_selected,Gemma3n2B,paraphrase:d2adc0a1fad83dc359b9b10550d05c3b551685dbd85ca6f9f68721a7ecdc4785,2,0.0,0.0,0.0
livebench_selected,Gemma3n2B,paraphrase:d2adc0a1fad83dc359b9b10550d05c3b551685dbd85ca6f9f68721a7ecdc4785,4,0.0,0.0,0.0
livebench_selected,Gemma3n2B,paraphrase:d2adc0a1fad83dc359b9b10550d05c3b551685dbd85ca6f9f68721a7ecdc4785,8,0.0,0.0,0.0
livebench_selected,Gemma3n2B,paraphrase:d2adc0a1fad83dc359b9b10550d05c3b551685dbd85ca6f9f68721a7ecdc4785,16,0.0,0.0,0.0
livebench_selected,Gemma3n2B,paraphrase:d2adc0a1fad83dc359b9b10550d05c3b551685dbd85ca6f9f68721a7ecdc4785,32,0.0,0.0,0.0
livebench_selected,Gemma3n2B,paraphrase:d2adc0a1fad83dc359b9b10550d05c3b551685dbd85ca6f9f68721a7ecdc4785,48,0.0,0.0,0.0
livebench_selected,Gemma3n2B,paraphrase:da578f206820d6be4519d710c3872a4c217f97f111b1f09c89b8e9ad675ce88d,1,0.5625,0.5625,0.0
livebench_selected,Gemma3n2B,paraphrase:da578f206820d6be4519d710c3872a4c217f97f111b1f09c89b8e9ad675ce88d,2,0.5716145833333331,0.5716145833333331,0.0
livebench_selected,Gemma3n2B,paraphrase:da578f206820d6be4519d710c3872a4c217f97f111b1f09c89b8e9ad675ce88d,4,0.6012906674985532,0.6012906674985532,0.0
livebench_selected,Gemma3n2B,paraphrase:da578f206820d6be4519d710c3872a4c217f97f111b1f09c89b8e9ad675ce88d,8,0.6168513145274557,0.6168513145274557,0.0
livebench_selected,Gemma3n2B,paraphrase:da578f206820d6be4519d710c3872a4c217f97f111b1f09c89b8e9ad675ce88d,16,0.6054832628399835,0.6054832628399835,0.0
livebench_selected,Gemma3n2B,paraphrase:da578f206820d6be4519d710c3872a4c217f97f111b1f09c89b8e9ad675ce88d,32,0.6145441840454338,0.6145441840454338,0.0
livebench_selected,Gemma3n2B,paraphrase:da578f206820d6be4519d710c3872a4c217f97f111b1f09c89b8e9ad675ce88d,48,0.6809869158163048,0.6809869158163048,0.0
livebench_selected,Gemma3n2B,paraphrase:f3472a74bc480a915c2a3875c505fd5b3ebe475d25cefdae9447002ed88b0106,1,0.0,0.0,0.0
livebench_selected,Gemma3n2B,paraphrase:f3472a74bc480a915c2a3875c505fd5b3ebe475d25cefdae9447002ed88b0106,2,0.0,0.0,0.0
livebench_selected,Gemma3n2B,paraphrase:f3472a74bc480a915c2a3875c505fd5b3ebe475d25cefdae9447002ed88b0106,4,0.0,0.0,0.0
livebench_selected,Gemma3n2B,paraphrase:f3472a74bc480a915c2a3875c505fd5b3ebe475d25cefdae9447002ed88b0106,8,0.0,0.0,0.0
livebench_selected,Gemma3n2B,paraphrase:f3472a74bc480a915c2a3875c505fd5b3ebe475d25cefdae9447002ed88b0106,16,0.0,0.0,0.0
livebench_selected,Gemma3n2B,paraphrase:f3472a74bc480a915c2a3875c505fd5b3ebe475d25cefdae9447002ed88b0106,32,0.0,0.0,0.0
livebench_selected,Gemma3n2B,paraphrase:f3472a74bc480a915c2a3875c505fd5b3ebe475d25cefdae9447002ed88b0106,48,0.0,0.0,0.0
livebench_selected,Gemma3n2B,paraphrase:f4cbfc58a683894a66b028420969bb75a35fe4acda1bd3dce0024062c11b2041,1,0.8958333333333334,0.8958333333333334,0.0
livebench_selected,Gemma3n2B,paraphrase:f4cbfc58a683894a66b028420969bb75a35fe4acda1bd3dce0024062c11b2041,2,0.8381076388888891,0.8381076388888891,0.0
livebench_selected,Gemma3n2B,paraphrase:f4cbfc58a683894a66b028420969bb75a35fe4acda1bd3dce0024062c11b2041,4,0.7612935760874808,0.7612935760874808,0.0
livebench_selected,Gemma3n2B,paraphrase:f4cbfc58a683894a66b028420969bb75a35fe4acda1bd3dce0024062c11b2041,8,0.6520385234988959,0.6520385234988959,0.0
livebench_selected,Gemma3n2B,paraphrase:f4cbfc58a683894a66b028420969bb75a35fe4acda1bd3dce0024062c11b2041,16,0.4857482841716306,0.4857482841716306,0.0
livebench_selected,Gemma3n2B,paraphrase:f4cbfc58a683894a66b028420969bb75a35fe4acda1bd3dce0024062c11b2041,32,0.2545226809033548,0.2545226809033548,0.0
livebench_selected,Gemma3n2B,paraphrase:f4cbfc58a683894a66b028420969bb75a35fe4acda1bd3dce0024062c11b2041,48,0.1295456744897897,0.1295456744897897,0.0
livebench_selected,Gemma3n2B,tablereformat:09752b3d3e355017282301de1735bd903221368e1fadf3e64aa9594ef7730e62,1,0.0,0.0,0.0
livebench_selected,Gemma3n2B,tablereformat:09752b3d3e355017282301de1735bd903221368e1fadf3e64aa9594ef7730e62,2,0.0,0.0,0.0
livebench_selected,Gemma3n2B,tablereformat:09752b3d3e355017282301de1735bd903221368e1fadf3e64aa9594ef7730e62,4,0.0,0.0,0.0
livebench_selected,Gemma3n2B,tablereformat:09752b3d3e355017282301de1735bd903221368e1fadf3e64aa9594ef7730e62,8,0.0,0.0,0.0
livebench_selected,Gemma3n2B,tablereformat:09752b3d3e355017282301de1735bd903221368e1fadf3e64aa9594ef7730e62,16,0.0,0.0,0.0
livebench_selected,Gemma3n2B,tablereformat:09752b3d3e355017282301de1735bd903221368e1fadf3e64aa9594ef7730e62,32,0.0,0.0,0.0
livebench_selected,Gemma3n2B,tablereformat:09752b3d3e355017282301de1735bd903221368e1fadf3e64aa9594ef7730e62,48,0.0,0.0,0.0
livebench_selected,Gemma3n2B,tablereformat:56ace477670fa1527771dc1a4f2babac3b704f1c313b8981a53ce892f55b6c05,1,0.0,0.0,0.0
livebench_selected,Gemma3n2B,tablereformat:56ace477670fa1527771dc1a4f2babac3b704f1c313b8981a53ce892f55b6c05,2,0.0,0.0,0.0
livebench_selected,Gemma3n2B,tablereformat:56ace477670fa1527771dc1a4f2babac3b704f1c313b8981a53ce892f55b6c05,4,0.0,0.0,0.0
livebench_selected,Gemma3n2B,tablereformat:56ace477670fa1527771dc1a4f2babac3b704f1c313b8981a53ce892f55b6c05,8,0.0,0.0,0.0
livebench_selected,Gemma3n2B,tablereformat:56ace477670fa1527771dc1a4f2babac3b704f1c313b8981a53ce892f55b6c05,16,0.0,0.0,0.0
livebench_selected,Gemma3n2B,tablereformat:56ace477670fa1527771dc1a4f2babac3b704f1c313b8981a53ce892f55b6c05,32,0.0,0.0,0.0
livebench_selected,Gemma3n2B,tablereformat:56ace477670fa1527771dc1a4f2babac3b704f1c313b8981a53ce892f55b6c05,48,0.0,0.0,0.0
livebench_selected,Gemma3n2B,tablereformat:57772b38ab8d4f9f2e30d5e0cca6e007f228786523ed027bdbf37b59fe20e3b1,1,0.0,0.0,0.0
livebench_selected,Gemma3n2B,tablereformat:57772b38ab8d4f9f2e30d5e0cca6e007f228786523ed027bdbf37b59fe20e3b1,2,0.0,0.0,0.0
livebench_selected,Gemma3n2B,tablereformat:57772b38ab8d4f9f2e30d5e0cca6e007f228786523ed027bdbf37b59fe20e3b1,4,0.0,0.0,0.0
livebench_selected,Gemma3n2B,tablereformat:57772b38ab8d4f9f2e30d5e0cca6e007f228786523ed027bdbf37b59fe20e3b1,8,0.0,0.0,0.0
livebench_selected,Gemma3n2B,tablereformat:57772b38ab8d4f9f2e30d5e0cca6e007f228786523ed027bdbf37b59fe20e3b1,16,0.0,0.0,0.0
livebench_selected,Gemma3n2B,tablereformat:57772b38ab8d4f9f2e30d5e0cca6e007f228786523ed027bdbf37b59fe20e3b1,32,0.0,0.0,0.0
livebench_selected,Gemma3n2B,tablereformat:57772b38ab8d4f9f2e30d5e0cca6e007f228786523ed027bdbf37b59fe20e3b1,48,0.0,0.0,0.0
livebench_selected,Gemma3n2B,tablereformat:8b25c07592f100c7c61af45d3de6eec07f4996d0a211f613cc1e224db02bba4c,1,0.0,0.0,0.0
livebench_selected,Gemma3n2B,tablereformat:8b25c07592f100c7c61af45d3de6eec07f4996d0a211f613cc1e224db02bba4c,2,0.0,0.0,0.0
livebench_selected,Gemma3n2B,tablereformat:8b25c07592f100c7c61af45d3de6eec07f4996d0a211f613cc1e224db02bba4c,4,0.0,0.0,0.0
livebench_selected,Gemma3n2B,tablereformat:8b25c07592f100c7c61af45d3de6eec07f4996d0a211f613cc1e224db02bba4c,8,0.0,0.0,0.0
livebench_selected,Gemma3n2B,tablereformat:8b25c07592f100c7c61af45d3de6eec07f4996d0a211f613cc1e224db02bba4c,16,0.0,0.0,0.0
livebench_selected,Gemma3n2B,tablereformat:8b25c07592f100c7c61af45d3de6eec07f4996d0a211f613cc1e224db02bba4c,32,0.0,0.0,0.0
livebench_selected,Gemma3n2B,tablereformat:8b25c07592f100c7c61af45d3de6eec07f4996d0a211f613cc1e224db02bba4c,48,0.0,0.0,0.0
livebench_selected,Gemma3n2B,tablereformat:ce1fa8f673c3d33b3986e4f4f148ab1a11e42cd2b7f15390f0f4f2acb530a6e3,1,0.0,0.0,0.0
livebench_selected,Gemma3n2B,tablereformat:ce1fa8f673c3d33b3986e4f4f148ab1a11e42cd2b7f15390f0f4f2acb530a6e3,2,0.0,0.0,0.0
livebench_selected,Gemma3n2B,tablereformat:ce1fa8f673c3d33b3986e4f4f148ab1a11e42cd2b7f15390f0f4f2acb530a6e3,4,0.0,0.0,0.0
livebench_selected,Gemma3n2B,tablereformat:ce1fa8f673c3d33b3986e4f4f148ab1a11e42cd2b7f15390f0f4f2acb530a6e3,8,0.0,0.0,0.0
livebench_selected,Gemma3n2B,tablereformat:ce1fa8f673c3d33b3986e4f4f148ab1a11e42cd2b7f15390f0f4f2acb530a6e3,16,0.0,0.0,0.0
livebench_selected,Gemma3n2B,tablereformat:ce1fa8f673c3d33b3986e4f4f148ab1a11e42cd2b7f15390f0f4f2acb530a6e3,32,0.0,0.0,0.0
livebench_selected,Gemma3n2B,tablereformat:ce1fa8f673c3d33b3986e4f4f148ab1a11e42cd2b7f15390f0f4f2acb530a6e3,48,0.0,0.0,0.0
livebench_selected,Gemma3n2B,tablereformat:e114ea800daa6938bd7bbc29c6fde32844324662764b5cb63d7e4e78c3b66c65,1,0.0,0.0,0.0
livebench_selected,Gemma3n2B,tablereformat:e114ea800daa6938bd7bbc29c6fde32844324662764b5cb63d7e4e78c3b66c65,2,0.0,0.0,0.0
livebench_selected,Gemma3n2B,tablereformat:e114ea800daa6938bd7bbc29c6fde32844324662764b5cb63d7e4e78c3b66c65,4,0.0,0.0,0.0
livebench_selected,Gemma3n2B,tablereformat:e114ea800daa6938bd7bbc29c6fde32844324662764b5cb63d7e4e78c3b66c65,8,0.0,0.0,0.0
livebench_selected,Gemma3n2B,tablereformat:e114ea800daa6938bd7bbc29c6fde32844324662764b5cb63d7e4e78c3b66c65,16,0.0,0.0,0.0
livebench_selected,Gemma3n2B,tablereformat:e114ea800daa6938bd7bbc29c6fde32844324662764b5cb63d7e4e78c3b66c65,32,0.0,0.0,0.0
livebench_selected,Gemma3n2B,tablereformat:e114ea800daa6938bd7bbc29c6fde32844324662764b5cb63d7e4e78c3b66c65,48,0.0,0.0,0.0
livebench_selected,Gemma3n2B,tablereformat:eb8aebddc3e1eff35a92de9e8306dfcfebd25201eefda2921b830226b5347dc5,1,0.0,0.0,0.0
livebench_selected,Gemma3n2B,tablereformat:eb8aebddc3e1eff35a92de9e8306dfcfebd25201eefda2921b830226b5347dc5,2,0.0,0.0,0.0
livebench_selected,Gemma3n2B,tablereformat:eb8aebddc3e1eff35a92de9e8306dfcfebd25201eefda2921b830226b5347dc5,4,0.0,0.0,0.0
livebench_selected,Gemma3n2B,tablereformat:eb8aebddc3e1eff35a92de9e8306dfcfebd25201eefda2921b830226b5347dc5,8,0.0,0.0,0.0
livebench_selected,Gemma3n2B,tablereformat:eb8aebddc3e1eff35a92de9e8306dfcfebd25201eefda2921b830226b5347dc5,16,0.0,0.0,0.0
livebench_selected,Gemma3n2B,tablereformat:eb8aebddc3e1eff35a92de9e8306dfcfebd25201eefda2921b830226b5347dc5,32,0.0,0.0,0.0
livebench_selected,Gemma3n2B,tablereformat:eb8aebddc3e1eff35a92de9e8306dfcfebd25201eefda2921b830226b5347dc5,48,0.0,0.0,0.0
livebench_selected,Gemma3n2B,zebra_puzzle:20d48b97e524cd64f82b0e4fb3c597a37bae1d9357e9b2c93aad96b4c70e098e,1,0.020833333333333332,0.020833333333333332,0.0
livebench_selected,Gemma3n2B,zebra_puzzle:20d48b97e524cd64f82b0e4fb3c597a37bae1d9357e9b2c93aad96b4c70e098e,2,0.014322916666666685,0.014322916666666685,0.0
livebench_selected,Gemma3n2B,zebra_puzzle:20d48b97e524cd64f82b0e4fb3c597a37bae1d9357e9b2c93aad96b4c70e098e,4,0.0033880163122106555,0.0033880163122106555,0.0
livebench_selected,Gemma3n2B,zebra_puzzle:20d48b97e524cd64f82b0e4fb3c597a37bae1d9357e9b2c93aad96b4c70e098e,8,9.513337829009322e-05,9.513337829009322e-05,0.0
livebench_selected,Gemma3n2B,zebra_puzzle:20d48b97e524cd64f82b0e4fb3c597a37bae1d9357e9b2c93aad96b4c70e098e,16,3.805001773228216e-08,3.805001773228216e-08,0.0
livebench_selected,Gemma3n2B,zebra_puzzle:20d48b97e524cd64f82b0e4fb3c597a37bae1d9357e9b2c93aad96b4c70e098e,32,3.2156512881335092e-15,3.2156512881335092e-15,0.0
livebench_selected,Gemma3n2B,zebra_puzzle:20d48b97e524cd64f82b0e4fb3c597a37bae1d9357e9b2c93aad96b4c70e098e,48,2.1759106552887655e-22,2.1759106552887655e-22,0.0
livebench_selected,Gemma3n2B,zebra_puzzle:743aa0ae2d518d95d45ab8b77a7e9ffde5a03c07da8a6af9e81a4e3689aeef0c,1,0.0,0.0,0.0
livebench_selected,Gemma3n2B,zebra_puzzle:743aa0ae2d518d95d45ab8b77a7e9ffde5a03c07da8a6af9e81a4e3689aeef0c,2,0.0,0.0,0.0
livebench_selected,Gemma3n2B,zebra_puzzle:743aa0ae2d518d95d45ab8b77a7e9ffde5a03c07da8a6af9e81a4e3689aeef0c,4,0.0,0.0,0.0
livebench_selected,Gemma3n2B,zebra_puzzle:743aa0ae2d518d95d45ab8b77a7e9ffde5a03c07da8a6af9e81a4e3689aeef0c,8,0.0,0.0,0.0
livebench_selected,Gemma3n2B,zebra_puzzle:743aa0ae2d518d95d45ab8b77a7e9ffde5a03c07da8a6af9e81a4e3689aeef0c,16,0.0,0.0,0.0
livebench_selected,Gemma3n2B,zebra_puzzle:743aa0ae2d518d95d45ab8b77a7e9ffde5a03c07da8a6af9e81a4e3689aeef0c,32,0.0,0.0,0.0
livebench_selected,Gemma3n2B,zebra_puzzle:743aa0ae2d518d95d45ab8b77a7e9ffde5a03c07da8a6af9e81a4e3689aeef0c,48,0.0,0.0,0.0
livebench_selected,Gemma3n2B,zebra_puzzle:84650f1042abf3d267bb79b6d1e1d899d27327a11ab81f1079121734a68306b1,1,0.0,0.0,0.0
livebench_selected,Gemma3n2B,zebra_puzzle:84650f1042abf3d267bb79b6d1e1d899d27327a11ab81f1079121734a68306b1,2,0.0,0.0,0.0
livebench_selected,Gemma3n2B,zebra_puzzle:84650f1042abf3d267bb79b6d1e1d899d27327a11ab81f1079121734a68306b1,4,0.0,0.0,0.0
livebench_selected,Gemma3n2B,zebra_puzzle:84650f1042abf3d267bb79b6d1e1d899d27327a11ab81f1079121734a68306b1,8,0.0,0.0,0.0
livebench_selected,Gemma3n2B,zebra_puzzle:84650f1042abf3d267bb79b6d1e1d899d27327a11ab81f1079121734a68306b1,16,0.0,0.0,0.0
livebench_selected,Gemma3n2B,zebra_puzzle:84650f1042abf3d267bb79b6d1e1d899d27327a11ab81f1079121734a68306b1,32,0.0,0.0,0.0
livebench_selected,Gemma3n2B,zebra_puzzle:84650f1042abf3d267bb79b6d1e1d899d27327a11ab81f1079121734a68306b1,48,0.0,0.0,0.0
livebench_selected,Gemma3n2B,zebra_puzzle:b1b1678a4f290c8ab2b85f957a0cdbba93ef0c97d1e7ab4663e46e92ebac70e8,1,0.08333333333333333,0.08333333333333333,0.0
livebench_selected,Gemma3n2B,zebra_puzzle:b1b1678a4f290c8ab2b85f957a0cdbba93ef0c97d1e7ab4663e46e92ebac70e8,2,0.131076388888889,0.131076388888889,0.0
livebench_selected,Gemma3n2B,zebra_puzzle:b1b1678a4f290c8ab2b85f957a0cdbba93ef0c97d1e7ab4663e46e92ebac70e8,4,0.1791928138261961,0.1791928138261961,0.0
livebench_selected,Gemma3n2B,zebra_puzzle:b1b1678a4f290c8ab2b85f957a0cdbba93ef0c97d1e7ab4663e46e92ebac70e8,8,0.22367129109553172,0.22367129109553172,0.0
livebench_selected,Gemma3n2B,zebra_puzzle:b1b1678a4f290c8ab2b85f957a0cdbba93ef0c97d1e7ab4663e46e92ebac70e8,16,0.3066018944099928,0.3066018944099928,0.0
livebench_selected,Gemma3n2B,zebra_puzzle:b1b1678a4f290c8ab2b85f957a0cdbba93ef0c97d1e7ab4663e46e92ebac70e8,32,0.49124571652892807,0.49124571652892807,0.0
livebench_selected,Gemma3n2B,zebra_puzzle:b1b1678a4f290c8ab2b85f957a0cdbba93ef0c97d1e7ab4663e46e92ebac70e8,48,0.6360294385907429,0.6360294385907429,0.0
livebench_selected,Gemma3n2B,zebra_puzzle:bd14ba82d1fe813dcdf6c16f0f868e5f3fe92e4cee9cf5eb3fd5cb6f03d68517,1,0.020833333333333332,0.020833333333333332,0.0
livebench_selected,Gemma3n2B,zebra_puzzle:bd14ba82d1fe813dcdf6c16f0f868e5f3fe92e4cee9cf5eb3fd5cb6f03d68517,2,0.03602430555555558,0.03602430555555558,0.0
livebench_selected,Gemma3n2B,zebra_puzzle:bd14ba82d1fe813dcdf6c16f0f868e5f3fe92e4cee9cf5eb3fd5cb6f03d68517,4,0.05386446729118455,0.05386446729118455,0.0
livebench_selected,Gemma3n2B,zebra_puzzle:bd14ba82d1fe813dcdf6c16f0f868e5f3fe92e4cee9cf5eb3fd5cb6f03d68517,8,0.060247342779713275,0.060247342779713275,0.0
livebench_selected,Gemma3n2B,zebra_puzzle:bd14ba82d1fe813dcdf6c16f0f868e5f3fe92e4cee9cf5eb3fd5cb6f03d68517,16,0.037773305953421085,0.037773305953421085,0.0
livebench_selected,Gemma3n2B,zebra_puzzle:bd14ba82d1fe813dcdf6c16f0f868e5f3fe92e4cee9cf5eb3fd5cb6f03d68517,32,0.007492745759514888,0.007492745759514888,0.0
livebench_selected,Gemma3n2B,zebra_puzzle:bd14ba82d1fe813dcdf6c16f0f868e5f3fe92e4cee9cf5eb3fd5cb6f03d68517,48,0.0011281746169766191,0.0011281746169766191,0.0
livebench_selected,Gemma3n2B,zebra_puzzle:d977e70d05f737b3df36dbe997420820c43a0c43cfb0ff32290d45667b53987d,1,0.0,0.0,0.0
livebench_selected,Gemma3n2B,zebra_puzzle:d977e70d05f737b3df36dbe997420820c43a0c43cfb0ff32290d45667b53987d,2,0.0,0.0,0.0
livebench_selected,Gemma3n2B,zebra_puzzle:d977e70d05f737b3df36dbe997420820c43a0c43cfb0ff32290d45667b53987d,4,0.0,0.0,0.0
livebench_selected,Gemma3n2B,zebra_puzzle:d977e70d05f737b3df36dbe997420820c43a0c43cfb0ff32290d45667b53987d,8,0.0,0.0,0.0
livebench_selected,Gemma3n2B,zebra_puzzle:d977e70d05f737b3df36dbe997420820c43a0c43cfb0ff32290d45667b53987d,16,0.0,0.0,0.0
livebench_selected,Gemma3n2B,zebra_puzzle:d977e70d05f737b3df36dbe997420820c43a0c43cfb0ff32290d45667b53987d,32,0.0,0.0,0.0
livebench_selected,Gemma3n2B,zebra_puzzle:d977e70d05f737b3df36dbe997420820c43a0c43cfb0ff32290d45667b53987d,48,0.0,0.0,0.0
livebench_selected,Gemma3n2B,zebra_puzzle:fe37c4db2b25d85eb28bc39dc6c978c002216c9e26227d7a9389abad0dd230f0,1,0.08333333333333333,0.08333333333333333,0.0
livebench_selected,Gemma3n2B,zebra_puzzle:fe37c4db2b25d85eb28bc39dc6c978c002216c9e26227d7a9389abad0dd230f0,2,0.11284722222222204,0.11284722222222204,0.0
livebench_selected,Gemma3n2B,zebra_puzzle:fe37c4db2b25d85eb28bc39dc6c978c002216c9e26227d7a9389abad0dd230f0,4,0.13008777006172811,0.13008777006172811,0.0
livebench_selected,Gemma3n2B,zebra_puzzle:fe37c4db2b25d85eb28bc39dc6c978c002216c9e26227d7a9389abad0dd230f0,8,0.12058576686778168,0.12058576686778168,0.0
livebench_selected,Gemma3n2B,zebra_puzzle:fe37c4db2b25d85eb28bc39dc6c978c002216c9e26227d7a9389abad0dd230f0,16,0.0824965563502609,0.0824965563502609,0.0
livebench_selected,Gemma3n2B,zebra_puzzle:fe37c4db2b25d85eb28bc39dc6c978c002216c9e26227d7a9389abad0dd230f0,32,0.03225409352551452,0.03225409352551452,0.0
livebench_selected,Gemma3n2B,zebra_puzzle:fe37c4db2b25d85eb28bc39dc6c978c002216c9e26227d7a9389abad0dd230f0,48,0.010260168552099222,0.010260168552099222,0.0
livebench_selected,Gemma3n4B,paraphrase:693c559e842aadf93ddcaba5f140c97aac1419c23fda3c1038c7a690c13b1213,1,0.9583333333333334,0.9583333333333334,0.0
livebench_selected,Gemma3n4B,paraphrase:693c559e842aadf93ddcaba5f140c97aac1419c23fda3c1038c7a690c13b1213,2,0.9635416666666666,0.9635416666666666,0.0
livebench_selected,Gemma3n4B,paraphrase:693c559e842aadf93ddcaba5f140c97aac1419c23fda3c1038c7a690c13b1213,4,0.9461353443287036,0.9461353443287036,0.0
livebench_selected,Gemma3n4B,paraphrase:693c559e842aadf93ddcaba5f140c97aac1419c23fda3c1038c7a690c13b1213,8,0.9397526572202513,0.9397526572202513,0.0
livebench_selected,Gemma3n4B,paraphrase:693c559e842aadf93ddcaba5f140c97aac1419c23fda3c1038c7a690c13b1213,16,0.9622266940465789,0.9622266940465789,0.0
livebench_selected,Gemma3n4B,paraphrase:693c559e842aadf93ddcaba5f140c97aac1419c23fda3c1038c7a690c13b1213,32,0.9925072542404851,0.9925072542404851,0.0
livebench_selected,Gemma3n4B,paraphrase:693c559e842aadf93ddcaba5f140c97aac1419c23fda3c1038c7a690c13b1213,48,0.9988718253830233,0.9988718253830233,0.0
livebench_selected,Gemma3n4B,paraphrase:91b1079c3dd6f0c003bb20f34f3783141cbc55926e6e3001ba18eaba3acc169e,1,0.7916666666666666,0.7916666666666666,0.0
livebench_selected,Gemma3n4B,paraphrase:91b1079c3dd6f0c003bb20f34f3783141cbc55926e6e3001ba18eaba3acc169e,2,0.7760416666666669,0.7760416666666669,0.0
livebench_selected,Gemma3n4B,paraphrase:91b1079c3dd6f0c003bb20f34f3783141cbc55926e6e3001ba18eaba3acc169e,4,0.7127662941261577,0.7127662941261577,0.0
livebench_selected,Gemma3n4B,paraphrase:91b1079c3dd6f0c003bb20f34f3783141cbc55926e6e3001ba18eaba3acc169e,8,0.6111121798576353,0.6111121798576353,0.0
livebench_selected,Gemma3n4B,paraphrase:91b1079c3dd6f0c003bb20f34f3783141cbc55926e6e3001ba18eaba3acc169e,16,0.5540990011287465,0.5540990011287465,0.0
livebench_selected,Gemma3n4B,paraphrase:91b1079c3dd6f0c003bb20f34f3783141cbc55926e6e3001ba18eaba3acc169e,32,0.6335085539079577,0.6335085539079577,0.0
livebench_selected,Gemma3n4B,paraphrase:91b1079c3dd6f0c003bb20f34f3783141cbc55926e6e3001ba18eaba3acc169e,48,0.7221430471957404,0.7221430471957404,0.0
livebench_selected,Gemma3n4B,paraphrase:d2adc0a1fad83dc359b9b10550d05c3b551685dbd85ca6f9f68721a7ecdc4785,1,0.0,0.0,0.0
livebench_selected,Gemma3n4B,paraphrase:d2adc0a1fad83dc359b9b10550d05c3b551685dbd85ca6f9f68721a7ecdc4785,2,0.0,0.0,0.0
livebench_selected,Gemma3n4B,paraphrase:d2adc0a1fad83dc359b9b10550d05c3b551685dbd85ca6f9f68721a7ecdc4785,4,0.0,0.0,0.0
livebench_selected,Gemma3n4B,paraphrase:d2adc0a1fad83dc359b9b10550d05c3b551685dbd85ca6f9f68721a7ecdc4785,8,0.0,0.0,0.0
livebench_selected,Gemma3n4B,paraphrase:d2adc0a1fad83dc359b9b10550d05c3b551685dbd85ca6f9f68721a7ecdc4785,16,0.0,0.0,0.0
livebench_selected,Gemma3n4B,paraphrase:d2adc0a1fad83dc359b9b10550d05c3b551685dbd85ca6f9f68721a7ecdc4785,32,0.0,0.0,0.0
livebench_selected,Gemma3n4B,paraphrase:d2adc0a1fad83dc359b9b10550d05c3b551685dbd85ca6f9f68721a7ecdc4785,48,0.0,0.0,0.0
livebench_selected,Gemma3n4B,paraphrase:da578f206820d6be4519d710c3872a4c217f97f111b1f09c89b8e9ad675ce88d,1,0.1875,0.1875,0.0
livebench_selected,Gemma3n4B,paraphrase:da578f206820d6be4519d710c3872a4c217f97f111b1f09c89b8e9ad675ce88d,2,0.10633680555555541,0.10633680555555541,0.0
livebench_selected,Gemma3n4B,paraphrase:da578f206820d6be4519d710c3872a4c217f97f111b1f09c89b8e9ad675ce88d,4,0.058018248758198145,0.058018248758198145,0.0
livebench_selected,Gemma3n4B,paraphrase:da578f206820d6be4519d710c3872a4c217f97f111b1f09c89b8e9ad675ce88d,8,0.030966880944384344,0.030966880944384344,0.0
livebench_selected,Gemma3n4B,paraphrase:da578f206820d6be4519d710c3872a4c217f97f111b1f09c89b8e9ad675ce88d,16,0.008276135488119864,0.008276135488119864,0.0
livebench_selected,Gemma3n4B,paraphrase:da578f206820d6be4519d710c3872a4c217f97f111b1f09c89b8e9ad675ce88d,32,0.0003253040926285497,0.0003253040926285497,0.0
livebench_selected,Gemma3n4B,paraphrase:da578f206820d6be4519d710c3872a4c217f97f111b1f09c89b8e9ad675ce88d,48,9.740038891290587e-06,9.740038891290587e-06,0.0
livebench_selected,Gemma3n4B,paraphrase:f3472a74bc480a915c2a3875c505fd5b3ebe475d25cefdae9447002ed88b0106,1,0.0,0.0,0.0
livebench_selected,Gemma3n4B,paraphrase:f3472a74bc480a915c2a3875c505fd5b3ebe475d25cefdae9447002ed88b0106,2,0.0,0.0,0.0
livebench_selected,Gemma3n4B,paraphrase:f3472a74bc480a915c2a3875c505fd5b3ebe475d25cefdae9447002ed88b0106,4,0.0,0.0,0.0
livebench_selected,Gemma3n4B,paraphrase:f3472a74bc480a915c2a3875c505fd5b3ebe475d25cefdae9447002ed88b0106,8,0.0,0.0,0.0
livebench_selected,Gemma3n4B,paraphrase:f3472a74bc480a915c2a3875c505fd5b3ebe475d25cefdae9447002ed88b0106,16,0.0,0.0,0.0
livebench_selected,Gemma3n4B,paraphrase:f3472a74bc480a915c2a3875c505fd5b3ebe475d25cefdae9447002ed88b0106,32,0.0,0.0,0.0
livebench_selected,Gemma3n4B,paraphrase:f3472a74bc480a915c2a3875c505fd5b3ebe475d25cefdae9447002ed88b0106,48,0.0,0.0,0.0
livebench_selected,Gemma3n4B,paraphrase:f4cbfc58a683894a66b028420969bb75a35fe4acda1bd3dce0024062c11b2041,1,0.9583333333333334,0.9583333333333334,0.0
livebench_selected,Gemma3n4B,paraphrase:f4cbfc58a683894a66b028420969bb75a35fe4acda1bd3dce0024062c11b2041,2,0.9262152777777779,0.9262152777777779,0.0
livebench_selected,Gemma3n4B,paraphrase:f4cbfc58a683894a66b028420969bb75a35fe4acda1bd3dce0024062c11b2041,4,0.8841029037663967,0.8841029037663967,0.0
livebench_selected,Gemma3n4B,paraphrase:f4cbfc58a683894a66b028420969bb75a35fe4acda1bd3dce0024062c11b2041,8,0.8560023516169704,0.8560023516169704,0.0
livebench_selected,Gemma3n4B,paraphrase:f4cbfc58a683894a66b028420969bb75a35fe4acda1bd3dce0024062c11b2041,16,0.8857366867015041,0.8857366867015041,0.0
livebench_selected,Gemma3n4B,paraphrase:f4cbfc58a683894a66b028420969bb75a35fe4acda1bd3dce0024062c11b2041,32,0.9603374842035539,0.9603374842035539,0.0
livebench_selected,Gemma3n4B,paraphrase:f4cbfc58a683894a66b028420969bb75a35fe4acda1bd3dce0024062c11b2041,48,0.9886125988498007,0.9886125988498007,0.0
livebench_selected,Gemma3n4B,tablereformat:09752b3d3e355017282301de1735bd903221368e1fadf3e64aa9594ef7730e62,1,0.0,0.0,0.0
livebench_selected,Gemma3n4B,tablereformat:09752b3d3e355017282301de1735bd903221368e1fadf3e64aa9594ef7730e62,2,0.0,0.0,0.0
livebench_selected,Gemma3n4B,tablereformat:09752b3d3e355017282301de1735bd903221368e1fadf3e64aa9594ef7730e62,4,0.0,0.0,0.0
livebench_selected,Gemma3n4B,tablereformat:09752b3d3e355017282301de1735bd903221368e1fadf3e64aa9594ef7730e62,8,0.0,0.0,0.0
livebench_selected,Gemma3n4B,tablereformat:09752b3d3e355017282301de1735bd903221368e1fadf3e64aa9594ef7730e62,16,0.0,0.0,0.0
livebench_selected,Gemma3n4B,tablereformat:09752b3d3e355017282301de1735bd903221368e1fadf3e64aa9594ef7730e62,32,0.0,0.0,0.0
livebench_selected,Gemma3n4B,tablereformat:09752b3d3e355017282301de1735bd903221368e1fadf3e64aa9594ef7730e62,48,0.0,0.0,0.0
livebench_selected,Gemma3n4B,tablereformat:56ace477670fa1527771dc1a4f2babac3b704f1c313b8981a53ce892f55b6c05,1,0.0,0.0,0.0
livebench_selected,Gemma3n4B,tablereformat:56ace477670fa1527771dc1a4f2babac3b704f1c313b8981a53ce892f55b6c05,2,0.0,0.0,0.0
livebench_selected,Gemma3n4B,tablereformat:56ace477670fa1527771dc1a4f2babac3b704f1c313b8981a53ce892f55b6c05,4,0.0,0.0,0.0
livebench_selected,Gemma3n4B,tablereformat:56ace477670fa1527771dc1a4f2babac3b704f1c313b8981a53ce892f55b6c05,8,0.0,0.0,0.0
livebench_selected,Gemma3n4B,tablereformat:56ace477670fa1527771dc1a4f2babac3b704f1c313b8981a53ce892f55b6c05,16,0.0,0.0,0.0
livebench_selected,Gemma3n4B,tablereformat:56ace477670fa1527771dc1a4f2babac3b704f1c313b8981a53ce892f55b6c05,32,0.0,0.0,0.0
livebench_selected,Gemma3n4B,tablereformat:56ace477670fa1527771dc1a4f2babac3b704f1c313b8981a53ce892f55b6c05,48,0.0,0.0,0.0
livebench_selected,Gemma3n4B,tablereformat:57772b38ab8d4f9f2e30d5e0cca6e007f228786523ed027bdbf37b59fe20e3b1,1,0.0,0.0,0.0
livebench_selected,Gemma3n4B,tablereformat:57772b38ab8d4f9f2e30d5e0cca6e007f228786523ed027bdbf37b59fe20e3b1,2,0.0,0.0,0.0
livebench_selected,Gemma3n4B,tablereformat:57772b38ab8d4f9f2e30d5e0cca6e007f228786523ed027bdbf37b59fe20e3b1,4,0.0,0.0,0.0
livebench_selected,Gemma3n4B,tablereformat:57772b38ab8d4f9f2e30d5e0cca6e007f228786523ed027bdbf37b59fe20e3b1,8,0.0,0.0,0.0
livebench_selected,Gemma3n4B,tablereformat:57772b38ab8d4f9f2e30d5e0cca6e007f228786523ed027bdbf37b59fe20e3b1,16,0.0,0.0,0.0
livebench_selected,Gemma3n4B,tablereformat:57772b38ab8d4f9f2e30d5e0cca6e007f228786523ed027bdbf37b59fe20e3b1,32,0.0,0.0,0.0
livebench_selected,Gemma3n4B,tablereformat:57772b38ab8d4f9f2e30d5e0cca6e007f228786523ed027bdbf37b59fe20e3b1,48,0.0,0.0,0.0
livebench_selected,Gemma3n4B,tablereformat:8b25c07592f100c7c61af45d3de6eec07f4996d0a211f613cc1e224db02bba4c,1,0.0,0.0,0.0
livebench_selected,Gemma3n4B,tablereformat:8b25c07592f100c7c61af45d3de6eec07f4996d0a211f613cc1e224db02bba4c,2,0.0,0.0,0.0
livebench_selected,Gemma3n4B,tablereformat:8b25c07592f100c7c61af45d3de6eec07f4996d0a211f613cc1e224db02bba4c,4,0.0,0.0,0.0
livebench_selected,Gemma3n4B,tablereformat:8b25c07592f100c7c61af45d3de6eec07f4996d0a211f613cc1e224db02bba4c,8,0.0,0.0,0.0
livebench_selected,Gemma3n4B,tablereformat:8b25c07592f100c7c61af45d3de6eec07f4996d0a211f613cc1e224db02bba4c,16,0.0,0.0,0.0
livebench_selected,Gemma3n4B,tablereformat:8b25c07592f100c7c61af45d3de6eec07f4996d0a211f613cc1e224db02bba4c,32,0.0,0.0,0.0
livebench_selected,Gemma3n4B,tablereformat:8b25c07592f100c7c61af45d3de6eec07f4996d0a211f613cc1e224db02bba4c,48,0.0,0.0,0.0
livebench_selected,Gemma3n4B,tablereformat:ce1fa8f673c3d33b3986e4f4f148ab1a11e42cd2b7f15390f0f4f2acb530a6e3,1,0.0,0.0,0.0
livebench_selected,Gemma3n4B,tablereformat:ce1fa8f673c3d33b3986e4f4f148ab1a11e42cd2b7f15390f0f4f2acb530a6e3,2,0.0,0.0,0.0
livebench_selected,Gemma3n4B,tablereformat:ce1fa8f673c3d33b3986e4f4f148ab1a11e42cd2b7f15390f0f4f2acb530a6e3,4,0.0,0.0,0.0
livebench_selected,Gemma3n4B,tablereformat:ce1fa8f673c3d33b3986e4f4f148ab1a11e42cd2b7f15390f0f4f2acb530a6e3,8,0.0,0.0,0.0
livebench_selected,Gemma3n4B,tablereformat:ce1fa8f673c3d33b3986e4f4f148ab1a11e42cd2b7f15390f0f4f2acb530a6e3,16,0.0,0.0,0.0
livebench_selected,Gemma3n4B,tablereformat:ce1fa8f673c3d33b3986e4f4f148ab1a11e42cd2b7f15390f0f4f2acb530a6e3,32,0.0,0.0,0.0
livebench_selected,Gemma3n4B,tablereformat:ce1fa8f673c3d33b3986e4f4f148ab1a11e42cd2b7f15390f0f4f2acb530a6e3,48,0.0,0.0,0.0
livebench_selected,Gemma3n4B,tablereformat:e114ea800daa6938bd7bbc29c6fde32844324662764b5cb63d7e4e78c3b66c65,1,0.0,0.0,0.0
livebench_selected,Gemma3n4B,tablereformat:e114ea800daa6938bd7bbc29c6fde32844324662764b5cb63d7e4e78c3b66c65,2,0.0,0.0,0.0
livebench_selected,Gemma3n4B,tablereformat:e114ea800daa6938bd7bbc29c6fde32844324662764b5cb63d7e4e78c3b66c65,4,0.0,0.0,0.0
livebench_selected,Gemma3n4B,tablereformat:e114ea800daa6938bd7bbc29c6fde32844324662764b5cb63d7e4e78c3b66c65,8,0.0,0.0,0.0
livebench_selected,Gemma3n4B,tablereformat:e114ea800daa6938bd7bbc29c6fde32844324662764b5cb63d7e4e78c3b66c65,16,0.0,0.0,0.0
livebench_selected,Gemma3n4B,tablereformat:e114ea800daa6938bd7bbc29c6fde32844324662764b5cb63d7e4e78c3b66c65,32,0.0,0.0,0.0
livebench_selected,Gemma3n4B,tablereformat:e114ea800daa6938bd7bbc29c6fde32844324662764b5cb63d7e4e78c3b66c65,48,0.0,0.0,0.0
livebench_selected,Gemma3n4B,tablereformat:eb8aebddc3e1eff35a92de9e8306dfcfebd25201eefda2921b830226b5347dc5,1,0.0,0.0,0.0
livebench_selected,Gemma3n4B,tablereformat:eb8aebddc3e1eff35a92de9e8306dfcfebd25201eefda2921b830226b5347dc5,2,0.0,0.0,0.0
livebench_selected,Gemma3n4B,tablereformat:eb8aebddc3e1eff35a92de9e8306dfcfebd25201eefda2921b830226b5347dc5,4,0.0,0.0,0.0
livebench_selected,Gemma3n4B,tablereformat:eb8aebddc3e1eff35a92de9e8306dfcfebd25201eefda2921b830226b5347dc5,8,0.0,0.0,0.0
livebench_selected,Gemma3n4B,tablereformat:eb8aebddc3e1eff35a92de9e8306dfcfebd25201eefda2921b830226b5347dc5,16,0.0,0.0,0.0
livebench_selected,Gemma3n4B,tablereformat:eb8aebddc3e1eff35a92de9e8306dfcfebd25201eefda2921b830226b5347dc5,32,0.0,0.0,0.0
livebench_selected,Gemma3n4B,tablereformat:eb8aebddc3e1eff35a92de9e8306dfcfebd25201eefda2921b830226b5347dc5,48,0.0,0.0,0.0
livebench_selected,Gemma3n4B,zebra_puzzle:20d48b97e524cd64f82b0e4fb3c597a37bae1d9357e9b2c93aad96b4c70e098e,1,0.125,0.125,0.0
livebench_selected,Gemma3n4B,zebra_puzzle:20d48b97e524cd64f82b0e4fb3c597a37bae1d9357e9b2c93aad96b4c70e098e,2,0.18923611111111077,0.18923611111111077,0.0
livebench_selected,Gemma3n4B,zebra_puzzle:20d48b97e524cd64f82b0e4fb3c597a37bae1d9357e9b2c93aad96b4c70e098e,4,0.2623795874324841,0.2623795874324841,0.0
livebench_selected,Gemma3n4B,zebra_puzzle:20d48b97e524cd64f82b0e4fb3c597a37bae1d9357e9b2c93aad96b4c70e098e,8,0.3097423759529399,0.3097423759529399,0.0
livebench_selected,Gemma3n4B,zebra_puzzle:20d48b97e524cd64f82b0e4fb3c597a37bae1d9357e9b2c93aad96b4c70e098e,16,0.3018428261942666,0.3018428261942666,0.0
livebench_selected,Gemma3n4B,zebra_puzzle:20d48b97e524cd64f82b0e4fb3c597a37bae1d9357e9b2c93aad96b4c70e098e,32,0.2732890880043979,0.2732890880043979,0.0
livebench_selected,Gemma3n4B,zebra_puzzle:20d48b97e524cd64f82b0e4fb3c597a37bae1d9357e9b2c93aad96b4c70e098e,48,0.23817486898166706,0.23817486898166706,0.0
livebench_selected,Gemma3n4B,zebra_puzzle:743aa0ae2d518d95d45ab8b77a7e9ffde5a03c07da8a6af9e81a4e3689aeef0c,1,0.020833333333333332,0.020833333333333332,0.0
livebench_selected,Gemma3n4B,zebra_puzzle:743aa0ae2d518d95d45ab8b77a7e9ffde5a03c07da8a6af9e81a4e3689aeef0c,2,0.02126736111111116,0.02126736111111116,0.0
livebench_selected,Gemma3n4B,zebra_puzzle:743aa0ae2d518d95d45ab8b77a7e9ffde5a03c07da8a6af9e81a4e3689aeef0c,4,0.011085981204185982,0.011085981204185982,0.0
livebench_selected,Gemma3n4B,zebra_puzzle:743aa0ae2d518d95d45ab8b77a7e9ffde5a03c07da8a6af9e81a4e3689aeef0c,8,0.0015086466297828116,0.0015086466297828116,0.0
livebench_selected,Gemma3n4B,zebra_puzzle:743aa0ae2d518d95d45ab8b77a7e9ffde5a03c07da8a6af9e81a4e3689aeef0c,16,1.4062316448733257e-05,1.4062316448733257e-05,0.0
livebench_selected,Gemma3n4B,zebra_puzzle:743aa0ae2d518d95d45ab8b77a7e9ffde5a03c07da8a6af9e81a4e3689aeef0c,32,6.268965847470036e-10,6.268965847470036e-10,0.0
livebench_selected,Gemma3n4B,zebra_puzzle:743aa0ae2d518d95d45ab8b77a7e9ffde5a03c07da8a6af9e81a4e3689aeef0c,48,2.1655439096021636e-14,2.1655439096021636e-14,0.0
livebench_selected,Gemma3n4B,zebra_puzzle:84650f1042abf3d267bb79b6d1e1d899d27327a11ab81f1079121734a68306b1,1,0.22916666666666666,0.22916666666666666,0.0
livebench_selected,Gemma3n4B,zebra_puzzle:84650f1042abf3d267bb79b6d1e1d899d27327a11ab81f1079121734a68306b1,2,0.26866319444444453,0.26866319444444453,0.0
livebench_selected,Gemma3n4B,zebra_puzzle:84650f1042abf3d267bb79b6d1e1d899d27327a11ab81f1079121734a68306b1,4,0.2596358311029129,0.2596358311029129,0.0
livebench_selected,Gemma3n4B,zebra_puzzle:84650f1042abf3d267bb79b6d1e1d899d27327a11ab81f1079121734a68306b1,8,0.19585184538084704,0.19585184538084704,0.0
livebench_selected,Gemma3n4B,zebra_puzzle:84650f1042abf3d267bb79b6d1e1d899d27327a11ab81f1079121734a68306b1,16,0.16217876646529208,0.16217876646529208,0.0
livebench_selected,Gemma3n4B,zebra_puzzle:84650f1042abf3d267bb79b6d1e1d899d27327a11ab81f1079121734a68306b1,32,0.1297242366120481,0.1297242366120481,0.0
livebench_selected,Gemma3n4B,zebra_puzzle:84650f1042abf3d267bb79b6d1e1d899d27327a11ab81f1079121734a68306b1,48,0.08452076453628789,0.08452076453628789,0.0
livebench_selected,Gemma3n4B,zebra_puzzle:b1b1678a4f290c8ab2b85f957a0cdbba93ef0c97d1e7ab4663e46e92ebac70e8,1,0.4375,0.4375,0.0
livebench_selected,Gemma3n4B,zebra_puzzle:b1b1678a4f290c8ab2b85f957a0cdbba93ef0c97d1e7ab4663e46e92ebac70e8,2,0.5629340277777777,0.5629340277777777,0.0
livebench_selected,Gemma3n4B,zebra_puzzle:b1b1678a4f290c8ab2b85f957a0cdbba93ef0c97d1e7ab4663e46e92ebac70e8,4,0.6951318434727042,0.6951318434727042,0.0
livebench_selected,Gemma3n4B,zebra_puzzle:b1b1678a4f290c8ab2b85f957a0cdbba93ef0c97d1e7ab4663e46e92ebac70e8,8,0.8076855163760988,0.8076855163760988,0.0
livebench_selected,Gemma3n4B,zebra_puzzle:b1b1678a4f290c8ab2b85f957a0cdbba93ef0c97d1e7ab4663e46e92ebac70e8,16,0.900658042510628,0.900658042510628,0.0
livebench_selected,Gemma3n4B,zebra_puzzle:b1b1678a4f290c8ab2b85f957a0cdbba93ef0c97d1e7ab4663e46e92ebac70e8,32,0.976701621297287,0.976701621297287,0.0
livebench_selected,Gemma3n4B,zebra_puzzle:b1b1678a4f290c8ab2b85f957a0cdbba93ef0c97d1e7ab4663e46e92ebac70e8,48,0.9954226902315415,0.9954226902315415,0.0
livebench_selected,Gemma3n4B,zebra_puzzle:bd14ba82d1fe813dcdf6c16f0f868e5f3fe92e4cee9cf5eb3fd5cb6f03d68517,1,0.0625,0.0625,0.0
livebench_selected,Gemma3n4B,zebra_puzzle:bd14ba82d1fe813dcdf6c16f0f868e5f3fe92e4cee9cf5eb3fd5cb6f03d68517,2,0.0516493055555556,0.0516493055555556,0.0
livebench_selected,Gemma3n4B,zebra_puzzle:bd14ba82d1fe813dcdf6c16f0f868e5f3fe92e4cee9cf5eb3fd5cb6f03d68517,4,0.026493590555073332,0.026493590555073332,0.0
livebench_selected,Gemma3n4B,zebra_puzzle:bd14ba82d1fe813dcdf6c16f0f868e5f3fe92e4cee9cf5eb3fd5cb6f03d68517,8,0.005966561144181518,0.005966561144181518,0.0
livebench_selected,Gemma3n4B,zebra_puzzle:bd14ba82d1fe813dcdf6c16f0f868e5f3fe92e4cee9cf5eb3fd5cb6f03d68517,16,0.00022793397622988305,0.00022793397622988305,0.0
livebench_selected,Gemma3n4B,zebra_puzzle:bd14ba82d1fe813dcdf6c16f0f868e5f3fe92e4cee9cf5eb3fd5cb6f03d68517,32,1.9456081148835205e-07,1.9456081148835205e-07,0.0
livebench_selected,Gemma3n4B,zebra_puzzle:bd14ba82d1fe813dcdf6c16f0f868e5f3fe92e4cee9cf5eb3fd5cb6f03d68517,48,1.2801062570659944e-10,1.2801062570659944e-10,0.0
livebench_selected,Gemma3n4B,zebra_puzzle:d977e70d05f737b3df36dbe997420820c43a0c43cfb0ff32290d45667b53987d,1,0.0,0.0,0.0
livebench_selected,Gemma3n4B,zebra_puzzle:d977e70d05f737b3df36dbe997420820c43a0c43cfb0ff32290d45667b53987d,2,0.0,0.0,0.0
livebench_selected,Gemma3n4B,zebra_puzzle:d977e70d05f737b3df36dbe997420820c43a0c43cfb0ff32290d45667b53987d,4,0.0,0.0,0.0
livebench_selected,Gemma3n4B,zebra_puzzle:d977e70d05f737b3df36dbe997420820c43a0c43cfb0ff32290d45667b53987d,8,0.0,0.0,0.0
livebench_selected,Gemma3n4B,zebra_puzzle:d977e70d05f737b3df36dbe997420820c43a0c43cfb0ff32290d45667b53987d,16,0.0,0.0,0.0
livebench_selected,Gemma3n4B,zebra_puzzle:d977e70d05f737b3df36dbe997420820c43a0c43cfb0ff32290d45667b53987d,32,0.0,0.0,0.0
livebench_selected,Gemma3n4B,zebra_puzzle:d977e70d05f737b3df36dbe997420820c43a0c43cfb0ff32290d45667b53987d,48,0.0,0.0,0.0
livebench_selected,Gemma3n4B,zebra_puzzle:fe37c4db2b25d85eb28bc39dc6c978c002216c9e26227d7a9389abad0dd230f0,1,0.14583333333333334,0.14583333333333334,0.0
livebench_selected,Gemma3n4B,zebra_puzzle:fe37c4db2b25d85eb28bc39dc6c978c002216c9e26227d7a9389abad0dd230f0,2,0.11328125000000011,0.11328125000000011,0.0
livebench_selected,Gemma3n4B,zebra_puzzle:fe37c4db2b25d85eb28bc39dc6c978c002216c9e26227d7a9389abad0dd230f0,4,0.07145803946035892,0.07145803946035892,0.0
livebench_selected,Gemma3n4B,zebra_puzzle:fe37c4db2b25d85eb28bc39dc6c978c002216c9e26227d7a9389abad0dd230f0,8,0.03241388189838887,0.03241388189838887,0.0
livebench_selected,Gemma3n4B,zebra_puzzle:fe37c4db2b25d85eb28bc39dc6c978c002216c9e26227d7a9389abad0dd230f0,16,0.00589233065319616,0.00589233065319616,0.0
livebench_selected,Gemma3n4B,zebra_puzzle:fe37c4db2b25d85eb28bc39dc6c978c002216c9e26227d7a9389abad0dd230f0,32,0.00014149198466937633,0.00014149198466937633,0.0
livebench_selected,Gemma3n4B,zebra_puzzle:fe37c4db2b25d85eb28bc39dc6c978c002216c9e26227d7a9389abad0dd230f0,48,2.7444379362908697e-06,2.7444379362908697e-06,0.0
livebench_selected,MistralSmall119B,paraphrase:693c559e842aadf93ddcaba5f140c97aac1419c23fda3c1038c7a690c13b1213,1,0.0,0.0,0.0
livebench_selected,MistralSmall119B,paraphrase:693c559e842aadf93ddcaba5f140c97aac1419c23fda3c1038c7a690c13b1213,2,0.0,0.0,0.0
livebench_selected,MistralSmall119B,paraphrase:693c559e842aadf93ddcaba5f140c97aac1419c23fda3c1038c7a690c13b1213,4,0.0,0.0,0.0
livebench_selected,MistralSmall119B,paraphrase:693c559e842aadf93ddcaba5f140c97aac1419c23fda3c1038c7a690c13b1213,8,0.0,0.0,0.0
livebench_selected,MistralSmall119B,paraphrase:693c559e842aadf93ddcaba5f140c97aac1419c23fda3c1038c7a690c13b1213,16,0.0,0.0,0.0
livebench_selected,MistralSmall119B,paraphrase:693c559e842aadf93ddcaba5f140c97aac1419c23fda3c1038c7a690c13b1213,32,0.0,0.0,0.0
livebench_selected,MistralSmall119B,paraphrase:693c559e842aadf93ddcaba5f140c97aac1419c23fda3c1038c7a690c13b1213,48,0.0,0.0,0.0
livebench_selected,MistralSmall119B,paraphrase:91b1079c3dd6f0c003bb20f34f3783141cbc55926e6e3001ba18eaba3acc169e,1,0.3333333333333333,0.3333333333333333,0.0
livebench_selected,MistralSmall119B,paraphrase:91b1079c3dd6f0c003bb20f34f3783141cbc55926e6e3001ba18eaba3acc169e,2,0.32638888888888845,0.32638888888888845,0.0
livebench_selected,MistralSmall119B,paraphrase:91b1079c3dd6f0c003bb20f34f3783141cbc55926e6e3001ba18eaba3acc169e,4,0.3542066032503855,0.3542066032503855,0.0
livebench_selected,MistralSmall119B,paraphrase:91b1079c3dd6f0c003bb20f34f3783141cbc55926e6e3001ba18eaba3acc169e,8,0.4029245913379894,0.4029245913379894,0.0
livebench_selected,MistralSmall119B,paraphrase:91b1079c3dd6f0c003bb20f34f3783141cbc55926e6e3001ba18eaba3acc169e,16,0.5224695251826299,0.5224695251826299,0.0
livebench_selected,MistralSmall119B,paraphrase:91b1079c3dd6f0c003bb20f34f3783141cbc55926e6e3001ba18eaba3acc169e,32,0.7450538632188283,0.7450538632188283,0.0
livebench_selected,MistralSmall119B,paraphrase:91b1079c3dd6f0c003bb20f34f3783141cbc55926e6e3001ba18eaba3acc169e,48,0.8703889599896444,0.8703889599896444,0.0
livebench_selected,MistralSmall119B,paraphrase:d2adc0a1fad83dc359b9b10550d05c3b551685dbd85ca6f9f68721a7ecdc4785,1,0.0,0.0,0.0
livebench_selected,MistralSmall119B,paraphrase:d2adc0a1fad83dc359b9b10550d05c3b551685dbd85ca6f9f68721a7ecdc4785,2,0.0,0.0,0.0
livebench_selected,MistralSmall119B,paraphrase:d2adc0a1fad83dc359b9b10550d05c3b551685dbd85ca6f9f68721a7ecdc4785,4,0.0,0.0,0.0
livebench_selected,MistralSmall119B,paraphrase:d2adc0a1fad83dc359b9b10550d05c3b551685dbd85ca6f9f68721a7ecdc4785,8,0.0,0.0,0.0
livebench_selected,MistralSmall119B,paraphrase:d2adc0a1fad83dc359b9b10550d05c3b551685dbd85ca6f9f68721a7ecdc4785,16,0.0,0.0,0.0
livebench_selected,MistralSmall119B,paraphrase:d2adc0a1fad83dc359b9b10550d05c3b551685dbd85ca6f9f68721a7ecdc4785,32,0.0,0.0,0.0
livebench_selected,MistralSmall119B,paraphrase:d2adc0a1fad83dc359b9b10550d05c3b551685dbd85ca6f9f68721a7ecdc4785,48,0.0,0.0,0.0
livebench_selected,MistralSmall119B,paraphrase:da578f206820d6be4519d710c3872a4c217f97f111b1f09c89b8e9ad675ce88d,1,0.7083333333333334,0.7083333333333334,0.0
livebench_selected,MistralSmall119B,paraphrase:da578f206820d6be4519d710c3872a4c217f97f111b1f09c89b8e9ad675ce88d,2,0.7578125000000001,0.7578125000000001,0.0
livebench_selected,MistralSmall119B,paraphrase:da578f206820d6be4519d710c3872a4c217f97f111b1f09c89b8e9ad675ce88d,4,0.8490431043836806,0.8490431043836806,0.0
livebench_selected,MistralSmall119B,paraphrase:da578f206820d6be4519d710c3872a4c217f97f111b1f09c89b8e9ad675ce88d,8,0.9121685279859038,0.9121685279859038,0.0
livebench_selected,MistralSmall119B,paraphrase:da578f206820d6be4519d710c3872a4c217f97f111b1f09c89b8e9ad675ce88d,16,0.9454748335535457,0.9454748335535457,0.0
livebench_selected,MistralSmall119B,paraphrase:da578f206820d6be4519d710c3872a4c217f97f111b1f09c89b8e9ad675ce88d,32,0.9843406350888138,0.9843406350888138,0.0
livebench_selected,MistralSmall119B,paraphrase:da578f206820d6be4519d710c3872a4c217f97f111b1f09c89b8e9ad675ce88d,48,0.9965536233433362,0.9965536233433362,0.0
livebench_selected,MistralSmall119B,paraphrase:f3472a74bc480a915c2a3875c505fd5b3ebe475d25cefdae9447002ed88b0106,1,0.020833333333333332,0.020833333333333332,0.0
livebench_selected,MistralSmall119B,paraphrase:f3472a74bc480a915c2a3875c505fd5b3ebe475d25cefdae9447002ed88b0106,2,0.03081597222222232,0.03081597222222232,0.0
livebench_selected,MistralSmall119B,paraphrase:f3472a74bc480a915c2a3875c505fd5b3ebe475d25cefdae9447002ed88b0106,4,0.03371834460599926,0.03371834460599926,0.0
livebench_selected,MistralSmall119B,paraphrase:f3472a74bc480a915c2a3875c505fd5b3ebe475d25cefdae9447002ed88b0106,8,0.020200463183015008,0.020200463183015008,0.0
livebench_selected,MistralSmall119B,paraphrase:f3472a74bc480a915c2a3875c505fd5b3ebe475d25cefdae9447002ed88b0106,16,0.0036365957959734376,0.0036365957959734376,0.0
livebench_selected,MistralSmall119B,paraphrase:f3472a74bc480a915c2a3875c505fd5b3ebe475d25cefdae9447002ed88b0106,32,5.9671430210501946e-05,5.9671430210501946e-05,0.0
livebench_selected,MistralSmall119B,paraphrase:f3472a74bc480a915c2a3875c505fd5b3ebe475d25cefdae9447002ed88b0106,48,7.463666201065633e-07,7.463666201065633e-07,0.0
livebench_selected,MistralSmall119B,paraphrase:f4cbfc58a683894a66b028420969bb75a35fe4acda1bd3dce0024062c11b2041,1,0.4375,0.4375,0.0
livebench_selected,MistralSmall119B,paraphrase:f4cbfc58a683894a66b028420969bb75a35fe4acda1bd3dce0024062c11b2041,2,0.46918402777777785,0.46918402777777785,0.0
livebench_selected,MistralSmall119B,paraphrase:f4cbfc58a683894a66b028420969bb75a35fe4acda1bd3dce0024062c11b2041,4,0.45484095443913997,0.45484095443913997,0.0
livebench_selected,MistralSmall119B,paraphrase:f4cbfc58a683894a66b028420969bb75a35fe4acda1bd3dce0024062c11b2041,8,0.35119542871082965,0.35119542871082965,0.0
livebench_selected,MistralSmall119B,paraphrase:f4cbfc58a683894a66b028420969bb75a35fe4acda1bd3dce0024062c11b2041,16,0.2218882012643096,0.2218882012643096,0.0
livebench_selected,MistralSmall119B,paraphrase:f4cbfc58a683894a66b028420969bb75a35fe4acda1bd3dce0024062c11b2041,32,0.08907823403554807,0.08907823403554807,0.0
livebench_selected,MistralSmall119B,paraphrase:f4cbfc58a683894a66b028420969bb75a35fe4acda1bd3dce0024062c11b2041,48,0.03440572095961912,0.03440572095961912,0.0
livebench_selected,MistralSmall119B,tablereformat:09752b3d3e355017282301de1735bd903221368e1fadf3e64aa9594ef7730e62,1,0.0,0.0,0.0
livebench_selected,MistralSmall119B,tablereformat:09752b3d3e355017282301de1735bd903221368e1fadf3e64aa9594ef7730e62,2,0.0,0.0,0.0
livebench_selected,MistralSmall119B,tablereformat:09752b3d3e355017282301de1735bd903221368e1fadf3e64aa9594ef7730e62,4,0.0,0.0,0.0
livebench_selected,MistralSmall119B,tablereformat:09752b3d3e355017282301de1735bd903221368e1fadf3e64aa9594ef7730e62,8,0.0,0.0,0.0
livebench_selected,MistralSmall119B,tablereformat:09752b3d3e355017282301de1735bd903221368e1fadf3e64aa9594ef7730e62,16,0.0,0.0,0.0
livebench_selected,MistralSmall119B,tablereformat:09752b3d3e355017282301de1735bd903221368e1fadf3e64aa9594ef7730e62,32,0.0,0.0,0.0
livebench_selected,MistralSmall119B,tablereformat:09752b3d3e355017282301de1735bd903221368e1fadf3e64aa9594ef7730e62,48,0.0,0.0,0.0
livebench_selected,MistralSmall119B,tablereformat:56ace477670fa1527771dc1a4f2babac3b704f1c313b8981a53ce892f55b6c05,1,0.0,0.0,0.0
livebench_selected,MistralSmall119B,tablereformat:56ace477670fa1527771dc1a4f2babac3b704f1c313b8981a53ce892f55b6c05,2,0.0,0.0,0.0
livebench_selected,MistralSmall119B,tablereformat:56ace477670fa1527771dc1a4f2babac3b704f1c313b8981a53ce892f55b6c05,4,0.0,0.0,0.0
livebench_selected,MistralSmall119B,tablereformat:56ace477670fa1527771dc1a4f2babac3b704f1c313b8981a53ce892f55b6c05,8,0.0,0.0,0.0
livebench_selected,MistralSmall119B,tablereformat:56ace477670fa1527771dc1a4f2babac3b704f1c313b8981a53ce892f55b6c05,16,0.0,0.0,0.0
livebench_selected,MistralSmall119B,tablereformat:56ace477670fa1527771dc1a4f2babac3b704f1c313b8981a53ce892f55b6c05,32,0.0,0.0,0.0
livebench_selected,MistralSmall119B,tablereformat:56ace477670fa1527771dc1a4f2babac3b704f1c313b8981a53ce892f55b6c05,48,0.0,0.0,0.0
livebench_selected,MistralSmall119B,tablereformat:57772b38ab8d4f9f2e30d5e0cca6e007f228786523ed027bdbf37b59fe20e3b1,1,0.0,0.0,0.0
livebench_selected,MistralSmall119B,tablereformat:57772b38ab8d4f9f2e30d5e0cca6e007f228786523ed027bdbf37b59fe20e3b1,2,0.0,0.0,0.0
livebench_selected,MistralSmall119B,tablereformat:57772b38ab8d4f9f2e30d5e0cca6e007f228786523ed027bdbf37b59fe20e3b1,4,0.0,0.0,0.0
livebench_selected,MistralSmall119B,tablereformat:57772b38ab8d4f9f2e30d5e0cca6e007f228786523ed027bdbf37b59fe20e3b1,8,0.0,0.0,0.0
livebench_selected,MistralSmall119B,tablereformat:57772b38ab8d4f9f2e30d5e0cca6e007f228786523ed027bdbf37b59fe20e3b1,16,0.0,0.0,0.0
livebench_selected,MistralSmall119B,tablereformat:57772b38ab8d4f9f2e30d5e0cca6e007f228786523ed027bdbf37b59fe20e3b1,32,0.0,0.0,0.0
livebench_selected,MistralSmall119B,tablereformat:57772b38ab8d4f9f2e30d5e0cca6e007f228786523ed027bdbf37b59fe20e3b1,48,0.0,0.0,0.0
livebench_selected,MistralSmall119B,tablereformat:8b25c07592f100c7c61af45d3de6eec07f4996d0a211f613cc1e224db02bba4c,1,0.0,0.0,0.0
livebench_selected,MistralSmall119B,tablereformat:8b25c07592f100c7c61af45d3de6eec07f4996d0a211f613cc1e224db02bba4c,2,0.0,0.0,0.0
livebench_selected,MistralSmall119B,tablereformat:8b25c07592f100c7c61af45d3de6eec07f4996d0a211f613cc1e224db02bba4c,4,0.0,0.0,0.0
livebench_selected,MistralSmall119B,tablereformat:8b25c07592f100c7c61af45d3de6eec07f4996d0a211f613cc1e224db02bba4c,8,0.0,0.0,0.0
livebench_selected,MistralSmall119B,tablereformat:8b25c07592f100c7c61af45d3de6eec07f4996d0a211f613cc1e224db02bba4c,16,0.0,0.0,0.0
livebench_selected,MistralSmall119B,tablereformat:8b25c07592f100c7c61af45d3de6eec07f4996d0a211f613cc1e224db02bba4c,32,0.0,0.0,0.0
livebench_selected,MistralSmall119B,tablereformat:8b25c07592f100c7c61af45d3de6eec07f4996d0a211f613cc1e224db02bba4c,48,0.0,0.0,0.0
livebench_selected,MistralSmall119B,tablereformat:ce1fa8f673c3d33b3986e4f4f148ab1a11e42cd2b7f15390f0f4f2acb530a6e3,1,0.0,0.0,0.0
livebench_selected,MistralSmall119B,tablereformat:ce1fa8f673c3d33b3986e4f4f148ab1a11e42cd2b7f15390f0f4f2acb530a6e3,2,0.0,0.0,0.0
livebench_selected,MistralSmall119B,tablereformat:ce1fa8f673c3d33b3986e4f4f148ab1a11e42cd2b7f15390f0f4f2acb530a6e3,4,0.0,0.0,0.0
livebench_selected,MistralSmall119B,tablereformat:ce1fa8f673c3d33b3986e4f4f148ab1a11e42cd2b7f15390f0f4f2acb530a6e3,8,0.0,0.0,0.0
livebench_selected,MistralSmall119B,tablereformat:ce1fa8f673c3d33b3986e4f4f148ab1a11e42cd2b7f15390f0f4f2acb530a6e3,16,0.0,0.0,0.0
livebench_selected,MistralSmall119B,tablereformat:ce1fa8f673c3d33b3986e4f4f148ab1a11e42cd2b7f15390f0f4f2acb530a6e3,32,0.0,0.0,0.0
livebench_selected,MistralSmall119B,tablereformat:ce1fa8f673c3d33b3986e4f4f148ab1a11e42cd2b7f15390f0f4f2acb530a6e3,48,0.0,0.0,0.0
livebench_selected,MistralSmall119B,tablereformat:e114ea800daa6938bd7bbc29c6fde32844324662764b5cb63d7e4e78c3b66c65,1,0.0,0.0,0.0
livebench_selected,MistralSmall119B,tablereformat:e114ea800daa6938bd7bbc29c6fde32844324662764b5cb63d7e4e78c3b66c65,2,0.0,0.0,0.0
livebench_selected,MistralSmall119B,tablereformat:e114ea800daa6938bd7bbc29c6fde32844324662764b5cb63d7e4e78c3b66c65,4,0.0,0.0,0.0
livebench_selected,MistralSmall119B,tablereformat:e114ea800daa6938bd7bbc29c6fde32844324662764b5cb63d7e4e78c3b66c65,8,0.0,0.0,0.0
livebench_selected,MistralSmall119B,tablereformat:e114ea800daa6938bd7bbc29c6fde32844324662764b5cb63d7e4e78c3b66c65,16,0.0,0.0,0.0
livebench_selected,MistralSmall119B,tablereformat:e114ea800daa6938bd7bbc29c6fde32844324662764b5cb63d7e4e78c3b66c65,32,0.0,0.0,0.0
livebench_selected,MistralSmall119B,tablereformat:e114ea800daa6938bd7bbc29c6fde32844324662764b5cb63d7e4e78c3b66c65,48,0.0,0.0,0.0
livebench_selected,MistralSmall119B,tablereformat:eb8aebddc3e1eff35a92de9e8306dfcfebd25201eefda2921b830226b5347dc5,1,0.0,0.0,0.0
livebench_selected,MistralSmall119B,tablereformat:eb8aebddc3e1eff35a92de9e8306dfcfebd25201eefda2921b830226b5347dc5,2,0.0,0.0,0.0
livebench_selected,MistralSmall119B,tablereformat:eb8aebddc3e1eff35a92de9e8306dfcfebd25201eefda2921b830226b5347dc5,4,0.0,0.0,0.0
livebench_selected,MistralSmall119B,tablereformat:eb8aebddc3e1eff35a92de9e8306dfcfebd25201eefda2921b830226b5347dc5,8,0.0,0.0,0.0
livebench_selected,MistralSmall119B,tablereformat:eb8aebddc3e1eff35a92de9e8306dfcfebd25201eefda2921b830226b5347dc5,16,0.0,0.0,0.0
livebench_selected,MistralSmall119B,tablereformat:eb8aebddc3e1eff35a92de9e8306dfcfebd25201eefda2921b830226b5347dc5,32,0.0,0.0,0.0
livebench_selected,MistralSmall119B,tablereformat:eb8aebddc3e1eff35a92de9e8306dfcfebd25201eefda2921b830226b5347dc5,48,0.0,0.0,0.0
livebench_selected,MistralSmall119B,zebra_puzzle:20d48b97e524cd64f82b0e4fb3c597a37bae1d9357e9b2c93aad96b4c70e098e,1,0.625,0.625,0.0
livebench_selected,MistralSmall119B,zebra_puzzle:20d48b97e524cd64f82b0e4fb3c597a37bae1d9357e9b2c93aad96b4c70e098e,2,0.6128472222222221,0.6128472222222221,0.0
livebench_selected,MistralSmall119B,zebra_puzzle:20d48b97e524cd64f82b0e4fb3c597a37bae1d9357e9b2c93aad96b4c70e098e,4,0.6212015034239966,0.6212015034239966,0.0
livebench_selected,MistralSmall119B,zebra_puzzle:20d48b97e524cd64f82b0e4fb3c597a37bae1d9357e9b2c93aad96b4c70e098e,8,0.6651948729318189,0.6651948729318189,0.0
livebench_selected,MistralSmall119B,zebra_puzzle:20d48b97e524cd64f82b0e4fb3c597a37bae1d9357e9b2c93aad96b4c70e098e,16,0.7949439739263254,0.7949439739263254,0.0
livebench_selected,MistralSmall119B,zebra_puzzle:20d48b97e524cd64f82b0e4fb3c597a37bae1d9357e9b2c93aad96b4c70e098e,32,0.9421751002098523,0.9421751002098523,0.0
livebench_selected,MistralSmall119B,zebra_puzzle:20d48b97e524cd64f82b0e4fb3c597a37bae1d9357e9b2c93aad96b4c70e098e,48,0.9850187235944587,0.9850187235944587,0.0
livebench_selected,MistralSmall119B,zebra_puzzle:743aa0ae2d518d95d45ab8b77a7e9ffde5a03c07da8a6af9e81a4e3689aeef0c,1,0.25,0.25,0.0
livebench_selected,MistralSmall119B,zebra_puzzle:743aa0ae2d518d95d45ab8b77a7e9ffde5a03c07da8a6af9e81a4e3689aeef0c,2,0.23437500000000022,0.23437500000000022,0.0
livebench_selected,MistralSmall119B,zebra_puzzle:743aa0ae2d518d95d45ab8b77a7e9ffde5a03c07da8a6af9e81a4e3689aeef0c,4,0.2321031358506947,0.2321031358506947,0.0
livebench_selected,MistralSmall119B,zebra_puzzle:743aa0ae2d518d95d45ab8b77a7e9ffde5a03c07da8a6af9e81a4e3689aeef0c,8,0.2564517732911501,0.2564517732911501,0.0
livebench_selected,MistralSmall119B,zebra_puzzle:743aa0ae2d518d95d45ab8b77a7e9ffde5a03c07da8a6af9e81a4e3689aeef0c,16,0.3438294504468678,0.3438294504468678,0.0
livebench_selected,MistralSmall119B,zebra_puzzle:743aa0ae2d518d95d45ab8b77a7e9ffde5a03c07da8a6af9e81a4e3689aeef0c,32,0.5059043935576206,0.5059043935576206,0.0
livebench_selected,MistralSmall119B,zebra_puzzle:743aa0ae2d518d95d45ab8b77a7e9ffde5a03c07da8a6af9e81a4e3689aeef0c,48,0.639433373933686,0.639433373933686,0.0
livebench_selected,MistralSmall119B,zebra_puzzle:84650f1042abf3d267bb79b6d1e1d899d27327a11ab81f1079121734a68306b1,1,0.5208333333333334,0.5208333333333334,0.0
livebench_selected,MistralSmall119B,zebra_puzzle:84650f1042abf3d267bb79b6d1e1d899d27327a11ab81f1079121734a68306b1,2,0.5065104166666669,0.5065104166666669,0.0
livebench_selected,MistralSmall119B,zebra_puzzle:84650f1042abf3d267bb79b6d1e1d899d27327a11ab81f1079121734a68306b1,4,0.4513917145905672,0.4513917145905672,0.0
livebench_selected,MistralSmall119B,zebra_puzzle:84650f1042abf3d267bb79b6d1e1d899d27327a11ab81f1079121734a68306b1,8,0.3929210020124676,0.3929210020124676,0.0
livebench_selected,MistralSmall119B,zebra_puzzle:84650f1042abf3d267bb79b6d1e1d899d27327a11ab81f1079121734a68306b1,16,0.34903067970509877,0.34903067970509877,0.0
livebench_selected,MistralSmall119B,zebra_puzzle:84650f1042abf3d267bb79b6d1e1d899d27327a11ab81f1079121734a68306b1,32,0.22697211490351255,0.22697211490351255,0.0
livebench_selected,MistralSmall119B,zebra_puzzle:84650f1042abf3d267bb79b6d1e1d899d27327a11ab81f1079121734a68306b1,48,0.12457550242530856,0.12457550242530856,0.0
livebench_selected,MistralSmall119B,zebra_puzzle:b1b1678a4f290c8ab2b85f957a0cdbba93ef0c97d1e7ab4663e46e92ebac70e8,1,0.3541666666666667,0.3541666666666667,0.0
livebench_selected,MistralSmall119B,zebra_puzzle:b1b1678a4f290c8ab2b85f957a0cdbba93ef0c97d1e7ab4663e46e92ebac70e8,2,0.38411458333333337,0.38411458333333337,0.0
livebench_selected,MistralSmall119B,zebra_puzzle:b1b1678a4f290c8ab2b85f957a0cdbba93ef0c97d1e7ab4663e46e92ebac70e8,4,0.42597961425781244,0.42597961425781244,0.0
livebench_selected,MistralSmall119B,zebra_puzzle:b1b1678a4f290c8ab2b85f957a0cdbba93ef0c97d1e7ab4663e46e92ebac70e8,8,0.5165171849437673,0.5165171849437673,0.0
livebench_selected,MistralSmall119B,zebra_puzzle:b1b1678a4f290c8ab2b85f957a0cdbba93ef0c97d1e7ab4663e46e92ebac70e8,16,0.665501489757544,0.665501489757544,0.0
livebench_selected,MistralSmall119B,zebra_puzzle:b1b1678a4f290c8ab2b85f957a0cdbba93ef0c97d1e7ab4663e46e92ebac70e8,32,0.8248384286531816,0.8248384286531816,0.0
livebench_selected,MistralSmall119B,zebra_puzzle:b1b1678a4f290c8ab2b85f957a0cdbba93ef0c97d1e7ab4663e46e92ebac70e8,48,0.9035937326409202,0.9035937326409202,0.0
livebench_selected,MistralSmall119B,zebra_puzzle:bd14ba82d1fe813dcdf6c16f0f868e5f3fe92e4cee9cf5eb3fd5cb6f03d68517,1,0.25,0.25,0.0
livebench_selected,MistralSmall119B,zebra_puzzle:bd14ba82d1fe813dcdf6c16f0f868e5f3fe92e4cee9cf5eb3fd5cb6f03d68517,2,0.224826388888889,0.224826388888889,0.0
livebench_selected,MistralSmall119B,zebra_puzzle:bd14ba82d1fe813dcdf6c16f0f868e5f3fe92e4cee9cf5eb3fd5cb6f03d68517,4,0.2312942316502702,0.2312942316502702,0.0
livebench_selected,MistralSmall119B,zebra_puzzle:bd14ba82d1fe813dcdf6c16f0f868e5f3fe92e4cee9cf5eb3fd5cb6f03d68517,8,0.3038231005593076,0.3038231005593076,0.0
livebench_selected,MistralSmall119B,zebra_puzzle:bd14ba82d1fe813dcdf6c16f0f868e5f3fe92e4cee9cf5eb3fd5cb6f03d68517,16,0.4443592920240099,0.4443592920240099,0.0
livebench_selected,MistralSmall119B,zebra_puzzle:bd14ba82d1fe813dcdf6c16f0f868e5f3fe92e4cee9cf5eb3fd5cb6f03d68517,32,0.619894024247674,0.619894024247674,0.0
livebench_selected,MistralSmall119B,zebra_puzzle:bd14ba82d1fe813dcdf6c16f0f868e5f3fe92e4cee9cf5eb3fd5cb6f03d68517,48,0.7205069512822226,0.7205069512822226,0.0
livebench_selected,MistralSmall119B,zebra_puzzle:d977e70d05f737b3df36dbe997420820c43a0c43cfb0ff32290d45667b53987d,1,0.3125,0.3125,0.0
livebench_selected,MistralSmall119B,zebra_puzzle:d977e70d05f737b3df36dbe997420820c43a0c43cfb0ff32290d45667b53987d,2,0.3337673611111115,0.3337673611111115,0.0
livebench_selected,MistralSmall119B,zebra_puzzle:d977e70d05f737b3df36dbe997420820c43a0c43cfb0ff32290d45667b53987d,4,0.37581399046344577,0.37581399046344577,0.0
livebench_selected,MistralSmall119B,zebra_puzzle:d977e70d05f737b3df36dbe997420820c43a0c43cfb0ff32290d45667b53987d,8,0.4684222595750367,0.4684222595750367,0.0
livebench_selected,MistralSmall119B,zebra_puzzle:d977e70d05f737b3df36dbe997420820c43a0c43cfb0ff32290d45667b53987d,16,0.5877149252178009,0.5877149252178009,0.0
livebench_selected,MistralSmall119B,zebra_puzzle:d977e70d05f737b3df36dbe997420820c43a0c43cfb0ff32290d45667b53987d,32,0.6922245122313202,0.6922245122313202,0.0
livebench_selected,MistralSmall119B,zebra_puzzle:d977e70d05f737b3df36dbe997420820c43a0c43cfb0ff32290d45667b53987d,48,0.7514229009294772,0.7514229009294772,0.0
livebench_selected,MistralSmall119B,zebra_puzzle:fe37c4db2b25d85eb28bc39dc6c978c002216c9e26227d7a9389abad0dd230f0,1,0.25,0.25,0.0
livebench_selected,MistralSmall119B,zebra_puzzle:fe37c4db2b25d85eb28bc39dc6c978c002216c9e26227d7a9389abad0dd230f0,2,0.1822916666666668,0.1822916666666668,0.0
livebench_selected,MistralSmall119B,zebra_puzzle:fe37c4db2b25d85eb28bc39dc6c978c002216c9e26227d7a9389abad0dd230f0,4,0.1735116464120372,0.1735116464120372,0.0
livebench_selected,MistralSmall119B,zebra_puzzle:fe37c4db2b25d85eb28bc39dc6c978c002216c9e26227d7a9389abad0dd230f0,8,0.19534026263481874,0.19534026263481874,0.0
livebench_selected,MistralSmall119B,zebra_puzzle:fe37c4db2b25d85eb28bc39dc6c978c002216c9e26227d7a9389abad0dd230f0,16,0.2923491307496608,0.2923491307496608,0.0
livebench_selected,MistralSmall119B,zebra_puzzle:fe37c4db2b25d85eb28bc39dc6c978c002216c9e26227d7a9389abad0dd230f0,32,0.49032850252138577,0.49032850252138577,0.0
livebench_selected,MistralSmall119B,zebra_puzzle:fe37c4db2b25d85eb28bc39dc6c978c002216c9e26227d7a9389abad0dd230f0,48,0.6359889982316935,0.6359889982316935,0.0
livebench_selected,Mixtral8x7B,paraphrase:693c559e842aadf93ddcaba5f140c97aac1419c23fda3c1038c7a690c13b1213,1,0.0,0.0,0.0
livebench_selected,Mixtral8x7B,paraphrase:693c559e842aadf93ddcaba5f140c97aac1419c23fda3c1038c7a690c13b1213,2,0.0,0.0,0.0
livebench_selected,Mixtral8x7B,paraphrase:693c559e842aadf93ddcaba5f140c97aac1419c23fda3c1038c7a690c13b1213,4,0.0,0.0,0.0
livebench_selected,Mixtral8x7B,paraphrase:693c559e842aadf93ddcaba5f140c97aac1419c23fda3c1038c7a690c13b1213,8,0.0,0.0,0.0
livebench_selected,Mixtral8x7B,paraphrase:693c559e842aadf93ddcaba5f140c97aac1419c23fda3c1038c7a690c13b1213,16,0.0,0.0,0.0
livebench_selected,Mixtral8x7B,paraphrase:693c559e842aadf93ddcaba5f140c97aac1419c23fda3c1038c7a690c13b1213,32,0.0,0.0,0.0
livebench_selected,Mixtral8x7B,paraphrase:693c559e842aadf93ddcaba5f140c97aac1419c23fda3c1038c7a690c13b1213,48,0.0,0.0,0.0
livebench_selected,Mixtral8x7B,paraphrase:91b1079c3dd6f0c003bb20f34f3783141cbc55926e6e3001ba18eaba3acc169e,1,0.4583333333333333,0.4583333333333333,0.0
livebench_selected,Mixtral8x7B,paraphrase:91b1079c3dd6f0c003bb20f34f3783141cbc55926e6e3001ba18eaba3acc169e,2,0.5668402777777775,0.5668402777777775,0.0
livebench_selected,Mixtral8x7B,paraphrase:91b1079c3dd6f0c003bb20f34f3783141cbc55926e6e3001ba18eaba3acc169e,4,0.6249340669608404,0.6249340669608404,0.0
livebench_selected,Mixtral8x7B,paraphrase:91b1079c3dd6f0c003bb20f34f3783141cbc55926e6e3001ba18eaba3acc169e,8,0.6547491108703257,0.6547491108703257,0.0
livebench_selected,Mixtral8x7B,paraphrase:91b1079c3dd6f0c003bb20f34f3783141cbc55926e6e3001ba18eaba3acc169e,16,0.6390103681688707,0.6390103681688707,0.0
livebench_selected,Mixtral8x7B,paraphrase:91b1079c3dd6f0c003bb20f34f3783141cbc55926e6e3001ba18eaba3acc169e,32,0.4998174568177099,0.4998174568177099,0.0
livebench_selected,Mixtral8x7B,paraphrase:91b1079c3dd6f0c003bb20f34f3783141cbc55926e6e3001ba18eaba3acc169e,48,0.362738074475955,0.362738074475955,0.0
livebench_selected,Mixtral8x7B,paraphrase:d2adc0a1fad83dc359b9b10550d05c3b551685dbd85ca6f9f68721a7ecdc4785,1,0.0,0.0,0.0
livebench_selected,Mixtral8x7B,paraphrase:d2adc0a1fad83dc359b9b10550d05c3b551685dbd85ca6f9f68721a7ecdc4785,2,0.0,0.0,0.0
livebench_selected,Mixtral8x7B,paraphrase:d2adc0a1fad83dc359b9b10550d05c3b551685dbd85ca6f9f68721a7ecdc4785,4,0.0,0.0,0.0
livebench_selected,Mixtral8x7B,paraphrase:d2adc0a1fad83dc359b9b10550d05c3b551685dbd85ca6f9f68721a7ecdc4785,8,0.0,0.0,0.0
livebench_selected,Mixtral8x7B,paraphrase:d2adc0a1fad83dc359b9b10550d05c3b551685dbd85ca6f9f68721a7ecdc4785,16,0.0,0.0,0.0
livebench_selected,Mixtral8x7B,paraphrase:d2adc0a1fad83dc359b9b10550d05c3b551685dbd85ca6f9f68721a7ecdc4785,32,0.0,0.0,0.0
livebench_selected,Mixtral8x7B,paraphrase:d2adc0a1fad83dc359b9b10550d05c3b551685dbd85ca6f9f68721a7ecdc4785,48,0.0,0.0,0.0
livebench_selected,Mixtral8x7B,paraphrase:da578f206820d6be4519d710c3872a4c217f97f111b1f09c89b8e9ad675ce88d,1,0.4791666666666667,0.4791666666666667,0.0
livebench_selected,Mixtral8x7B,paraphrase:da578f206820d6be4519d710c3872a4c217f97f111b1f09c89b8e9ad675ce88d,2,0.5516493055555555,0.5516493055555555,0.0
livebench_selected,Mixtral8x7B,paraphrase:da578f206820d6be4519d710c3872a4c217f97f111b1f09c89b8e9ad675ce88d,4,0.5919481442298418,0.5919481442298418,0.0
livebench_selected,Mixtral8x7B,paraphrase:da578f206820d6be4519d710c3872a4c217f97f111b1f09c89b8e9ad675ce88d,8,0.5972472777918553,0.5972472777918553,0.0
livebench_selected,Mixtral8x7B,paraphrase:da578f206820d6be4519d710c3872a4c217f97f111b1f09c89b8e9ad675ce88d,16,0.6080559302062789,0.6080559302062789,0.0
livebench_selected,Mixtral8x7B,paraphrase:da578f206820d6be4519d710c3872a4c217f97f111b1f09c89b8e9ad675ce88d,32,0.6647392433667747,0.6647392433667747,0.0
livebench_selected,Mixtral8x7B,paraphrase:da578f206820d6be4519d710c3872a4c217f97f111b1f09c89b8e9ad675ce88d,48,0.732365324549455,0.732365324549455,0.0
livebench_selected,Mixtral8x7B,paraphrase:f3472a74bc480a915c2a3875c505fd5b3ebe475d25cefdae9447002ed88b0106,1,0.0,0.0,0.0
livebench_selected,Mixtral8x7B,paraphrase:f3472a74bc480a915c2a3875c505fd5b3ebe475d25cefdae9447002ed88b0106,2,0.0,0.0,0.0
livebench_selected,Mixtral8x7B,paraphrase:f3472a74bc480a915c2a3875c505fd5b3ebe475d25cefdae9447002ed88b0106,4,0.0,0.0,0.0
livebench_selected,Mixtral8x7B,paraphrase:f3472a74bc480a915c2a3875c505fd5b3ebe475d25cefdae9447002ed88b0106,8,0.0,0.0,0.0
livebench_selected,Mixtral8x7B,paraphrase:f3472a74bc480a915c2a3875c505fd5b3ebe475d25cefdae9447002ed88b0106,16,0.0,0.0,0.0
livebench_selected,Mixtral8x7B,paraphrase:f3472a74bc480a915c2a3875c505fd5b3ebe475d25cefdae9447002ed88b0106,32,0.0,0.0,0.0
livebench_selected,Mixtral8x7B,paraphrase:f3472a74bc480a915c2a3875c505fd5b3ebe475d25cefdae9447002ed88b0106,48,0.0,0.0,0.0
livebench_selected,Mixtral8x7B,paraphrase:f4cbfc58a683894a66b028420969bb75a35fe4acda1bd3dce0024062c11b2041,1,0.16666666666666666,0.16666666666666666,0.0
livebench_selected,Mixtral8x7B,paraphrase:f4cbfc58a683894a66b028420969bb75a35fe4acda1bd3dce0024062c11b2041,2,0.11631944444444456,0.11631944444444456,0.0
livebench_selected,Mixtral8x7B,paraphrase:f4cbfc58a683894a66b028420969bb75a35fe4acda1bd3dce0024062c11b2041,4,0.06131847993827171,0.06131847993827171,0.0
livebench_selected,Mixtral8x7B,paraphrase:f4cbfc58a683894a66b028420969bb75a35fe4acda1bd3dce0024062c11b2041,8,0.02651536843409142,0.02651536843409142,0.0
livebench_selected,Mixtral8x7B,paraphrase:f4cbfc58a683894a66b028420969bb75a35fe4acda1bd3dce0024062c11b2041,16,0.005529004053198249,0.005529004053198249,0.0
livebench_selected,Mixtral8x7B,paraphrase:f4cbfc58a683894a66b028420969bb75a35fe4acda1bd3dce0024062c11b2041,32,0.00014094726144472296,0.00014094726144472296,0.0
livebench_selected,Mixtral8x7B,paraphrase:f4cbfc58a683894a66b028420969bb75a35fe4acda1bd3dce0024062c11b2041,48,2.7438285224293985e-06,2.7438285224293985e-06,0.0
livebench_selected,Mixtral8x7B,tablereformat:09752b3d3e355017282301de1735bd903221368e1fadf3e64aa9594ef7730e62,1,0.0,0.0,0.0
livebench_selected,Mixtral8x7B,tablereformat:09752b3d3e355017282301de1735bd903221368e1fadf3e64aa9594ef7730e62,2,0.0,0.0,0.0
livebench_selected,Mixtral8x7B,tablereformat:09752b3d3e355017282301de1735bd903221368e1fadf3e64aa9594ef7730e62,4,0.0,0.0,0.0
livebench_selected,Mixtral8x7B,tablereformat:09752b3d3e355017282301de1735bd903221368e1fadf3e64aa9594ef7730e62,8,0.0,0.0,0.0
livebench_selected,Mixtral8x7B,tablereformat:09752b3d3e355017282301de1735bd903221368e1fadf3e64aa9594ef7730e62,16,0.0,0.0,0.0
livebench_selected,Mixtral8x7B,tablereformat:09752b3d3e355017282301de1735bd903221368e1fadf3e64aa9594ef7730e62,32,0.0,0.0,0.0
livebench_selected,Mixtral8x7B,tablereformat:09752b3d3e355017282301de1735bd903221368e1fadf3e64aa9594ef7730e62,48,0.0,0.0,0.0
livebench_selected,Mixtral8x7B,tablereformat:56ace477670fa1527771dc1a4f2babac3b704f1c313b8981a53ce892f55b6c05,1,0.0,0.0,0.0
livebench_selected,Mixtral8x7B,tablereformat:56ace477670fa1527771dc1a4f2babac3b704f1c313b8981a53ce892f55b6c05,2,0.0,0.0,0.0
livebench_selected,Mixtral8x7B,tablereformat:56ace477670fa1527771dc1a4f2babac3b704f1c313b8981a53ce892f55b6c05,4,0.0,0.0,0.0
livebench_selected,Mixtral8x7B,tablereformat:56ace477670fa1527771dc1a4f2babac3b704f1c313b8981a53ce892f55b6c05,8,0.0,0.0,0.0
livebench_selected,Mixtral8x7B,tablereformat:56ace477670fa1527771dc1a4f2babac3b704f1c313b8981a53ce892f55b6c05,16,0.0,0.0,0.0
livebench_selected,Mixtral8x7B,tablereformat:56ace477670fa1527771dc1a4f2babac3b704f1c313b8981a53ce892f55b6c05,32,0.0,0.0,0.0
livebench_selected,Mixtral8x7B,tablereformat:56ace477670fa1527771dc1a4f2babac3b704f1c313b8981a53ce892f55b6c05,48,0.0,0.0,0.0
livebench_selected,Mixtral8x7B,tablereformat:57772b38ab8d4f9f2e30d5e0cca6e007f228786523ed027bdbf37b59fe20e3b1,1,0.0,0.0,0.0
livebench_selected,Mixtral8x7B,tablereformat:57772b38ab8d4f9f2e30d5e0cca6e007f228786523ed027bdbf37b59fe20e3b1,2,0.0,0.0,0.0
livebench_selected,Mixtral8x7B,tablereformat:57772b38ab8d4f9f2e30d5e0cca6e007f228786523ed027bdbf37b59fe20e3b1,4,0.0,0.0,0.0
livebench_selected,Mixtral8x7B,tablereformat:57772b38ab8d4f9f2e30d5e0cca6e007f228786523ed027bdbf37b59fe20e3b1,8,0.0,0.0,0.0
livebench_selected,Mixtral8x7B,tablereformat:57772b38ab8d4f9f2e30d5e0cca6e007f228786523ed027bdbf37b59fe20e3b1,16,0.0,0.0,0.0
livebench_selected,Mixtral8x7B,tablereformat:57772b38ab8d4f9f2e30d5e0cca6e007f228786523ed027bdbf37b59fe20e3b1,32,0.0,0.0,0.0
livebench_selected,Mixtral8x7B,tablereformat:57772b38ab8d4f9f2e30d5e0cca6e007f228786523ed027bdbf37b59fe20e3b1,48,0.0,0.0,0.0
livebench_selected,Mixtral8x7B,tablereformat:8b25c07592f100c7c61af45d3de6eec07f4996d0a211f613cc1e224db02bba4c,1,0.0,0.0,0.0
livebench_selected,Mixtral8x7B,tablereformat:8b25c07592f100c7c61af45d3de6eec07f4996d0a211f613cc1e224db02bba4c,2,0.0,0.0,0.0
livebench_selected,Mixtral8x7B,tablereformat:8b25c07592f100c7c61af45d3de6eec07f4996d0a211f613cc1e224db02bba4c,4,0.0,0.0,0.0
livebench_selected,Mixtral8x7B,tablereformat:8b25c07592f100c7c61af45d3de6eec07f4996d0a211f613cc1e224db02bba4c,8,0.0,0.0,0.0
livebench_selected,Mixtral8x7B,tablereformat:8b25c07592f100c7c61af45d3de6eec07f4996d0a211f613cc1e224db02bba4c,16,0.0,0.0,0.0
livebench_selected,Mixtral8x7B,tablereformat:8b25c07592f100c7c61af45d3de6eec07f4996d0a211f613cc1e224db02bba4c,32,0.0,0.0,0.0
livebench_selected,Mixtral8x7B,tablereformat:8b25c07592f100c7c61af45d3de6eec07f4996d0a211f613cc1e224db02bba4c,48,0.0,0.0,0.0
livebench_selected,Mixtral8x7B,tablereformat:ce1fa8f673c3d33b3986e4f4f148ab1a11e42cd2b7f15390f0f4f2acb530a6e3,1,0.0,0.0,0.0
livebench_selected,Mixtral8x7B,tablereformat:ce1fa8f673c3d33b3986e4f4f148ab1a11e42cd2b7f15390f0f4f2acb530a6e3,2,0.0,0.0,0.0
livebench_selected,Mixtral8x7B,tablereformat:ce1fa8f673c3d33b3986e4f4f148ab1a11e42cd2b7f15390f0f4f2acb530a6e3,4,0.0,0.0,0.0
livebench_selected,Mixtral8x7B,tablereformat:ce1fa8f673c3d33b3986e4f4f148ab1a11e42cd2b7f15390f0f4f2acb530a6e3,8,0.0,0.0,0.0
livebench_selected,Mixtral8x7B,tablereformat:ce1fa8f673c3d33b3986e4f4f148ab1a11e42cd2b7f15390f0f4f2acb530a6e3,16,0.0,0.0,0.0
livebench_selected,Mixtral8x7B,tablereformat:ce1fa8f673c3d33b3986e4f4f148ab1a11e42cd2b7f15390f0f4f2acb530a6e3,32,0.0,0.0,0.0
livebench_selected,Mixtral8x7B,tablereformat:ce1fa8f673c3d33b3986e4f4f148ab1a11e42cd2b7f15390f0f4f2acb530a6e3,48,0.0,0.0,0.0
livebench_selected,Mixtral8x7B,tablereformat:e114ea800daa6938bd7bbc29c6fde32844324662764b5cb63d7e4e78c3b66c65,1,0.0,0.0,0.0
livebench_selected,Mixtral8x7B,tablereformat:e114ea800daa6938bd7bbc29c6fde32844324662764b5cb63d7e4e78c3b66c65,2,0.0,0.0,0.0
livebench_selected,Mixtral8x7B,tablereformat:e114ea800daa6938bd7bbc29c6fde32844324662764b5cb63d7e4e78c3b66c65,4,0.0,0.0,0.0
livebench_selected,Mixtral8x7B,tablereformat:e114ea800daa6938bd7bbc29c6fde32844324662764b5cb63d7e4e78c3b66c65,8,0.0,0.0,0.0
livebench_selected,Mixtral8x7B,tablereformat:e114ea800daa6938bd7bbc29c6fde32844324662764b5cb63d7e4e78c3b66c65,16,0.0,0.0,0.0
livebench_selected,Mixtral8x7B,tablereformat:e114ea800daa6938bd7bbc29c6fde32844324662764b5cb63d7e4e78c3b66c65,32,0.0,0.0,0.0
livebench_selected,Mixtral8x7B,tablereformat:e114ea800daa6938bd7bbc29c6fde32844324662764b5cb63d7e4e78c3b66c65,48,0.0,0.0,0.0
livebench_selected,Mixtral8x7B,tablereformat:eb8aebddc3e1eff35a92de9e8306dfcfebd25201eefda2921b830226b5347dc5,1,0.0,0.0,0.0
livebench_selected,Mixtral8x7B,tablereformat:eb8aebddc3e1eff35a92de9e8306dfcfebd25201eefda2921b830226b5347dc5,2,0.0,0.0,0.0
livebench_selected,Mixtral8x7B,tablereformat:eb8aebddc3e1eff35a92de9e8306dfcfebd25201eefda2921b830226b5347dc5,4,0.0,0.0,0.0
livebench_selected,Mixtral8x7B,tablereformat:eb8aebddc3e1eff35a92de9e8306dfcfebd25201eefda2921b830226b5347dc5,8,0.0,0.0,0.0
livebench_selected,Mixtral8x7B,tablereformat:eb8aebddc3e1eff35a92de9e8306dfcfebd25201eefda2921b830226b5347dc5,16,0.0,0.0,0.0
livebench_selected,Mixtral8x7B,tablereformat:eb8aebddc3e1eff35a92de9e8306dfcfebd25201eefda2921b830226b5347dc5,32,0.0,0.0,0.0
livebench_selected,Mixtral8x7B,tablereformat:eb8aebddc3e1eff35a92de9e8306dfcfebd25201eefda2921b830226b5347dc5,48,0.0,0.0,0.0
livebench_selected,Mixtral8x7B,zebra_puzzle:20d48b97e524cd64f82b0e4fb3c597a37bae1d9357e9b2c93aad96b4c70e098e,1,0.041666666666666664,0.041666666666666664,0.0
livebench_selected,Mixtral8x7B,zebra_puzzle:20d48b97e524cd64f82b0e4fb3c597a37bae1d9357e9b2c93aad96b4c70e098e,2,0.039062500000000014,0.039062500000000014,0.0
livebench_selected,Mixtral8x7B,zebra_puzzle:20d48b97e524cd64f82b0e4fb3c597a37bae1d9357e9b2c93aad96b4c70e098e,4,0.03711276584201396,0.03711276584201396,0.0
livebench_selected,Mixtral8x7B,zebra_puzzle:20d48b97e524cd64f82b0e4fb3c597a37bae1d9357e9b2c93aad96b4c70e098e,8,0.024535609335754893,0.024535609335754893,0.0
livebench_selected,Mixtral8x7B,zebra_puzzle:20d48b97e524cd64f82b0e4fb3c597a37bae1d9357e9b2c93aad96b4c70e098e,16,0.005514426472441588,0.005514426472441588,0.0
livebench_selected,Mixtral8x7B,zebra_puzzle:20d48b97e524cd64f82b0e4fb3c597a37bae1d9357e9b2c93aad96b4c70e098e,32,0.000140946633995251,0.000140946633995251,0.0
livebench_selected,Mixtral8x7B,zebra_puzzle:20d48b97e524cd64f82b0e4fb3c597a37bae1d9357e9b2c93aad96b4c70e098e,48,2.7438285007734448e-06,2.7438285007734448e-06,0.0
livebench_selected,Mixtral8x7B,zebra_puzzle:743aa0ae2d518d95d45ab8b77a7e9ffde5a03c07da8a6af9e81a4e3689aeef0c,1,0.020833333333333332,0.020833333333333332,0.0
livebench_selected,Mixtral8x7B,zebra_puzzle:743aa0ae2d518d95d45ab8b77a7e9ffde5a03c07da8a6af9e81a4e3689aeef0c,2,0.003038194444444444,0.003038194444444444,0.0
livebench_selected,Mixtral8x7B,zebra_puzzle:743aa0ae2d518d95d45ab8b77a7e9ffde5a03c07da8a6af9e81a4e3689aeef0c,4,3.29665195794753e-05,3.29665195794753e-05,0.0
livebench_selected,Mixtral8x7B,zebra_puzzle:743aa0ae2d518d95d45ab8b77a7e9ffde5a03c07da8a6af9e81a4e3689aeef0c,8,2.0928497499599076e-09,2.0928497499599076e-09,0.0
livebench_selected,Mixtral8x7B,zebra_puzzle:743aa0ae2d518d95d45ab8b77a7e9ffde5a03c07da8a6af9e81a4e3689aeef0c,16,5.354579184615259e-18,5.354579184615259e-18,0.0
livebench_selected,Mixtral8x7B,zebra_puzzle:743aa0ae2d518d95d45ab8b77a7e9ffde5a03c07da8a6af9e81a4e3689aeef0c,32,2.925206288278557e-35,2.925206288278557e-35,0.0
livebench_selected,Mixtral8x7B,zebra_puzzle:743aa0ae2d518d95d45ab8b77a7e9ffde5a03c07da8a6af9e81a4e3689aeef0c,48,1.5823398021953653e-52,1.5823398021953653e-52,0.0
livebench_selected,Mixtral8x7B,zebra_puzzle:84650f1042abf3d267bb79b6d1e1d899d27327a11ab81f1079121734a68306b1,1,0.020833333333333332,0.020833333333333332,0.0
livebench_selected,Mixtral8x7B,zebra_puzzle:84650f1042abf3d267bb79b6d1e1d899d27327a11ab81f1079121734a68306b1,2,0.022135416666666574,0.022135416666666574,0.0
livebench_selected,Mixtral8x7B,zebra_puzzle:84650f1042abf3d267bb79b6d1e1d899d27327a11ab81f1079121734a68306b1,4,0.012499208803530046,0.012499208803530046,0.0
livebench_selected,Mixtral8x7B,zebra_puzzle:84650f1042abf3d267bb79b6d1e1d899d27327a11ab81f1079121734a68306b1,8,0.00199576330888176,0.00199576330888176,0.0
livebench_selected,Mixtral8x7B,zebra_puzzle:84650f1042abf3d267bb79b6d1e1d899d27327a11ab81f1079121734a68306b1,16,2.559677521529473e-05,2.559677521529473e-05,0.0
livebench_selected,Mixtral8x7B,zebra_puzzle:84650f1042abf3d267bb79b6d1e1d899d27327a11ab81f1079121734a68306b1,32,2.1562463950922807e-09,2.1562463950922807e-09,0.0
livebench_selected,Mixtral8x7B,zebra_puzzle:84650f1042abf3d267bb79b6d1e1d899d27327a11ab81f1079121734a68306b1,48,1.4042272695452932e-13,1.4042272695452932e-13,0.0
livebench_selected,Mixtral8x7B,zebra_puzzle:b1b1678a4f290c8ab2b85f957a0cdbba93ef0c97d1e7ab4663e46e92ebac70e8,1,0.041666666666666664,0.041666666666666664,0.0
livebench_selected,Mixtral8x7B,zebra_puzzle:b1b1678a4f290c8ab2b85f957a0cdbba93ef0c97d1e7ab4663e46e92ebac70e8,2,0.024305555555555605,0.024305555555555605,0.0
livebench_selected,Mixtral8x7B,zebra_puzzle:b1b1678a4f290c8ab2b85f957a0cdbba93ef0c97d1e7ab4663e46e92ebac70e8,4,0.011118947723765458,0.011118947723765458,0.0
livebench_selected,Mixtral8x7B,zebra_puzzle:b1b1678a4f290c8ab2b85f957a0cdbba93ef0c97d1e7ab4663e46e92ebac70e8,8,0.0015086487226325617,0.0015086487226325617,0.0
livebench_selected,Mixtral8x7B,zebra_puzzle:b1b1678a4f290c8ab2b85f957a0cdbba93ef0c97d1e7ab4663e46e92ebac70e8,16,1.4062316448738612e-05,1.4062316448738612e-05,0.0
livebench_selected,Mixtral8x7B,zebra_puzzle:b1b1678a4f290c8ab2b85f957a0cdbba93ef0c97d1e7ab4663e46e92ebac70e8,32,6.268965847470036e-10,6.268965847470036e-10,0.0
livebench_selected,Mixtral8x7B,zebra_puzzle:b1b1678a4f290c8ab2b85f957a0cdbba93ef0c97d1e7ab4663e46e92ebac70e8,48,2.1655439096021636e-14,2.1655439096021636e-14,0.0
livebench_selected,Mixtral8x7B,zebra_puzzle:bd14ba82d1fe813dcdf6c16f0f868e5f3fe92e4cee9cf5eb3fd5cb6f03d68517,1,0.0,0.0,0.0
livebench_selected,Mixtral8x7B,zebra_puzzle:bd14ba82d1fe813dcdf6c16f0f868e5f3fe92e4cee9cf5eb3fd5cb6f03d68517,2,0.0,0.0,0.0
livebench_selected,Mixtral8x7B,zebra_puzzle:bd14ba82d1fe813dcdf6c16f0f868e5f3fe92e4cee9cf5eb3fd5cb6f03d68517,4,0.0,0.0,0.0
livebench_selected,Mixtral8x7B,zebra_puzzle:bd14ba82d1fe813dcdf6c16f0f868e5f3fe92e4cee9cf5eb3fd5cb6f03d68517,8,0.0,0.0,0.0
livebench_selected,Mixtral8x7B,zebra_puzzle:bd14ba82d1fe813dcdf6c16f0f868e5f3fe92e4cee9cf5eb3fd5cb6f03d68517,16,0.0,0.0,0.0
livebench_selected,Mixtral8x7B,zebra_puzzle:bd14ba82d1fe813dcdf6c16f0f868e5f3fe92e4cee9cf5eb3fd5cb6f03d68517,32,0.0,0.0,0.0
livebench_selected,Mixtral8x7B,zebra_puzzle:bd14ba82d1fe813dcdf6c16f0f868e5f3fe92e4cee9cf5eb3fd5cb6f03d68517,48,0.0,0.0,0.0
livebench_selected,Mixtral8x7B,zebra_puzzle:d977e70d05f737b3df36dbe997420820c43a0c43cfb0ff32290d45667b53987d,1,0.0,0.0,0.0
livebench_selected,Mixtral8x7B,zebra_puzzle:d977e70d05f737b3df36dbe997420820c43a0c43cfb0ff32290d45667b53987d,2,0.0,0.0,0.0
livebench_selected,Mixtral8x7B,zebra_puzzle:d977e70d05f737b3df36dbe997420820c43a0c43cfb0ff32290d45667b53987d,4,0.0,0.0,0.0
livebench_selected,Mixtral8x7B,zebra_puzzle:d977e70d05f737b3df36dbe997420820c43a0c43cfb0ff32290d45667b53987d,8,0.0,0.0,0.0
livebench_selected,Mixtral8x7B,zebra_puzzle:d977e70d05f737b3df36dbe997420820c43a0c43cfb0ff32290d45667b53987d,16,0.0,0.0,0.0
livebench_selected,Mixtral8x7B,zebra_puzzle:d977e70d05f737b3df36dbe997420820c43a0c43cfb0ff32290d45667b53987d,32,0.0,0.0,0.0
livebench_selected,Mixtral8x7B,zebra_puzzle:d977e70d05f737b3df36dbe997420820c43a0c43cfb0ff32290d45667b53987d,48,0.0,0.0,0.0
livebench_selected,Mixtral8x7B,zebra_puzzle:fe37c4db2b25d85eb28bc39dc6c978c002216c9e26227d7a9389abad0dd230f0,1,0.020833333333333332,0.020833333333333332,0.0
livebench_selected,Mixtral8x7B,zebra_puzzle:fe37c4db2b25d85eb28bc39dc6c978c002216c9e26227d7a9389abad0dd230f0,2,0.03515624999999989,0.03515624999999989,0.0
livebench_selected,Mixtral8x7B,zebra_puzzle:fe37c4db2b25d85eb28bc39dc6c978c002216c9e26227d7a9389abad0dd230f0,4,0.05006408691406228,0.05006408691406228,0.0
livebench_selected,Mixtral8x7B,zebra_puzzle:fe37c4db2b25d85eb28bc39dc6c978c002216c9e26227d7a9389abad0dd230f0,8,0.05079353366472544,0.05079353366472544,0.0
livebench_selected,Mixtral8x7B,zebra_puzzle:fe37c4db2b25d85eb28bc39dc6c978c002216c9e26227d7a9389abad0dd230f0,16,0.02620588813543228,0.02620588813543228,0.0
livebench_selected,Mixtral8x7B,zebra_puzzle:fe37c4db2b25d85eb28bc39dc6c978c002216c9e26227d7a9389abad0dd230f0,32,0.003521591116301977,0.003521591116301977,0.0
livebench_selected,Mixtral8x7B,zebra_puzzle:fe37c4db2b25d85eb28bc39dc6c978c002216c9e26227d7a9389abad0dd230f0,48,0.0003594271960848144,0.0003594271960848144,0.0
livebench_selected,Ministral14B,paraphrase:693c559e842aadf93ddcaba5f140c97aac1419c23fda3c1038c7a690c13b1213,1,0.0625,0.0625,0.0
livebench_selected,Ministral14B,paraphrase:693c559e842aadf93ddcaba5f140c97aac1419c23fda3c1038c7a690c13b1213,2,0.08810763888888873,0.08810763888888873,0.0
livebench_selected,Ministral14B,paraphrase:693c559e842aadf93ddcaba5f140c97aac1419c23fda3c1038c7a690c13b1213,4,0.11071306393470297,0.11071306393470297,0.0
livebench_selected,Ministral14B,paraphrase:693c559e842aadf93ddcaba5f140c97aac1419c23fda3c1038c7a690c13b1213,8,0.16134824192256061,0.16134824192256061,0.0
livebench_selected,Ministral14B,paraphrase:693c559e842aadf93ddcaba5f140c97aac1419c23fda3c1038c7a690c13b1213,16,0.28614830270199665,0.28614830270199665,0.0
livebench_selected,Ministral14B,paraphrase:693c559e842aadf93ddcaba5f140c97aac1419c23fda3c1038c7a690c13b1213,32,0.49018595122277675,0.49018595122277675,0.0
livebench_selected,Ministral14B,paraphrase:693c559e842aadf93ddcaba5f140c97aac1419c23fda3c1038c7a690c13b1213,48,0.6359862515407968,0.6359862515407968,0.0
livebench_selected,Ministral14B,paraphrase:91b1079c3dd6f0c003bb20f34f3783141cbc55926e6e3001ba18eaba3acc169e,1,0.2708333333333333,0.2708333333333333,0.0
livebench_selected,Ministral14B,paraphrase:91b1079c3dd6f0c003bb20f34f3783141cbc55926e6e3001ba18eaba3acc169e,2,0.32074652777777796,0.32074652777777796,0.0
livebench_selected,Ministral14B,paraphrase:91b1079c3dd6f0c003bb20f34f3783141cbc55926e6e3001ba18eaba3acc169e,4,0.3165567657093945,0.3165567657093945,0.0
livebench_selected,Ministral14B,paraphrase:91b1079c3dd6f0c003bb20f34f3783141cbc55926e6e3001ba18eaba3acc169e,8,0.2859765020523969,0.2859765020523969,0.0
livebench_selected,Ministral14B,paraphrase:91b1079c3dd6f0c003bb20f34f3783141cbc55926e6e3001ba18eaba3acc169e,16,0.21625926828991238,0.21625926828991238,0.0
livebench_selected,Ministral14B,paraphrase:91b1079c3dd6f0c003bb20f34f3783141cbc55926e6e3001ba18eaba3acc169e,32,0.09955946861184298,0.09955946861184298,0.0
livebench_selected,Ministral14B,paraphrase:91b1079c3dd6f0c003bb20f34f3783141cbc55926e6e3001ba18eaba3acc169e,48,0.04019878829316836,0.04019878829316836,0.0
livebench_selected,Ministral14B,paraphrase:d2adc0a1fad83dc359b9b10550d05c3b551685dbd85ca6f9f68721a7ecdc4785,1,0.0,0.0,0.0
livebench_selected,Ministral14B,paraphrase:d2adc0a1fad83dc359b9b10550d05c3b551685dbd85ca6f9f68721a7ecdc4785,2,0.0,0.0,0.0
livebench_selected,Ministral14B,paraphrase:d2adc0a1fad83dc359b9b10550d05c3b551685dbd85ca6f9f68721a7ecdc4785,4,0.0,0.0,0.0
livebench_selected,Ministral14B,paraphrase:d2adc0a1fad83dc359b9b10550d05c3b551685dbd85ca6f9f68721a7ecdc4785,8,0.0,0.0,0.0
livebench_selected,Ministral14B,paraphrase:d2adc0a1fad83dc359b9b10550d05c3b551685dbd85ca6f9f68721a7ecdc4785,16,0.0,0.0,0.0
livebench_selected,Ministral14B,paraphrase:d2adc0a1fad83dc359b9b10550d05c3b551685dbd85ca6f9f68721a7ecdc4785,32,0.0,0.0,0.0
livebench_selected,Ministral14B,paraphrase:d2adc0a1fad83dc359b9b10550d05c3b551685dbd85ca6f9f68721a7ecdc4785,48,0.0,0.0,0.0
livebench_selected,Ministral14B,paraphrase:da578f206820d6be4519d710c3872a4c217f97f111b1f09c89b8e9ad675ce88d,1,0.14583333333333334,0.14583333333333334,0.0
livebench_selected,Ministral14B,paraphrase:da578f206820d6be4519d710c3872a4c217f97f111b1f09c89b8e9ad675ce88d,2,0.15321180555555564,0.15321180555555564,0.0
livebench_selected,Ministral14B,paraphrase:da578f206820d6be4519d710c3872a4c217f97f111b1f09c89b8e9ad675ce88d,4,0.13928316846305958,0.13928316846305958,0.0
livebench_selected,Ministral14B,paraphrase:da578f206820d6be4519d710c3872a4c217f97f111b1f09c89b8e9ad675ce88d,8,0.16547562197382962,0.16547562197382962,0.0
livebench_selected,Ministral14B,paraphrase:da578f206820d6be4519d710c3872a4c217f97f111b1f09c89b8e9ad675ce88d,16,0.28626192716263443,0.28626192716263443,0.0
livebench_selected,Ministral14B,paraphrase:da578f206820d6be4519d710c3872a4c217f97f111b1f09c89b8e9ad675ce88d,32,0.4901860795763483,0.4901860795763483,0.0
livebench_selected,Ministral14B,paraphrase:da578f206820d6be4519d710c3872a4c217f97f111b1f09c89b8e9ad675ce88d,48,0.6359862516433413,0.6359862516433413,0.0
livebench_selected,Ministral14B,paraphrase:f3472a74bc480a915c2a3875c505fd5b3ebe475d25cefdae9447002ed88b0106,1,0.0,0.0,0.0
livebench_selected,Ministral14B,paraphrase:f3472a74bc480a915c2a3875c505fd5b3ebe475d25cefdae9447002ed88b0106,2,0.0,0.0,0.0
livebench_selected,Ministral14B,paraphrase:f3472a74bc480a915c2a3875c505fd5b3ebe475d25cefdae9447002ed88b0106,4,0.0,0.0,0.0
livebench_selected,Ministral14B,paraphrase:f3472a74bc480a915c2a3875c505fd5b3ebe475d25cefdae9447002ed88b0106,8,0.0,0.0,0.0
livebench_selected,Ministral14B,paraphrase:f3472a74bc480a915c2a3875c505fd5b3ebe475d25cefdae9447002ed88b0106,16,0.0,0.0,0.0
livebench_selected,Ministral14B,paraphrase:f3472a74bc480a915c2a3875c505fd5b3ebe475d25cefdae9447002ed88b0106,32,0.0,0.0,0.0
livebench_selected,Ministral14B,paraphrase:f3472a74bc480a915c2a3875c505fd5b3ebe475d25cefdae9447002ed88b0106,48,0.0,0.0,0.0
livebench_selected,Ministral14B,paraphrase:f4cbfc58a683894a66b028420969bb75a35fe4acda1bd3dce0024062c11b2041,1,0.8333333333333334,0.8333333333333334,0.0
livebench_selected,Ministral14B,paraphrase:f4cbfc58a683894a66b028420969bb75a35fe4acda1bd3dce0024062c11b2041,2,0.8203125000000002,0.8203125000000002,0.0
livebench_selected,Ministral14B,paraphrase:f4cbfc58a683894a66b028420969bb75a35fe4acda1bd3dce0024062c11b2041,4,0.75864099573206,0.75864099573206,0.0
livebench_selected,Ministral14B,paraphrase:f4cbfc58a683894a66b028420969bb75a35fe4acda1bd3dce0024062c11b2041,8,0.6926883561134243,0.6926883561134243,0.0
livebench_selected,Ministral14B,paraphrase:f4cbfc58a683894a66b028420969bb75a35fe4acda1bd3dce0024062c11b2041,16,0.6197587604116093,0.6197587604116093,0.0
livebench_selected,Ministral14B,paraphrase:f4cbfc58a683894a66b028420969bb75a35fe4acda1bd3dce0024062c11b2041,32,0.48663790290406234,0.48663790290406234,0.0
livebench_selected,Ministral14B,paraphrase:f4cbfc58a683894a66b028420969bb75a35fe4acda1bd3dce0024062c11b2041,48,0.3594390021685167,0.3594390021685167,0.0
livebench_selected,Ministral14B,tablereformat:09752b3d3e355017282301de1735bd903221368e1fadf3e64aa9594ef7730e62,1,0.0,0.0,0.0
livebench_selected,Ministral14B,tablereformat:09752b3d3e355017282301de1735bd903221368e1fadf3e64aa9594ef7730e62,2,0.0,0.0,0.0
livebench_selected,Ministral14B,tablereformat:09752b3d3e355017282301de1735bd903221368e1fadf3e64aa9594ef7730e62,4,0.0,0.0,0.0
livebench_selected,Ministral14B,tablereformat:09752b3d3e355017282301de1735bd903221368e1fadf3e64aa9594ef7730e62,8,0.0,0.0,0.0
livebench_selected,Ministral14B,tablereformat:09752b3d3e355017282301de1735bd903221368e1fadf3e64aa9594ef7730e62,16,0.0,0.0,0.0
livebench_selected,Ministral14B,tablereformat:09752b3d3e355017282301de1735bd903221368e1fadf3e64aa9594ef7730e62,32,0.0,0.0,0.0
livebench_selected,Ministral14B,tablereformat:09752b3d3e355017282301de1735bd903221368e1fadf3e64aa9594ef7730e62,48,0.0,0.0,0.0
livebench_selected,Ministral14B,tablereformat:56ace477670fa1527771dc1a4f2babac3b704f1c313b8981a53ce892f55b6c05,1,0.0,0.0,0.0
livebench_selected,Ministral14B,tablereformat:56ace477670fa1527771dc1a4f2babac3b704f1c313b8981a53ce892f55b6c05,2,0.0,0.0,0.0
livebench_selected,Ministral14B,tablereformat:56ace477670fa1527771dc1a4f2babac3b704f1c313b8981a53ce892f55b6c05,4,0.0,0.0,0.0
livebench_selected,Ministral14B,tablereformat:56ace477670fa1527771dc1a4f2babac3b704f1c313b8981a53ce892f55b6c05,8,0.0,0.0,0.0
livebench_selected,Ministral14B,tablereformat:56ace477670fa1527771dc1a4f2babac3b704f1c313b8981a53ce892f55b6c05,16,0.0,0.0,0.0
livebench_selected,Ministral14B,tablereformat:56ace477670fa1527771dc1a4f2babac3b704f1c313b8981a53ce892f55b6c05,32,0.0,0.0,0.0
livebench_selected,Ministral14B,tablereformat:56ace477670fa1527771dc1a4f2babac3b704f1c313b8981a53ce892f55b6c05,48,0.0,0.0,0.0
livebench_selected,Ministral14B,tablereformat:57772b38ab8d4f9f2e30d5e0cca6e007f228786523ed027bdbf37b59fe20e3b1,1,0.0,0.0,0.0
livebench_selected,Ministral14B,tablereformat:57772b38ab8d4f9f2e30d5e0cca6e007f228786523ed027bdbf37b59fe20e3b1,2,0.0,0.0,0.0
livebench_selected,Ministral14B,tablereformat:57772b38ab8d4f9f2e30d5e0cca6e007f228786523ed027bdbf37b59fe20e3b1,4,0.0,0.0,0.0
livebench_selected,Ministral14B,tablereformat:57772b38ab8d4f9f2e30d5e0cca6e007f228786523ed027bdbf37b59fe20e3b1,8,0.0,0.0,0.0
livebench_selected,Ministral14B,tablereformat:57772b38ab8d4f9f2e30d5e0cca6e007f228786523ed027bdbf37b59fe20e3b1,16,0.0,0.0,0.0
livebench_selected,Ministral14B,tablereformat:57772b38ab8d4f9f2e30d5e0cca6e007f228786523ed027bdbf37b59fe20e3b1,32,0.0,0.0,0.0
livebench_selected,Ministral14B,tablereformat:57772b38ab8d4f9f2e30d5e0cca6e007f228786523ed027bdbf37b59fe20e3b1,48,0.0,0.0,0.0
livebench_selected,Ministral14B,tablereformat:8b25c07592f100c7c61af45d3de6eec07f4996d0a211f613cc1e224db02bba4c,1,0.0,0.0,0.0
livebench_selected,Ministral14B,tablereformat:8b25c07592f100c7c61af45d3de6eec07f4996d0a211f613cc1e224db02bba4c,2,0.0,0.0,0.0
livebench_selected,Ministral14B,tablereformat:8b25c07592f100c7c61af45d3de6eec07f4996d0a211f613cc1e224db02bba4c,4,0.0,0.0,0.0
livebench_selected,Ministral14B,tablereformat:8b25c07592f100c7c61af45d3de6eec07f4996d0a211f613cc1e224db02bba4c,8,0.0,0.0,0.0
livebench_selected,Ministral14B,tablereformat:8b25c07592f100c7c61af45d3de6eec07f4996d0a211f613cc1e224db02bba4c,16,0.0,0.0,0.0
livebench_selected,Ministral14B,tablereformat:8b25c07592f100c7c61af45d3de6eec07f4996d0a211f613cc1e224db02bba4c,32,0.0,0.0,0.0
livebench_selected,Ministral14B,tablereformat:8b25c07592f100c7c61af45d3de6eec07f4996d0a211f613cc1e224db02bba4c,48,0.0,0.0,0.0
livebench_selected,Ministral14B,tablereformat:ce1fa8f673c3d33b3986e4f4f148ab1a11e42cd2b7f15390f0f4f2acb530a6e3,1,0.0,0.0,0.0
livebench_selected,Ministral14B,tablereformat:ce1fa8f673c3d33b3986e4f4f148ab1a11e42cd2b7f15390f0f4f2acb530a6e3,2,0.0,0.0,0.0
livebench_selected,Ministral14B,tablereformat:ce1fa8f673c3d33b3986e4f4f148ab1a11e42cd2b7f15390f0f4f2acb530a6e3,4,0.0,0.0,0.0
livebench_selected,Ministral14B,tablereformat:ce1fa8f673c3d33b3986e4f4f148ab1a11e42cd2b7f15390f0f4f2acb530a6e3,8,0.0,0.0,0.0
livebench_selected,Ministral14B,tablereformat:ce1fa8f673c3d33b3986e4f4f148ab1a11e42cd2b7f15390f0f4f2acb530a6e3,16,0.0,0.0,0.0
livebench_selected,Ministral14B,tablereformat:ce1fa8f673c3d33b3986e4f4f148ab1a11e42cd2b7f15390f0f4f2acb530a6e3,32,0.0,0.0,0.0
livebench_selected,Ministral14B,tablereformat:ce1fa8f673c3d33b3986e4f4f148ab1a11e42cd2b7f15390f0f4f2acb530a6e3,48,0.0,0.0,0.0
livebench_selected,Ministral14B,tablereformat:e114ea800daa6938bd7bbc29c6fde32844324662764b5cb63d7e4e78c3b66c65,1,0.0,0.0,0.0
livebench_selected,Ministral14B,tablereformat:e114ea800daa6938bd7bbc29c6fde32844324662764b5cb63d7e4e78c3b66c65,2,0.0,0.0,0.0
livebench_selected,Ministral14B,tablereformat:e114ea800daa6938bd7bbc29c6fde32844324662764b5cb63d7e4e78c3b66c65,4,0.0,0.0,0.0
livebench_selected,Ministral14B,tablereformat:e114ea800daa6938bd7bbc29c6fde32844324662764b5cb63d7e4e78c3b66c65,8,0.0,0.0,0.0
livebench_selected,Ministral14B,tablereformat:e114ea800daa6938bd7bbc29c6fde32844324662764b5cb63d7e4e78c3b66c65,16,0.0,0.0,0.0
livebench_selected,Ministral14B,tablereformat:e114ea800daa6938bd7bbc29c6fde32844324662764b5cb63d7e4e78c3b66c65,32,0.0,0.0,0.0
livebench_selected,Ministral14B,tablereformat:e114ea800daa6938bd7bbc29c6fde32844324662764b5cb63d7e4e78c3b66c65,48,0.0,0.0,0.0
livebench_selected,Ministral14B,tablereformat:eb8aebddc3e1eff35a92de9e8306dfcfebd25201eefda2921b830226b5347dc5,1,0.0,0.0,0.0
livebench_selected,Ministral14B,tablereformat:eb8aebddc3e1eff35a92de9e8306dfcfebd25201eefda2921b830226b5347dc5,2,0.0,0.0,0.0
livebench_selected,Ministral14B,tablereformat:eb8aebddc3e1eff35a92de9e8306dfcfebd25201eefda2921b830226b5347dc5,4,0.0,0.0,0.0
livebench_selected,Ministral14B,tablereformat:eb8aebddc3e1eff35a92de9e8306dfcfebd25201eefda2921b830226b5347dc5,8,0.0,0.0,0.0
livebench_selected,Ministral14B,tablereformat:eb8aebddc3e1eff35a92de9e8306dfcfebd25201eefda2921b830226b5347dc5,16,0.0,0.0,0.0
livebench_selected,Ministral14B,tablereformat:eb8aebddc3e1eff35a92de9e8306dfcfebd25201eefda2921b830226b5347dc5,32,0.0,0.0,0.0
livebench_selected,Ministral14B,tablereformat:eb8aebddc3e1eff35a92de9e8306dfcfebd25201eefda2921b830226b5347dc5,48,0.0,0.0,0.0
livebench_selected,Ministral14B,zebra_puzzle:20d48b97e524cd64f82b0e4fb3c597a37bae1d9357e9b2c93aad96b4c70e098e,1,0.0,0.0,0.0
livebench_selected,Ministral14B,zebra_puzzle:20d48b97e524cd64f82b0e4fb3c597a37bae1d9357e9b2c93aad96b4c70e098e,2,0.0,0.0,0.0
livebench_selected,Ministral14B,zebra_puzzle:20d48b97e524cd64f82b0e4fb3c597a37bae1d9357e9b2c93aad96b4c70e098e,4,0.0,0.0,0.0
livebench_selected,Ministral14B,zebra_puzzle:20d48b97e524cd64f82b0e4fb3c597a37bae1d9357e9b2c93aad96b4c70e098e,8,0.0,0.0,0.0
livebench_selected,Ministral14B,zebra_puzzle:20d48b97e524cd64f82b0e4fb3c597a37bae1d9357e9b2c93aad96b4c70e098e,16,0.0,0.0,0.0
livebench_selected,Ministral14B,zebra_puzzle:20d48b97e524cd64f82b0e4fb3c597a37bae1d9357e9b2c93aad96b4c70e098e,32,0.0,0.0,0.0
livebench_selected,Ministral14B,zebra_puzzle:20d48b97e524cd64f82b0e4fb3c597a37bae1d9357e9b2c93aad96b4c70e098e,48,0.0,0.0,0.0
livebench_selected,Ministral14B,zebra_puzzle:743aa0ae2d518d95d45ab8b77a7e9ffde5a03c07da8a6af9e81a4e3689aeef0c,1,0.0,0.0,0.0
livebench_selected,Ministral14B,zebra_puzzle:743aa0ae2d518d95d45ab8b77a7e9ffde5a03c07da8a6af9e81a4e3689aeef0c,2,0.0,0.0,0.0
livebench_selected,Ministral14B,zebra_puzzle:743aa0ae2d518d95d45ab8b77a7e9ffde5a03c07da8a6af9e81a4e3689aeef0c,4,0.0,0.0,0.0
livebench_selected,Ministral14B,zebra_puzzle:743aa0ae2d518d95d45ab8b77a7e9ffde5a03c07da8a6af9e81a4e3689aeef0c,8,0.0,0.0,0.0
livebench_selected,Ministral14B,zebra_puzzle:743aa0ae2d518d95d45ab8b77a7e9ffde5a03c07da8a6af9e81a4e3689aeef0c,16,0.0,0.0,0.0
livebench_selected,Ministral14B,zebra_puzzle:743aa0ae2d518d95d45ab8b77a7e9ffde5a03c07da8a6af9e81a4e3689aeef0c,32,0.0,0.0,0.0
livebench_selected,Ministral14B,zebra_puzzle:743aa0ae2d518d95d45ab8b77a7e9ffde5a03c07da8a6af9e81a4e3689aeef0c,48,0.0,0.0,0.0
livebench_selected,Ministral14B,zebra_puzzle:84650f1042abf3d267bb79b6d1e1d899d27327a11ab81f1079121734a68306b1,1,0.0625,0.0625,0.0
livebench_selected,Ministral14B,zebra_puzzle:84650f1042abf3d267bb79b6d1e1d899d27327a11ab81f1079121734a68306b1,2,0.04904513888888894,0.04904513888888894,0.0
livebench_selected,Ministral14B,zebra_puzzle:84650f1042abf3d267bb79b6d1e1d899d27327a11ab81f1079121734a68306b1,4,0.047050005123939115,0.047050005123939115,0.0
livebench_selected,Ministral14B,zebra_puzzle:84650f1042abf3d267bb79b6d1e1d899d27327a11ab81f1079121734a68306b1,8,0.03578023674732911,0.03578023674732911,0.0
livebench_selected,Ministral14B,zebra_puzzle:84650f1042abf3d267bb79b6d1e1d899d27327a11ab81f1079121734a68306b1,16,0.012266874185572195,0.012266874185572195,0.0
livebench_selected,Ministral14B,zebra_puzzle:84650f1042abf3d267bb79b6d1e1d899d27327a11ab81f1079121734a68306b1,32,0.0007345083289582531,0.0007345083289582531,0.0
livebench_selected,Ministral14B,zebra_puzzle:84650f1042abf3d267bb79b6d1e1d899d27327a11ab81f1079121734a68306b1,48,3.344703189507004e-05,3.344703189507004e-05,0.0
livebench_selected,Ministral14B,zebra_puzzle:b1b1678a4f290c8ab2b85f957a0cdbba93ef0c97d1e7ab4663e46e92ebac70e8,1,0.020833333333333332,0.020833333333333332,0.0
livebench_selected,Ministral14B,zebra_puzzle:b1b1678a4f290c8ab2b85f957a0cdbba93ef0c97d1e7ab4663e46e92ebac70e8,2,0.005642361111111115,0.005642361111111115,0.0
livebench_selected,Ministral14B,zebra_puzzle:b1b1678a4f290c8ab2b85f957a0cdbba93ef0c97d1e7ab4663e46e92ebac70e8,4,0.00020816002363040133,0.00020816002363040133,0.0
livebench_selected,Ministral14B,zebra_puzzle:b1b1678a4f290c8ab2b85f957a0cdbba93ef0c97d1e7ab4663e46e92ebac70e8,8,1.4497123197609115e-07,1.4497123197609115e-07,0.0
livebench_selected,Ministral14B,zebra_puzzle:b1b1678a4f290c8ab2b85f957a0cdbba93ef0c97d1e7ab4663e46e92ebac70e8,16,3.829857566983696e-14,3.829857566983696e-14,0.0
livebench_selected,Ministral14B,zebra_puzzle:b1b1678a4f290c8ab2b85f957a0cdbba93ef0c97d1e7ab4663e46e92ebac70e8,32,1.7389086456598396e-27,1.7389086456598396e-27,0.0
livebench_selected,Ministral14B,zebra_puzzle:b1b1678a4f290c8ab2b85f957a0cdbba93ef0c97d1e7ab4663e46e92ebac70e8,48,7.325896486550256e-41,7.325896486550256e-41,0.0
livebench_selected,Ministral14B,zebra_puzzle:bd14ba82d1fe813dcdf6c16f0f868e5f3fe92e4cee9cf5eb3fd5cb6f03d68517,1,0.020833333333333332,0.020833333333333332,0.0
livebench_selected,Ministral14B,zebra_puzzle:bd14ba82d1fe813dcdf6c16f0f868e5f3fe92e4cee9cf5eb3fd5cb6f03d68517,2,0.020399305555555525,0.020399305555555525,0.0
livebench_selected,Ministral14B,zebra_puzzle:bd14ba82d1fe813dcdf6c16f0f868e5f3fe92e4cee9cf5eb3fd5cb6f03d68517,4,0.00978352111062885,0.00978352111062885,0.0
livebench_selected,Ministral14B,zebra_puzzle:bd14ba82d1fe813dcdf6c16f0f868e5f3fe92e4cee9cf5eb3fd5cb6f03d68517,8,0.0011272228535064857,0.0011272228535064857,0.0
livebench_selected,Ministral14B,zebra_puzzle:bd14ba82d1fe813dcdf6c16f0f868e5f3fe92e4cee9cf5eb3fd5cb6f03d68517,16,7.535797181552117e-06,7.535797181552117e-06,0.0
livebench_selected,Ministral14B,zebra_puzzle:bd14ba82d1fe813dcdf6c16f0f868e5f3fe92e4cee9cf5eb3fd5cb6f03d68517,32,1.7318604006068268e-10,1.7318604006068268e-10,0.0
livebench_selected,Ministral14B,zebra_puzzle:bd14ba82d1fe813dcdf6c16f0f868e5f3fe92e4cee9cf5eb3fd5cb6f03d68517,48,3.0920788895079635e-15,3.0920788895079635e-15,0.0
livebench_selected,Ministral14B,zebra_puzzle:d977e70d05f737b3df36dbe997420820c43a0c43cfb0ff32290d45667b53987d,1,0.0,0.0,0.0
livebench_selected,Ministral14B,zebra_puzzle:d977e70d05f737b3df36dbe997420820c43a0c43cfb0ff32290d45667b53987d,2,0.0,0.0,0.0
livebench_selected,Ministral14B,zebra_puzzle:d977e70d05f737b3df36dbe997420820c43a0c43cfb0ff32290d45667b53987d,4,0.0,0.0,0.0
livebench_selected,Ministral14B,zebra_puzzle:d977e70d05f737b3df36dbe997420820c43a0c43cfb0ff32290d45667b53987d,8,0.0,0.0,0.0
livebench_selected,Ministral14B,zebra_puzzle:d977e70d05f737b3df36dbe997420820c43a0c43cfb0ff32290d45667b53987d,16,0.0,0.0,0.0
livebench_selected,Ministral14B,zebra_puzzle:d977e70d05f737b3df36dbe997420820c43a0c43cfb0ff32290d45667b53987d,32,0.0,0.0,0.0
livebench_selected,Ministral14B,zebra_puzzle:d977e70d05f737b3df36dbe997420820c43a0c43cfb0ff32290d45667b53987d,48,0.0,0.0,0.0
livebench_selected,Ministral14B,zebra_puzzle:fe37c4db2b25d85eb28bc39dc6c978c002216c9e26227d7a9389abad0dd230f0,1,0.10416666666666667,0.10416666666666667,0.0
livebench_selected,Ministral14B,zebra_puzzle:fe37c4db2b25d85eb28bc39dc6c978c002216c9e26227d7a9389abad0dd230f0,2,0.11414930555555557,0.11414930555555557,0.0
livebench_selected,Ministral14B,zebra_puzzle:fe37c4db2b25d85eb28bc39dc6c978c002216c9e26227d7a9389abad0dd230f0,4,0.14616770803192533,0.14616770803192533,0.0
livebench_selected,Ministral14B,zebra_puzzle:fe37c4db2b25d85eb28bc39dc6c978c002216c9e26227d7a9389abad0dd230f0,8,0.2020071003505643,0.2020071003505643,0.0
livebench_selected,Ministral14B,zebra_puzzle:fe37c4db2b25d85eb28bc39dc6c978c002216c9e26227d7a9389abad0dd230f0,16,0.3041382928001094,0.3041382928001094,0.0
livebench_selected,Ministral14B,zebra_puzzle:fe37c4db2b25d85eb28bc39dc6c978c002216c9e26227d7a9389abad0dd230f0,32,0.4918102379203193,0.4918102379203193,0.0
livebench_selected,Ministral14B,zebra_puzzle:fe37c4db2b25d85eb28bc39dc6c978c002216c9e26227d7a9389abad0dd230f0,48,0.6360975479868451,0.6360975479868451,0.0
livebench_selected,Super120B,paraphrase:693c559e842aadf93ddcaba5f140c97aac1419c23fda3c1038c7a690c13b1213,1,0.0,0.0,0.0
livebench_selected,Super120B,paraphrase:693c559e842aadf93ddcaba5f140c97aac1419c23fda3c1038c7a690c13b1213,2,0.0,0.0,0.0
livebench_selected,Super120B,paraphrase:693c559e842aadf93ddcaba5f140c97aac1419c23fda3c1038c7a690c13b1213,4,0.0,0.0,0.0
livebench_selected,Super120B,paraphrase:693c559e842aadf93ddcaba5f140c97aac1419c23fda3c1038c7a690c13b1213,8,0.0,0.0,0.0
livebench_selected,Super120B,paraphrase:693c559e842aadf93ddcaba5f140c97aac1419c23fda3c1038c7a690c13b1213,16,0.0,0.0,0.0
livebench_selected,Super120B,paraphrase:693c559e842aadf93ddcaba5f140c97aac1419c23fda3c1038c7a690c13b1213,32,0.0,0.0,0.0
livebench_selected,Super120B,paraphrase:693c559e842aadf93ddcaba5f140c97aac1419c23fda3c1038c7a690c13b1213,48,0.0,0.0,0.0
livebench_selected,Super120B,paraphrase:91b1079c3dd6f0c003bb20f34f3783141cbc55926e6e3001ba18eaba3acc169e,1,0.2916666666666667,0.2916666666666667,0.0
livebench_selected,Super120B,paraphrase:91b1079c3dd6f0c003bb20f34f3783141cbc55926e6e3001ba18eaba3acc169e,2,0.36631944444444403,0.36631944444444403,0.0
livebench_selected,Super120B,paraphrase:91b1079c3dd6f0c003bb20f34f3783141cbc55926e6e3001ba18eaba3acc169e,4,0.40304527753665087,0.40304527753665087,0.0
livebench_selected,Super120B,paraphrase:91b1079c3dd6f0c003bb20f34f3783141cbc55926e6e3001ba18eaba3acc169e,8,0.4267888432527615,0.4267888432527615,0.0
livebench_selected,Super120B,paraphrase:91b1079c3dd6f0c003bb20f34f3783141cbc55926e6e3001ba18eaba3acc169e,16,0.5284501929545726,0.5284501929545726,0.0
livebench_selected,Super120B,paraphrase:91b1079c3dd6f0c003bb20f34f3783141cbc55926e6e3001ba18eaba3acc169e,32,0.7458737664071504,0.7458737664071504,0.0
livebench_selected,Super120B,paraphrase:91b1079c3dd6f0c003bb20f34f3783141cbc55926e6e3001ba18eaba3acc169e,48,0.870464864020787,0.870464864020787,0.0
livebench_selected,Super120B,paraphrase:d2adc0a1fad83dc359b9b10550d05c3b551685dbd85ca6f9f68721a7ecdc4785,1,0.375,0.375,0.0
livebench_selected,Super120B,paraphrase:d2adc0a1fad83dc359b9b10550d05c3b551685dbd85ca6f9f68721a7ecdc4785,2,0.3428819444444442,0.3428819444444442,0.0
livebench_selected,Super120B,paraphrase:d2adc0a1fad83dc359b9b10550d05c3b551685dbd85ca6f9f68721a7ecdc4785,4,0.25227826907310924,0.25227826907310924,0.0
livebench_selected,Super120B,paraphrase:d2adc0a1fad83dc359b9b10550d05c3b551685dbd85ca6f9f68721a7ecdc4785,8,0.12378621381407814,0.12378621381407814,0.0
livebench_selected,Super120B,paraphrase:d2adc0a1fad83dc359b9b10550d05c3b551685dbd85ca6f9f68721a7ecdc4785,16,0.03463579104941854,0.03463579104941854,0.0
livebench_selected,Super120B,paraphrase:d2adc0a1fad83dc359b9b10550d05c3b551685dbd85ca6f9f68721a7ecdc4785,32,0.0036174159137596132,0.0036174159137596132,0.0
livebench_selected,Super120B,paraphrase:d2adc0a1fad83dc359b9b10550d05c3b551685dbd85ca6f9f68721a7ecdc4785,48,0.0003604213256723884,0.0003604213256723884,0.0
livebench_selected,Super120B,paraphrase:da578f206820d6be4519d710c3872a4c217f97f111b1f09c89b8e9ad675ce88d,1,0.9583333333333334,0.9583333333333334,0.0
livebench_selected,Super120B,paraphrase:da578f206820d6be4519d710c3872a4c217f97f111b1f09c89b8e9ad675ce88d,2,0.9236111111111113,0.9236111111111113,0.0
livebench_selected,Super120B,paraphrase:da578f206820d6be4519d710c3872a4c217f97f111b1f09c89b8e9ad675ce88d,4,0.8703643422067903,0.8703643422067903,0.0
livebench_selected,Super120B,paraphrase:da578f206820d6be4519d710c3872a4c217f97f111b1f09c89b8e9ad675ce88d,8,0.8061908922454716,0.8061908922454716,0.0
livebench_selected,Super120B,paraphrase:da578f206820d6be4519d710c3872a4c217f97f111b1f09c89b8e9ad675ce88d,16,0.7543480024369089,0.7543480024369089,0.0
livebench_selected,Super120B,paraphrase:da578f206820d6be4519d710c3872a4c217f97f111b1f09c89b8e9ad675ce88d,32,0.7388647581173301,0.7388647581173301,0.0
livebench_selected,Super120B,paraphrase:da578f206820d6be4519d710c3872a4c217f97f111b1f09c89b8e9ad675ce88d,48,0.7645152434864239,0.7645152434864239,0.0
livebench_selected,Super120B,paraphrase:f3472a74bc480a915c2a3875c505fd5b3ebe475d25cefdae9447002ed88b0106,1,0.020833333333333332,0.020833333333333332,0.0
livebench_selected,Super120B,paraphrase:f3472a74bc480a915c2a3875c505fd5b3ebe475d25cefdae9447002ed88b0106,2,0.04123263888888895,0.04123263888888895,0.0
livebench_selected,Super120B,paraphrase:f3472a74bc480a915c2a3875c505fd5b3ebe475d25cefdae9447002ed88b0106,4,0.08076514726803641,0.08076514726803641,0.0
livebench_selected,Super120B,paraphrase:f3472a74bc480a915c2a3875c505fd5b3ebe475d25cefdae9447002ed88b0106,8,0.15500728552284515,0.15500728552284515,0.0
livebench_selected,Super120B,paraphrase:f3472a74bc480a915c2a3875c505fd5b3ebe475d25cefdae9447002ed88b0106,16,0.28598731248052955,0.28598731248052955,0.0
livebench_selected,Super120B,paraphrase:f3472a74bc480a915c2a3875c505fd5b3ebe475d25cefdae9447002ed88b0106,32,0.49018588206122304,0.49018588206122304,0.0
livebench_selected,Super120B,paraphrase:f3472a74bc480a915c2a3875c505fd5b3ebe475d25cefdae9447002ed88b0106,48,0.6359862515151655,0.6359862515151655,0.0
livebench_selected,Super120B,paraphrase:f4cbfc58a683894a66b028420969bb75a35fe4acda1bd3dce0024062c11b2041,1,0.9375,0.9375,0.0
livebench_selected,Super120B,paraphrase:f4cbfc58a683894a66b028420969bb75a35fe4acda1bd3dce0024062c11b2041,2,0.9544270833333333,0.9544270833333333,0.0
livebench_selected,Super120B,paraphrase:f4cbfc58a683894a66b028420969bb75a35fe4acda1bd3dce0024062c11b2041,4,0.9692953604239003,0.9692953604239003,0.0
livebench_selected,Super120B,paraphrase:f4cbfc58a683894a66b028420969bb75a35fe4acda1bd3dce0024062c11b2041,8,0.9864981395010821,0.9864981395010821,0.0
livebench_selected,Super120B,paraphrase:f4cbfc58a683894a66b028420969bb75a35fe4acda1bd3dce0024062c11b2041,16,0.9984748495156699,0.9984748495156699,0.0
livebench_selected,Super120B,paraphrase:f4cbfc58a683894a66b028420969bb75a35fe4acda1bd3dce0024062c11b2041,32,0.9999900758441816,0.9999900758441816,0.0
livebench_selected,Super120B,paraphrase:f4cbfc58a683894a66b028420969bb75a35fe4acda1bd3dce0024062c11b2041,48,0.9999999506805577,0.9999999506805577,0.0
livebench_selected,Super120B,tablereformat:09752b3d3e355017282301de1735bd903221368e1fadf3e64aa9594ef7730e62,1,0.0,0.0,0.0
livebench_selected,Super120B,tablereformat:09752b3d3e355017282301de1735bd903221368e1fadf3e64aa9594ef7730e62,2,0.0,0.0,0.0
livebench_selected,Super120B,tablereformat:09752b3d3e355017282301de1735bd903221368e1fadf3e64aa9594ef7730e62,4,0.0,0.0,0.0
livebench_selected,Super120B,tablereformat:09752b3d3e355017282301de1735bd903221368e1fadf3e64aa9594ef7730e62,8,0.0,0.0,0.0
livebench_selected,Super120B,tablereformat:09752b3d3e355017282301de1735bd903221368e1fadf3e64aa9594ef7730e62,16,0.0,0.0,0.0
livebench_selected,Super120B,tablereformat:09752b3d3e355017282301de1735bd903221368e1fadf3e64aa9594ef7730e62,32,0.0,0.0,0.0
livebench_selected,Super120B,tablereformat:09752b3d3e355017282301de1735bd903221368e1fadf3e64aa9594ef7730e62,48,0.0,0.0,0.0
livebench_selected,Super120B,tablereformat:56ace477670fa1527771dc1a4f2babac3b704f1c313b8981a53ce892f55b6c05,1,0.0,0.0,0.0
livebench_selected,Super120B,tablereformat:56ace477670fa1527771dc1a4f2babac3b704f1c313b8981a53ce892f55b6c05,2,0.0,0.0,0.0
livebench_selected,Super120B,tablereformat:56ace477670fa1527771dc1a4f2babac3b704f1c313b8981a53ce892f55b6c05,4,0.0,0.0,0.0
livebench_selected,Super120B,tablereformat:56ace477670fa1527771dc1a4f2babac3b704f1c313b8981a53ce892f55b6c05,8,0.0,0.0,0.0
livebench_selected,Super120B,tablereformat:56ace477670fa1527771dc1a4f2babac3b704f1c313b8981a53ce892f55b6c05,16,0.0,0.0,0.0
livebench_selected,Super120B,tablereformat:56ace477670fa1527771dc1a4f2babac3b704f1c313b8981a53ce892f55b6c05,32,0.0,0.0,0.0
livebench_selected,Super120B,tablereformat:56ace477670fa1527771dc1a4f2babac3b704f1c313b8981a53ce892f55b6c05,48,0.0,0.0,0.0
livebench_selected,Super120B,tablereformat:57772b38ab8d4f9f2e30d5e0cca6e007f228786523ed027bdbf37b59fe20e3b1,1,0.0,0.0,0.0
livebench_selected,Super120B,tablereformat:57772b38ab8d4f9f2e30d5e0cca6e007f228786523ed027bdbf37b59fe20e3b1,2,0.0,0.0,0.0
livebench_selected,Super120B,tablereformat:57772b38ab8d4f9f2e30d5e0cca6e007f228786523ed027bdbf37b59fe20e3b1,4,0.0,0.0,0.0
livebench_selected,Super120B,tablereformat:57772b38ab8d4f9f2e30d5e0cca6e007f228786523ed027bdbf37b59fe20e3b1,8,0.0,0.0,0.0
livebench_selected,Super120B,tablereformat:57772b38ab8d4f9f2e30d5e0cca6e007f228786523ed027bdbf37b59fe20e3b1,16,0.0,0.0,0.0
livebench_selected,Super120B,tablereformat:57772b38ab8d4f9f2e30d5e0cca6e007f228786523ed027bdbf37b59fe20e3b1,32,0.0,0.0,0.0
livebench_selected,Super120B,tablereformat:57772b38ab8d4f9f2e30d5e0cca6e007f228786523ed027bdbf37b59fe20e3b1,48,0.0,0.0,0.0
livebench_selected,Super120B,tablereformat:8b25c07592f100c7c61af45d3de6eec07f4996d0a211f613cc1e224db02bba4c,1,0.0,0.0,0.0
livebench_selected,Super120B,tablereformat:8b25c07592f100c7c61af45d3de6eec07f4996d0a211f613cc1e224db02bba4c,2,0.0,0.0,0.0
livebench_selected,Super120B,tablereformat:8b25c07592f100c7c61af45d3de6eec07f4996d0a211f613cc1e224db02bba4c,4,0.0,0.0,0.0
livebench_selected,Super120B,tablereformat:8b25c07592f100c7c61af45d3de6eec07f4996d0a211f613cc1e224db02bba4c,8,0.0,0.0,0.0
livebench_selected,Super120B,tablereformat:8b25c07592f100c7c61af45d3de6eec07f4996d0a211f613cc1e224db02bba4c,16,0.0,0.0,0.0
livebench_selected,Super120B,tablereformat:8b25c07592f100c7c61af45d3de6eec07f4996d0a211f613cc1e224db02bba4c,32,0.0,0.0,0.0
livebench_selected,Super120B,tablereformat:8b25c07592f100c7c61af45d3de6eec07f4996d0a211f613cc1e224db02bba4c,48,0.0,0.0,0.0
livebench_selected,Super120B,tablereformat:ce1fa8f673c3d33b3986e4f4f148ab1a11e42cd2b7f15390f0f4f2acb530a6e3,1,0.0,0.0,0.0
livebench_selected,Super120B,tablereformat:ce1fa8f673c3d33b3986e4f4f148ab1a11e42cd2b7f15390f0f4f2acb530a6e3,2,0.0,0.0,0.0
livebench_selected,Super120B,tablereformat:ce1fa8f673c3d33b3986e4f4f148ab1a11e42cd2b7f15390f0f4f2acb530a6e3,4,0.0,0.0,0.0
livebench_selected,Super120B,tablereformat:ce1fa8f673c3d33b3986e4f4f148ab1a11e42cd2b7f15390f0f4f2acb530a6e3,8,0.0,0.0,0.0
livebench_selected,Super120B,tablereformat:ce1fa8f673c3d33b3986e4f4f148ab1a11e42cd2b7f15390f0f4f2acb530a6e3,16,0.0,0.0,0.0
livebench_selected,Super120B,tablereformat:ce1fa8f673c3d33b3986e4f4f148ab1a11e42cd2b7f15390f0f4f2acb530a6e3,32,0.0,0.0,0.0
livebench_selected,Super120B,tablereformat:ce1fa8f673c3d33b3986e4f4f148ab1a11e42cd2b7f15390f0f4f2acb530a6e3,48,0.0,0.0,0.0
livebench_selected,Super120B,tablereformat:e114ea800daa6938bd7bbc29c6fde32844324662764b5cb63d7e4e78c3b66c65,1,0.0,0.0,0.0
livebench_selected,Super120B,tablereformat:e114ea800daa6938bd7bbc29c6fde32844324662764b5cb63d7e4e78c3b66c65,2,0.0,0.0,0.0
livebench_selected,Super120B,tablereformat:e114ea800daa6938bd7bbc29c6fde32844324662764b5cb63d7e4e78c3b66c65,4,0.0,0.0,0.0
livebench_selected,Super120B,tablereformat:e114ea800daa6938bd7bbc29c6fde32844324662764b5cb63d7e4e78c3b66c65,8,0.0,0.0,0.0
livebench_selected,Super120B,tablereformat:e114ea800daa6938bd7bbc29c6fde32844324662764b5cb63d7e4e78c3b66c65,16,0.0,0.0,0.0
livebench_selected,Super120B,tablereformat:e114ea800daa6938bd7bbc29c6fde32844324662764b5cb63d7e4e78c3b66c65,32,0.0,0.0,0.0
livebench_selected,Super120B,tablereformat:e114ea800daa6938bd7bbc29c6fde32844324662764b5cb63d7e4e78c3b66c65,48,0.0,0.0,0.0
livebench_selected,Super120B,tablereformat:eb8aebddc3e1eff35a92de9e8306dfcfebd25201eefda2921b830226b5347dc5,1,0.0,0.0,0.0
livebench_selected,Super120B,tablereformat:eb8aebddc3e1eff35a92de9e8306dfcfebd25201eefda2921b830226b5347dc5,2,0.0,0.0,0.0
livebench_selected,Super120B,tablereformat:eb8aebddc3e1eff35a92de9e8306dfcfebd25201eefda2921b830226b5347dc5,4,0.0,0.0,0.0
livebench_selected,Super120B,tablereformat:eb8aebddc3e1eff35a92de9e8306dfcfebd25201eefda2921b830226b5347dc5,8,0.0,0.0,0.0
livebench_selected,Super120B,tablereformat:eb8aebddc3e1eff35a92de9e8306dfcfebd25201eefda2921b830226b5347dc5,16,0.0,0.0,0.0
livebench_selected,Super120B,tablereformat:eb8aebddc3e1eff35a92de9e8306dfcfebd25201eefda2921b830226b5347dc5,32,0.0,0.0,0.0
livebench_selected,Super120B,tablereformat:eb8aebddc3e1eff35a92de9e8306dfcfebd25201eefda2921b830226b5347dc5,48,0.0,0.0,0.0
livebench_selected,Super120B,zebra_puzzle:20d48b97e524cd64f82b0e4fb3c597a37bae1d9357e9b2c93aad96b4c70e098e,1,0.5833333333333334,0.5833333333333334,0.0
livebench_selected,Super120B,zebra_puzzle:20d48b97e524cd64f82b0e4fb3c597a37bae1d9357e9b2c93aad96b4c70e098e,2,0.47395833333333304,0.47395833333333304,0.0
livebench_selected,Super120B,zebra_puzzle:20d48b97e524cd64f82b0e4fb3c597a37bae1d9357e9b2c93aad96b4c70e098e,4,0.39699300130208304,0.39699300130208304,0.0
livebench_selected,Super120B,zebra_puzzle:20d48b97e524cd64f82b0e4fb3c597a37bae1d9357e9b2c93aad96b4c70e098e,8,0.3547294584703795,0.3547294584703795,0.0
livebench_selected,Super120B,zebra_puzzle:20d48b97e524cd64f82b0e4fb3c597a37bae1d9357e9b2c93aad96b4c70e098e,16,0.3652405800733922,0.3652405800733922,0.0
livebench_selected,Super120B,zebra_puzzle:20d48b97e524cd64f82b0e4fb3c597a37bae1d9357e9b2c93aad96b4c70e098e,32,0.5016115887518112,0.5016115887518112,0.0
livebench_selected,Super120B,zebra_puzzle:20d48b97e524cd64f82b0e4fb3c597a37bae1d9357e9b2c93aad96b4c70e098e,48,0.6374845382996289,0.6374845382996289,0.0
livebench_selected,Super120B,zebra_puzzle:743aa0ae2d518d95d45ab8b77a7e9ffde5a03c07da8a6af9e81a4e3689aeef0c,1,0.16666666666666666,0.16666666666666666,0.0
livebench_selected,Super120B,zebra_puzzle:743aa0ae2d518d95d45ab8b77a7e9ffde5a03c07da8a6af9e81a4e3689aeef0c,2,0.2552083333333334,0.2552083333333334,0.0
livebench_selected,Super120B,zebra_puzzle:743aa0ae2d518d95d45ab8b77a7e9ffde5a03c07da8a6af9e81a4e3689aeef0c,4,0.3366066261574078,0.3366066261574078,0.0
livebench_selected,Super120B,zebra_puzzle:743aa0ae2d518d95d45ab8b77a7e9ffde5a03c07da8a6af9e81a4e3689aeef0c,8,0.3729159151705156,0.3729159151705156,0.0
livebench_selected,Super120B,zebra_puzzle:743aa0ae2d518d95d45ab8b77a7e9ffde5a03c07da8a6af9e81a4e3689aeef0c,16,0.3281645630997932,0.3281645630997932,0.0
livebench_selected,Super120B,zebra_puzzle:743aa0ae2d518d95d45ab8b77a7e9ffde5a03c07da8a6af9e81a4e3689aeef0c,32,0.20427952654654027,0.20427952654654027,0.0
livebench_selected,Super120B,zebra_puzzle:743aa0ae2d518d95d45ab8b77a7e9ffde5a03c07da8a6af9e81a4e3689aeef0c,48,0.11557884185363612,0.11557884185363612,0.0
livebench_selected,Super120B,zebra_puzzle:84650f1042abf3d267bb79b6d1e1d899d27327a11ab81f1079121734a68306b1,1,0.8958333333333334,0.8958333333333334,0.0
livebench_selected,Super120B,zebra_puzzle:84650f1042abf3d267bb79b6d1e1d899d27327a11ab81f1079121734a68306b1,2,0.9058159722222222,0.9058159722222222,0.0
livebench_selected,Super120B,zebra_puzzle:84650f1042abf3d267bb79b6d1e1d899d27327a11ab81f1079121734a68306b1,4,0.9260048571928048,0.9260048571928048,0.0
livebench_selected,Super120B,zebra_puzzle:84650f1042abf3d267bb79b6d1e1d899d27327a11ab81f1079121734a68306b1,8,0.9589215616193156,0.9589215616193156,0.0
livebench_selected,Super120B,zebra_puzzle:84650f1042abf3d267bb79b6d1e1d899d27327a11ab81f1079121734a68306b1,16,0.987628308239202,0.987628308239202,0.0
livebench_selected,Super120B,zebra_puzzle:84650f1042abf3d267bb79b6d1e1d899d27327a11ab81f1079121734a68306b1,32,0.9992654672954709,0.9992654672954709,0.0
livebench_selected,Super120B,zebra_puzzle:84650f1042abf3d267bb79b6d1e1d899d27327a11ab81f1079121734a68306b1,48,0.9999665529631704,0.9999665529631704,0.0
livebench_selected,Super120B,zebra_puzzle:b1b1678a4f290c8ab2b85f957a0cdbba93ef0c97d1e7ab4663e46e92ebac70e8,1,0.9166666666666666,0.9166666666666666,0.0
livebench_selected,Super120B,zebra_puzzle:b1b1678a4f290c8ab2b85f957a0cdbba93ef0c97d1e7ab4663e46e92ebac70e8,2,0.9409722222222221,0.9409722222222221,0.0
livebench_selected,Super120B,zebra_puzzle:b1b1678a4f290c8ab2b85f957a0cdbba93ef0c97d1e7ab4663e46e92ebac70e8,4,0.9422803337191357,0.9422803337191357,0.0
livebench_selected,Super120B,zebra_puzzle:b1b1678a4f290c8ab2b85f957a0cdbba93ef0c97d1e7ab4663e46e92ebac70e8,8,0.9396565916052753,0.9396565916052753,0.0
livebench_selected,Super120B,zebra_puzzle:b1b1678a4f290c8ab2b85f957a0cdbba93ef0c97d1e7ab4663e46e92ebac70e8,16,0.9622266559945821,0.9622266559945821,0.0
livebench_selected,Super120B,zebra_puzzle:b1b1678a4f290c8ab2b85f957a0cdbba93ef0c97d1e7ab4663e46e92ebac70e8,32,0.9925072542404819,0.9925072542404819,0.0
livebench_selected,Super120B,zebra_puzzle:b1b1678a4f290c8ab2b85f957a0cdbba93ef0c97d1e7ab4663e46e92ebac70e8,48,0.9988718253830233,0.9988718253830233,0.0
livebench_selected,Super120B,zebra_puzzle:bd14ba82d1fe813dcdf6c16f0f868e5f3fe92e4cee9cf5eb3fd5cb6f03d68517,1,0.7708333333333334,0.7708333333333334,0.0
livebench_selected,Super120B,zebra_puzzle:bd14ba82d1fe813dcdf6c16f0f868e5f3fe92e4cee9cf5eb3fd5cb6f03d68517,2,0.7877604166666664,0.7877604166666664,0.0
livebench_selected,Super120B,zebra_puzzle:bd14ba82d1fe813dcdf6c16f0f868e5f3fe92e4cee9cf5eb3fd5cb6f03d68517,4,0.8057753951461223,0.8057753951461223,0.0
livebench_selected,Super120B,zebra_puzzle:bd14ba82d1fe813dcdf6c16f0f868e5f3fe92e4cee9cf5eb3fd5cb6f03d68517,8,0.8217930144217939,0.8217930144217939,0.0
livebench_selected,Super120B,zebra_puzzle:bd14ba82d1fe813dcdf6c16f0f868e5f3fe92e4cee9cf5eb3fd5cb6f03d68517,16,0.8530587040711634,0.8530587040711634,0.0
livebench_selected,Super120B,zebra_puzzle:bd14ba82d1fe813dcdf6c16f0f868e5f3fe92e4cee9cf5eb3fd5cb6f03d68517,32,0.9274768779742683,0.9274768779742683,0.0
livebench_selected,Super120B,zebra_puzzle:bd14ba82d1fe813dcdf6c16f0f868e5f3fe92e4cee9cf5eb3fd5cb6f03d68517,48,0.9690770077059403,0.9690770077059403,0.0
livebench_selected,Super120B,zebra_puzzle:d977e70d05f737b3df36dbe997420820c43a0c43cfb0ff32290d45667b53987d,1,0.8958333333333334,0.8958333333333334,0.0
livebench_selected,Super120B,zebra_puzzle:d977e70d05f737b3df36dbe997420820c43a0c43cfb0ff32290d45667b53987d,2,0.8806423611111112,0.8806423611111112,0.0
livebench_selected,Super120B,zebra_puzzle:d977e70d05f737b3df36dbe997420820c43a0c43cfb0ff32290d45667b53987d,4,0.8993441734784914,0.8993441734784914,0.0
livebench_selected,Super120B,zebra_puzzle:d977e70d05f737b3df36dbe997420820c43a0c43cfb0ff32290d45667b53987d,8,0.9412527810250242,0.9412527810250242,0.0
livebench_selected,Super120B,zebra_puzzle:d977e70d05f737b3df36dbe997420820c43a0c43cfb0ff32290d45667b53987d,16,0.9808765830614082,0.9808765830614082,0.0
livebench_selected,Super120B,zebra_puzzle:d977e70d05f737b3df36dbe997420820c43a0c43cfb0ff32290d45667b53987d,32,0.9983717571343411,0.9983717571343411,0.0
livebench_selected,Super120B,zebra_puzzle:d977e70d05f737b3df36dbe997420820c43a0c43cfb0ff32290d45667b53987d,48,0.9998886916013221,0.9998886916013221,0.0
livebench_selected,Super120B,zebra_puzzle:fe37c4db2b25d85eb28bc39dc6c978c002216c9e26227d7a9389abad0dd230f0,1,0.75,0.75,0.0
livebench_selected,Super120B,zebra_puzzle:fe37c4db2b25d85eb28bc39dc6c978c002216c9e26227d7a9389abad0dd230f0,2,0.6970486111111108,0.6970486111111108,0.0
livebench_selected,Super120B,zebra_puzzle:fe37c4db2b25d85eb28bc39dc6c978c002216c9e26227d7a9389abad0dd230f0,4,0.5902118447386187,0.5902118447386187,0.0
livebench_selected,Super120B,zebra_puzzle:fe37c4db2b25d85eb28bc39dc6c978c002216c9e26227d7a9389abad0dd230f0,8,0.5370077463768979,0.5370077463768979,0.0
livebench_selected,Super120B,zebra_puzzle:fe37c4db2b25d85eb28bc39dc6c978c002216c9e26227d7a9389abad0dd230f0,16,0.6200297437652708,0.6200297437652708,0.0
livebench_selected,Super120B,zebra_puzzle:fe37c4db2b25d85eb28bc39dc6c978c002216c9e26227d7a9389abad0dd230f0,32,0.7836726216103294,0.7836726216103294,0.0
livebench_selected,Super120B,zebra_puzzle:fe37c4db2b25d85eb28bc39dc6c978c002216c9e26227d7a9389abad0dd230f0,48,0.8817332388179009,0.8817332388179009,0.0
livebench_selected,Dracarys70B,paraphrase:693c559e842aadf93ddcaba5f140c97aac1419c23fda3c1038c7a690c13b1213,1,0.7916666666666666,0.7916666666666666,0.0
livebench_selected,Dracarys70B,paraphrase:693c559e842aadf93ddcaba5f140c97aac1419c23fda3c1038c7a690c13b1213,2,0.8272569444444445,0.8272569444444445,0.0
livebench_selected,Dracarys70B,paraphrase:693c559e842aadf93ddcaba5f140c97aac1419c23fda3c1038c7a690c13b1213,4,0.8710775493103781,0.8710775493103781,0.0
livebench_selected,Dracarys70B,paraphrase:693c559e842aadf93ddcaba5f140c97aac1419c23fda3c1038c7a690c13b1213,8,0.9220091223866775,0.9220091223866775,0.0
livebench_selected,Dracarys70B,paraphrase:693c559e842aadf93ddcaba5f140c97aac1419c23fda3c1038c7a690c13b1213,16,0.9798412958082133,0.9798412958082133,0.0
livebench_selected,Dracarys70B,paraphrase:693c559e842aadf93ddcaba5f140c97aac1419c23fda3c1038c7a690c13b1213,32,0.9990998928055072,0.9990998928055072,0.0
livebench_selected,Dracarys70B,paraphrase:693c559e842aadf93ddcaba5f140c97aac1419c23fda3c1038c7a690c13b1213,48,0.9999636134873446,0.9999636134873446,0.0
livebench_selected,Dracarys70B,paraphrase:91b1079c3dd6f0c003bb20f34f3783141cbc55926e6e3001ba18eaba3acc169e,1,0.875,0.875,0.0
livebench_selected,Dracarys70B,paraphrase:91b1079c3dd6f0c003bb20f34f3783141cbc55926e6e3001ba18eaba3acc169e,2,0.8758680555555554,0.8758680555555554,0.0
livebench_selected,Dracarys70B,paraphrase:91b1079c3dd6f0c003bb20f34f3783141cbc55926e6e3001ba18eaba3acc169e,4,0.9136853630160107,0.9136853630160107,0.0
livebench_selected,Dracarys70B,paraphrase:91b1079c3dd6f0c003bb20f34f3783141cbc55926e6e3001ba18eaba3acc169e,8,0.9580324075807631,0.9580324075807631,0.0
livebench_selected,Dracarys70B,paraphrase:91b1079c3dd6f0c003bb20f34f3783141cbc55926e6e3001ba18eaba3acc169e,16,0.9876339362236516,0.9876339362236516,0.0
livebench_selected,Dracarys70B,paraphrase:91b1079c3dd6f0c003bb20f34f3783141cbc55926e6e3001ba18eaba3acc169e,32,0.9992654687684221,0.9992654687684221,0.0
livebench_selected,Dracarys70B,paraphrase:91b1079c3dd6f0c003bb20f34f3783141cbc55926e6e3001ba18eaba3acc169e,48,0.9999665529632886,0.9999665529632886,0.0
livebench_selected,Dracarys70B,paraphrase:d2adc0a1fad83dc359b9b10550d05c3b551685dbd85ca6f9f68721a7ecdc4785,1,0.0,0.0,0.0
livebench_selected,Dracarys70B,paraphrase:d2adc0a1fad83dc359b9b10550d05c3b551685dbd85ca6f9f68721a7ecdc4785,2,0.0,0.0,0.0
livebench_selected,Dracarys70B,paraphrase:d2adc0a1fad83dc359b9b10550d05c3b551685dbd85ca6f9f68721a7ecdc4785,4,0.0,0.0,0.0
livebench_selected,Dracarys70B,paraphrase:d2adc0a1fad83dc359b9b10550d05c3b551685dbd85ca6f9f68721a7ecdc4785,8,0.0,0.0,0.0
livebench_selected,Dracarys70B,paraphrase:d2adc0a1fad83dc359b9b10550d05c3b551685dbd85ca6f9f68721a7ecdc4785,16,0.0,0.0,0.0
livebench_selected,Dracarys70B,paraphrase:d2adc0a1fad83dc359b9b10550d05c3b551685dbd85ca6f9f68721a7ecdc4785,32,0.0,0.0,0.0
livebench_selected,Dracarys70B,paraphrase:d2adc0a1fad83dc359b9b10550d05c3b551685dbd85ca6f9f68721a7ecdc4785,48,0.0,0.0,0.0
livebench_selected,Dracarys70B,paraphrase:da578f206820d6be4519d710c3872a4c217f97f111b1f09c89b8e9ad675ce88d,1,1.0,1.0,0.0
livebench_selected,Dracarys70B,paraphrase:da578f206820d6be4519d710c3872a4c217f97f111b1f09c89b8e9ad675ce88d,2,1.0,1.0,0.0
livebench_selected,Dracarys70B,paraphrase:da578f206820d6be4519d710c3872a4c217f97f111b1f09c89b8e9ad675ce88d,4,1.0,1.0,0.0
livebench_selected,Dracarys70B,paraphrase:da578f206820d6be4519d710c3872a4c217f97f111b1f09c89b8e9ad675ce88d,8,1.0,1.0,0.0
livebench_selected,Dracarys70B,paraphrase:da578f206820d6be4519d710c3872a4c217f97f111b1f09c89b8e9ad675ce88d,16,1.0,1.0,0.0
livebench_selected,Dracarys70B,paraphrase:da578f206820d6be4519d710c3872a4c217f97f111b1f09c89b8e9ad675ce88d,32,1.0,1.0,0.0
livebench_selected,Dracarys70B,paraphrase:da578f206820d6be4519d710c3872a4c217f97f111b1f09c89b8e9ad675ce88d,48,1.0,1.0,0.0
livebench_selected,Dracarys70B,paraphrase:f3472a74bc480a915c2a3875c505fd5b3ebe475d25cefdae9447002ed88b0106,1,0.0,0.0,0.0
livebench_selected,Dracarys70B,paraphrase:f3472a74bc480a915c2a3875c505fd5b3ebe475d25cefdae9447002ed88b0106,2,0.0,0.0,0.0
livebench_selected,Dracarys70B,paraphrase:f3472a74bc480a915c2a3875c505fd5b3ebe475d25cefdae9447002ed88b0106,4,0.0,0.0,0.0
livebench_selected,Dracarys70B,paraphrase:f3472a74bc480a915c2a3875c505fd5b3ebe475d25cefdae9447002ed88b0106,8,0.0,0.0,0.0
livebench_selected,Dracarys70B,paraphrase:f3472a74bc480a915c2a3875c505fd5b3ebe475d25cefdae9447002ed88b0106,16,0.0,0.0,0.0
livebench_selected,Dracarys70B,paraphrase:f3472a74bc480a915c2a3875c505fd5b3ebe475d25cefdae9447002ed88b0106,32,0.0,0.0,0.0
livebench_selected,Dracarys70B,paraphrase:f3472a74bc480a915c2a3875c505fd5b3ebe475d25cefdae9447002ed88b0106,48,0.0,0.0,0.0
livebench_selected,Dracarys70B,paraphrase:f4cbfc58a683894a66b028420969bb75a35fe4acda1bd3dce0024062c11b2041,1,0.6875,0.6875,0.0
livebench_selected,Dracarys70B,paraphrase:f4cbfc58a683894a66b028420969bb75a35fe4acda1bd3dce0024062c11b2041,2,0.7339409722222217,0.7339409722222217,0.0
livebench_selected,Dracarys70B,paraphrase:f4cbfc58a683894a66b028420969bb75a35fe4acda1bd3dce0024062c11b2041,4,0.7559767358097025,0.7559767358097025,0.0
livebench_selected,Dracarys70B,paraphrase:f4cbfc58a683894a66b028420969bb75a35fe4acda1bd3dce0024062c11b2041,8,0.7488608959198292,0.7488608959198292,0.0
livebench_selected,Dracarys70B,paraphrase:f4cbfc58a683894a66b028420969bb75a35fe4acda1bd3dce0024062c11b2041,16,0.7376640891792727,0.7376640891792727,0.0
livebench_selected,Dracarys70B,paraphrase:f4cbfc58a683894a66b028420969bb75a35fe4acda1bd3dce0024062c11b2041,32,0.805533147739133,0.805533147739133,0.0
livebench_selected,Dracarys70B,paraphrase:f4cbfc58a683894a66b028420969bb75a35fe4acda1bd3dce0024062c11b2041,48,0.8856935136199112,0.8856935136199112,0.0
livebench_selected,Dracarys70B,tablereformat:09752b3d3e355017282301de1735bd903221368e1fadf3e64aa9594ef7730e62,1,0.0,0.0,0.0
livebench_selected,Dracarys70B,tablereformat:09752b3d3e355017282301de1735bd903221368e1fadf3e64aa9594ef7730e62,2,0.0,0.0,0.0
livebench_selected,Dracarys70B,tablereformat:09752b3d3e355017282301de1735bd903221368e1fadf3e64aa9594ef7730e62,4,0.0,0.0,0.0
livebench_selected,Dracarys70B,tablereformat:09752b3d3e355017282301de1735bd903221368e1fadf3e64aa9594ef7730e62,8,0.0,0.0,0.0
livebench_selected,Dracarys70B,tablereformat:09752b3d3e355017282301de1735bd903221368e1fadf3e64aa9594ef7730e62,16,0.0,0.0,0.0
livebench_selected,Dracarys70B,tablereformat:09752b3d3e355017282301de1735bd903221368e1fadf3e64aa9594ef7730e62,32,0.0,0.0,0.0
livebench_selected,Dracarys70B,tablereformat:09752b3d3e355017282301de1735bd903221368e1fadf3e64aa9594ef7730e62,48,0.0,0.0,0.0
livebench_selected,Dracarys70B,tablereformat:56ace477670fa1527771dc1a4f2babac3b704f1c313b8981a53ce892f55b6c05,1,0.0,0.0,0.0
livebench_selected,Dracarys70B,tablereformat:56ace477670fa1527771dc1a4f2babac3b704f1c313b8981a53ce892f55b6c05,2,0.0,0.0,0.0
livebench_selected,Dracarys70B,tablereformat:56ace477670fa1527771dc1a4f2babac3b704f1c313b8981a53ce892f55b6c05,4,0.0,0.0,0.0
livebench_selected,Dracarys70B,tablereformat:56ace477670fa1527771dc1a4f2babac3b704f1c313b8981a53ce892f55b6c05,8,0.0,0.0,0.0
livebench_selected,Dracarys70B,tablereformat:56ace477670fa1527771dc1a4f2babac3b704f1c313b8981a53ce892f55b6c05,16,0.0,0.0,0.0
livebench_selected,Dracarys70B,tablereformat:56ace477670fa1527771dc1a4f2babac3b704f1c313b8981a53ce892f55b6c05,32,0.0,0.0,0.0
livebench_selected,Dracarys70B,tablereformat:56ace477670fa1527771dc1a4f2babac3b704f1c313b8981a53ce892f55b6c05,48,0.0,0.0,0.0
livebench_selected,Dracarys70B,tablereformat:57772b38ab8d4f9f2e30d5e0cca6e007f228786523ed027bdbf37b59fe20e3b1,1,0.0,0.0,0.0
livebench_selected,Dracarys70B,tablereformat:57772b38ab8d4f9f2e30d5e0cca6e007f228786523ed027bdbf37b59fe20e3b1,2,0.0,0.0,0.0
livebench_selected,Dracarys70B,tablereformat:57772b38ab8d4f9f2e30d5e0cca6e007f228786523ed027bdbf37b59fe20e3b1,4,0.0,0.0,0.0
livebench_selected,Dracarys70B,tablereformat:57772b38ab8d4f9f2e30d5e0cca6e007f228786523ed027bdbf37b59fe20e3b1,8,0.0,0.0,0.0
livebench_selected,Dracarys70B,tablereformat:57772b38ab8d4f9f2e30d5e0cca6e007f228786523ed027bdbf37b59fe20e3b1,16,0.0,0.0,0.0
livebench_selected,Dracarys70B,tablereformat:57772b38ab8d4f9f2e30d5e0cca6e007f228786523ed027bdbf37b59fe20e3b1,32,0.0,0.0,0.0
livebench_selected,Dracarys70B,tablereformat:57772b38ab8d4f9f2e30d5e0cca6e007f228786523ed027bdbf37b59fe20e3b1,48,0.0,0.0,0.0
livebench_selected,Dracarys70B,tablereformat:8b25c07592f100c7c61af45d3de6eec07f4996d0a211f613cc1e224db02bba4c,1,0.0,0.0,0.0
livebench_selected,Dracarys70B,tablereformat:8b25c07592f100c7c61af45d3de6eec07f4996d0a211f613cc1e224db02bba4c,2,0.0,0.0,0.0
livebench_selected,Dracarys70B,tablereformat:8b25c07592f100c7c61af45d3de6eec07f4996d0a211f613cc1e224db02bba4c,4,0.0,0.0,0.0
livebench_selected,Dracarys70B,tablereformat:8b25c07592f100c7c61af45d3de6eec07f4996d0a211f613cc1e224db02bba4c,8,0.0,0.0,0.0
livebench_selected,Dracarys70B,tablereformat:8b25c07592f100c7c61af45d3de6eec07f4996d0a211f613cc1e224db02bba4c,16,0.0,0.0,0.0
livebench_selected,Dracarys70B,tablereformat:8b25c07592f100c7c61af45d3de6eec07f4996d0a211f613cc1e224db02bba4c,32,0.0,0.0,0.0
livebench_selected,Dracarys70B,tablereformat:8b25c07592f100c7c61af45d3de6eec07f4996d0a211f613cc1e224db02bba4c,48,0.0,0.0,0.0
livebench_selected,Dracarys70B,tablereformat:ce1fa8f673c3d33b3986e4f4f148ab1a11e42cd2b7f15390f0f4f2acb530a6e3,1,0.0,0.0,0.0
livebench_selected,Dracarys70B,tablereformat:ce1fa8f673c3d33b3986e4f4f148ab1a11e42cd2b7f15390f0f4f2acb530a6e3,2,0.0,0.0,0.0
livebench_selected,Dracarys70B,tablereformat:ce1fa8f673c3d33b3986e4f4f148ab1a11e42cd2b7f15390f0f4f2acb530a6e3,4,0.0,0.0,0.0
livebench_selected,Dracarys70B,tablereformat:ce1fa8f673c3d33b3986e4f4f148ab1a11e42cd2b7f15390f0f4f2acb530a6e3,8,0.0,0.0,0.0
livebench_selected,Dracarys70B,tablereformat:ce1fa8f673c3d33b3986e4f4f148ab1a11e42cd2b7f15390f0f4f2acb530a6e3,16,0.0,0.0,0.0
livebench_selected,Dracarys70B,tablereformat:ce1fa8f673c3d33b3986e4f4f148ab1a11e42cd2b7f15390f0f4f2acb530a6e3,32,0.0,0.0,0.0
livebench_selected,Dracarys70B,tablereformat:ce1fa8f673c3d33b3986e4f4f148ab1a11e42cd2b7f15390f0f4f2acb530a6e3,48,0.0,0.0,0.0
livebench_selected,Dracarys70B,tablereformat:e114ea800daa6938bd7bbc29c6fde32844324662764b5cb63d7e4e78c3b66c65,1,0.0,0.0,0.0
livebench_selected,Dracarys70B,tablereformat:e114ea800daa6938bd7bbc29c6fde32844324662764b5cb63d7e4e78c3b66c65,2,0.0,0.0,0.0
livebench_selected,Dracarys70B,tablereformat:e114ea800daa6938bd7bbc29c6fde32844324662764b5cb63d7e4e78c3b66c65,4,0.0,0.0,0.0
livebench_selected,Dracarys70B,tablereformat:e114ea800daa6938bd7bbc29c6fde32844324662764b5cb63d7e4e78c3b66c65,8,0.0,0.0,0.0
livebench_selected,Dracarys70B,tablereformat:e114ea800daa6938bd7bbc29c6fde32844324662764b5cb63d7e4e78c3b66c65,16,0.0,0.0,0.0
livebench_selected,Dracarys70B,tablereformat:e114ea800daa6938bd7bbc29c6fde32844324662764b5cb63d7e4e78c3b66c65,32,0.0,0.0,0.0
livebench_selected,Dracarys70B,tablereformat:e114ea800daa6938bd7bbc29c6fde32844324662764b5cb63d7e4e78c3b66c65,48,0.0,0.0,0.0
livebench_selected,Dracarys70B,tablereformat:eb8aebddc3e1eff35a92de9e8306dfcfebd25201eefda2921b830226b5347dc5,1,0.0,0.0,0.0
livebench_selected,Dracarys70B,tablereformat:eb8aebddc3e1eff35a92de9e8306dfcfebd25201eefda2921b830226b5347dc5,2,0.0,0.0,0.0
livebench_selected,Dracarys70B,tablereformat:eb8aebddc3e1eff35a92de9e8306dfcfebd25201eefda2921b830226b5347dc5,4,0.0,0.0,0.0
livebench_selected,Dracarys70B,tablereformat:eb8aebddc3e1eff35a92de9e8306dfcfebd25201eefda2921b830226b5347dc5,8,0.0,0.0,0.0
livebench_selected,Dracarys70B,tablereformat:eb8aebddc3e1eff35a92de9e8306dfcfebd25201eefda2921b830226b5347dc5,16,0.0,0.0,0.0
livebench_selected,Dracarys70B,tablereformat:eb8aebddc3e1eff35a92de9e8306dfcfebd25201eefda2921b830226b5347dc5,32,0.0,0.0,0.0
livebench_selected,Dracarys70B,tablereformat:eb8aebddc3e1eff35a92de9e8306dfcfebd25201eefda2921b830226b5347dc5,48,0.0,0.0,0.0
livebench_selected,Dracarys70B,zebra_puzzle:20d48b97e524cd64f82b0e4fb3c597a37bae1d9357e9b2c93aad96b4c70e098e,1,0.375,0.375,0.0
livebench_selected,Dracarys70B,zebra_puzzle:20d48b97e524cd64f82b0e4fb3c597a37bae1d9357e9b2c93aad96b4c70e098e,2,0.3012152777777778,0.3012152777777778,0.0
livebench_selected,Dracarys70B,zebra_puzzle:20d48b97e524cd64f82b0e4fb3c597a37bae1d9357e9b2c93aad96b4c70e098e,4,0.22834796670042432,0.22834796670042432,0.0
livebench_selected,Dracarys70B,zebra_puzzle:20d48b97e524cd64f82b0e4fb3c597a37bae1d9357e9b2c93aad96b4c70e098e,8,0.20798777304344146,0.20798777304344146,0.0
livebench_selected,Dracarys70B,zebra_puzzle:20d48b97e524cd64f82b0e4fb3c597a37bae1d9357e9b2c93aad96b4c70e098e,16,0.23148152354136659,0.23148152354136659,0.0
livebench_selected,Dracarys70B,zebra_puzzle:20d48b97e524cd64f82b0e4fb3c597a37bae1d9357e9b2c93aad96b4c70e098e,32,0.2554077395342434,0.2554077395342434,0.0
livebench_selected,Dracarys70B,zebra_puzzle:20d48b97e524cd64f82b0e4fb3c597a37bae1d9357e9b2c93aad96b4c70e098e,48,0.23447062217216222,0.23447062217216222,0.0
livebench_selected,Dracarys70B,zebra_puzzle:743aa0ae2d518d95d45ab8b77a7e9ffde5a03c07da8a6af9e81a4e3689aeef0c,1,0.0625,0.0625,0.0
livebench_selected,Dracarys70B,zebra_puzzle:743aa0ae2d518d95d45ab8b77a7e9ffde5a03c07da8a6af9e81a4e3689aeef0c,2,0.03428819444444447,0.03428819444444447,0.0
livebench_selected,Dracarys70B,zebra_puzzle:743aa0ae2d518d95d45ab8b77a7e9ffde5a03c07da8a6af9e81a4e3689aeef0c,4,0.025954823435088772,0.025954823435088772,0.0
livebench_selected,Dracarys70B,zebra_puzzle:743aa0ae2d518d95d45ab8b77a7e9ffde5a03c07da8a6af9e81a4e3689aeef0c,8,0.010890885685730817,0.010890885685730817,0.0
livebench_selected,Dracarys70B,zebra_puzzle:743aa0ae2d518d95d45ab8b77a7e9ffde5a03c07da8a6af9e81a4e3689aeef0c,16,0.0009685010068130933,0.0009685010068130933,0.0
livebench_selected,Dracarys70B,zebra_puzzle:743aa0ae2d518d95d45ab8b77a7e9ffde5a03c07da8a6af9e81a4e3689aeef0c,32,3.886961299572759e-06,3.886961299572759e-06,0.0
livebench_selected,Dracarys70B,zebra_puzzle:743aa0ae2d518d95d45ab8b77a7e9ffde5a03c07da8a6af9e81a4e3689aeef0c,48,1.1926997810973695e-08,1.1926997810973695e-08,0.0
livebench_selected,Dracarys70B,zebra_puzzle:84650f1042abf3d267bb79b6d1e1d899d27327a11ab81f1079121734a68306b1,1,0.1875,0.1875,0.0
livebench_selected,Dracarys70B,zebra_puzzle:84650f1042abf3d267bb79b6d1e1d899d27327a11ab81f1079121734a68306b1,2,0.1697048611111112,0.1697048611111112,0.0
livebench_selected,Dracarys70B,zebra_puzzle:84650f1042abf3d267bb79b6d1e1d899d27327a11ab81f1079121734a68306b1,4,0.1601078363112463,0.1601078363112463,0.0
livebench_selected,Dracarys70B,zebra_puzzle:84650f1042abf3d267bb79b6d1e1d899d27327a11ab81f1079121734a68306b1,8,0.1784108215430193,0.1784108215430193,0.0
livebench_selected,Dracarys70B,zebra_puzzle:84650f1042abf3d267bb79b6d1e1d899d27327a11ab81f1079121734a68306b1,16,0.28736370110660897,0.28736370110660897,0.0
livebench_selected,Dracarys70B,zebra_puzzle:84650f1042abf3d267bb79b6d1e1d899d27327a11ab81f1079121734a68306b1,32,0.49019003766079317,0.49019003766079317,0.0
livebench_selected,Dracarys70B,zebra_puzzle:84650f1042abf3d267bb79b6d1e1d899d27327a11ab81f1079121734a68306b1,48,0.6359862635965128,0.6359862635965128,0.0
livebench_selected,Dracarys70B,zebra_puzzle:b1b1678a4f290c8ab2b85f957a0cdbba93ef0c97d1e7ab4663e46e92ebac70e8,1,0.3125,0.3125,0.0
livebench_selected,Dracarys70B,zebra_puzzle:b1b1678a4f290c8ab2b85f957a0cdbba93ef0c97d1e7ab4663e46e92ebac70e8,2,0.2625868055555556,0.2625868055555556,0.0
livebench_selected,Dracarys70B,zebra_puzzle:b1b1678a4f290c8ab2b85f957a0cdbba93ef0c97d1e7ab4663e46e92ebac70e8,4,0.24212062506028142,0.24212062506028142,0.0
livebench_selected,Dracarys70B,zebra_puzzle:b1b1678a4f290c8ab2b85f957a0cdbba93ef0c97d1e7ab4663e46e92ebac70e8,8,0.23343236359202332,0.23343236359202332,0.0
livebench_selected,Dracarys70B,zebra_puzzle:b1b1678a4f290c8ab2b85f957a0cdbba93ef0c97d1e7ab4663e46e92ebac70e8,16,0.2335772102029477,0.2335772102029477,0.0
livebench_selected,Dracarys70B,zebra_puzzle:b1b1678a4f290c8ab2b85f957a0cdbba93ef0c97d1e7ab4663e46e92ebac70e8,32,0.25477190396066257,0.25477190396066257,0.0
livebench_selected,Dracarys70B,zebra_puzzle:b1b1678a4f290c8ab2b85f957a0cdbba93ef0c97d1e7ab4663e46e92ebac70e8,48,0.23440056465344514,0.23440056465344514,0.0
livebench_selected,Dracarys70B,zebra_puzzle:bd14ba82d1fe813dcdf6c16f0f868e5f3fe92e4cee9cf5eb3fd5cb6f03d68517,1,0.041666666666666664,0.041666666666666664,0.0
livebench_selected,Dracarys70B,zebra_puzzle:bd14ba82d1fe813dcdf6c16f0f868e5f3fe92e4cee9cf5eb3fd5cb6f03d68517,2,0.03472222222222224,0.03472222222222224,0.0
livebench_selected,Dracarys70B,zebra_puzzle:bd14ba82d1fe813dcdf6c16f0f868e5f3fe92e4cee9cf5eb3fd5cb6f03d68517,4,0.012086467978395066,0.012086467978395066,0.0
livebench_selected,Dracarys70B,zebra_puzzle:bd14ba82d1fe813dcdf6c16f0f868e5f3fe92e4cee9cf5eb3fd5cb6f03d68517,8,0.000739525495424374,0.000739525495424374,0.0
livebench_selected,Dracarys70B,zebra_puzzle:bd14ba82d1fe813dcdf6c16f0f868e5f3fe92e4cee9cf5eb3fd5cb6f03d68517,16,1.438317304848026e-06,1.438317304848026e-06,0.0
livebench_selected,Dracarys70B,zebra_puzzle:bd14ba82d1fe813dcdf6c16f0f868e5f3fe92e4cee9cf5eb3fd5cb6f03d68517,32,3.113675410520387e-12,3.113675410520387e-12,0.0
livebench_selected,Dracarys70B,zebra_puzzle:bd14ba82d1fe813dcdf6c16f0f868e5f3fe92e4cee9cf5eb3fd5cb6f03d68517,48,5.7992554443775645e-18,5.7992554443775645e-18,0.0
livebench_selected,Dracarys70B,zebra_puzzle:d977e70d05f737b3df36dbe997420820c43a0c43cfb0ff32290d45667b53987d,1,0.08333333333333333,0.08333333333333333,0.0
livebench_selected,Dracarys70B,zebra_puzzle:d977e70d05f737b3df36dbe997420820c43a0c43cfb0ff32290d45667b53987d,2,0.08940972222222238,0.08940972222222238,0.0
livebench_selected,Dracarys70B,zebra_puzzle:d977e70d05f737b3df36dbe997420820c43a0c43cfb0ff32290d45667b53987d,4,0.09022616162712203,0.09022616162712203,0.0
livebench_selected,Dracarys70B,zebra_puzzle:d977e70d05f737b3df36dbe997420820c43a0c43cfb0ff32290d45667b53987d,8,0.1021808985494547,0.1021808985494547,0.0
livebench_selected,Dracarys70B,zebra_puzzle:d977e70d05f737b3df36dbe997420820c43a0c43cfb0ff32290d45667b53987d,16,0.10762301178483791,0.10762301178483791,0.0
livebench_selected,Dracarys70B,zebra_puzzle:d977e70d05f737b3df36dbe997420820c43a0c43cfb0ff32290d45667b53987d,32,0.06502045132134282,0.06502045132134282,0.0
livebench_selected,Dracarys70B,zebra_puzzle:d977e70d05f737b3df36dbe997420820c43a0c43cfb0ff32290d45667b53987d,48,0.029794768357615995,0.029794768357615995,0.0
livebench_selected,Dracarys70B,zebra_puzzle:fe37c4db2b25d85eb28bc39dc6c978c002216c9e26227d7a9389abad0dd230f0,1,0.3125,0.3125,0.0
livebench_selected,Dracarys70B,zebra_puzzle:fe37c4db2b25d85eb28bc39dc6c978c002216c9e26227d7a9389abad0dd230f0,2,0.3077256944444447,0.3077256944444447,0.0
livebench_selected,Dracarys70B,zebra_puzzle:fe37c4db2b25d85eb28bc39dc6c978c002216c9e26227d7a9389abad0dd230f0,4,0.35607476881992695,0.35607476881992695,0.0
livebench_selected,Dracarys70B,zebra_puzzle:fe37c4db2b25d85eb28bc39dc6c978c002216c9e26227d7a9389abad0dd230f0,8,0.4510707085978923,0.4510707085978923,0.0
livebench_selected,Dracarys70B,zebra_puzzle:fe37c4db2b25d85eb28bc39dc6c978c002216c9e26227d7a9389abad0dd230f0,16,0.5364936754925261,0.5364936754925261,0.0
livebench_selected,Dracarys70B,zebra_puzzle:fe37c4db2b25d85eb28bc39dc6c978c002216c9e26227d7a9389abad0dd230f0,32,0.6037695343362112,0.6037695343362112,0.0
livebench_selected,Dracarys70B,zebra_puzzle:fe37c4db2b25d85eb28bc39dc6c978c002216c9e26227d7a9389abad0dd230f0,48,0.6795200695827099,0.6795200695827099,0.0
livebench_selected,Stockmark100B,paraphrase:693c559e842aadf93ddcaba5f140c97aac1419c23fda3c1038c7a690c13b1213,1,0.0,0.0,0.0
livebench_selected,Stockmark100B,paraphrase:693c559e842aadf93ddcaba5f140c97aac1419c23fda3c1038c7a690c13b1213,2,0.0,0.0,0.0
livebench_selected,Stockmark100B,paraphrase:693c559e842aadf93ddcaba5f140c97aac1419c23fda3c1038c7a690c13b1213,4,0.0,0.0,0.0
livebench_selected,Stockmark100B,paraphrase:693c559e842aadf93ddcaba5f140c97aac1419c23fda3c1038c7a690c13b1213,8,0.0,0.0,0.0
livebench_selected,Stockmark100B,paraphrase:693c559e842aadf93ddcaba5f140c97aac1419c23fda3c1038c7a690c13b1213,16,0.0,0.0,0.0
livebench_selected,Stockmark100B,paraphrase:693c559e842aadf93ddcaba5f140c97aac1419c23fda3c1038c7a690c13b1213,32,0.0,0.0,0.0
livebench_selected,Stockmark100B,paraphrase:693c559e842aadf93ddcaba5f140c97aac1419c23fda3c1038c7a690c13b1213,48,0.0,0.0,0.0
livebench_selected,Stockmark100B,paraphrase:91b1079c3dd6f0c003bb20f34f3783141cbc55926e6e3001ba18eaba3acc169e,1,0.14583333333333334,0.14583333333333334,0.0
livebench_selected,Stockmark100B,paraphrase:91b1079c3dd6f0c003bb20f34f3783141cbc55926e6e3001ba18eaba3acc169e,2,0.21918402777777762,0.21918402777777762,0.0
livebench_selected,Stockmark100B,paraphrase:91b1079c3dd6f0c003bb20f34f3783141cbc55926e6e3001ba18eaba3acc169e,4,0.287762865608121,0.287762865608121,0.0
livebench_selected,Stockmark100B,paraphrase:91b1079c3dd6f0c003bb20f34f3783141cbc55926e6e3001ba18eaba3acc169e,8,0.3520624132607542,0.3520624132607542,0.0
livebench_selected,Stockmark100B,paraphrase:91b1079c3dd6f0c003bb20f34f3783141cbc55926e6e3001ba18eaba3acc169e,16,0.4253805763212072,0.4253805763212072,0.0
livebench_selected,Stockmark100B,paraphrase:91b1079c3dd6f0c003bb20f34f3783141cbc55926e6e3001ba18eaba3acc169e,32,0.5383411921180259,0.5383411921180259,0.0
livebench_selected,Stockmark100B,paraphrase:91b1079c3dd6f0c003bb20f34f3783141cbc55926e6e3001ba18eaba3acc169e,48,0.6497015968697163,0.6497015968697163,0.0
livebench_selected,Stockmark100B,paraphrase:d2adc0a1fad83dc359b9b10550d05c3b551685dbd85ca6f9f68721a7ecdc4785,1,0.0,0.0,0.0
livebench_selected,Stockmark100B,paraphrase:d2adc0a1fad83dc359b9b10550d05c3b551685dbd85ca6f9f68721a7ecdc4785,2,0.0,0.0,0.0
livebench_selected,Stockmark100B,paraphrase:d2adc0a1fad83dc359b9b10550d05c3b551685dbd85ca6f9f68721a7ecdc4785,4,0.0,0.0,0.0
livebench_selected,Stockmark100B,paraphrase:d2adc0a1fad83dc359b9b10550d05c3b551685dbd85ca6f9f68721a7ecdc4785,8,0.0,0.0,0.0
livebench_selected,Stockmark100B,paraphrase:d2adc0a1fad83dc359b9b10550d05c3b551685dbd85ca6f9f68721a7ecdc4785,16,0.0,0.0,0.0
livebench_selected,Stockmark100B,paraphrase:d2adc0a1fad83dc359b9b10550d05c3b551685dbd85ca6f9f68721a7ecdc4785,32,0.0,0.0,0.0
livebench_selected,Stockmark100B,paraphrase:d2adc0a1fad83dc359b9b10550d05c3b551685dbd85ca6f9f68721a7ecdc4785,48,0.0,0.0,0.0
livebench_selected,Stockmark100B,paraphrase:da578f206820d6be4519d710c3872a4c217f97f111b1f09c89b8e9ad675ce88d,1,0.5,0.5,0.0
livebench_selected,Stockmark100B,paraphrase:da578f206820d6be4519d710c3872a4c217f97f111b1f09c89b8e9ad675ce88d,2,0.5937500000000004,0.5937500000000004,0.0
livebench_selected,Stockmark100B,paraphrase:da578f206820d6be4519d710c3872a4c217f97f111b1f09c89b8e9ad675ce88d,4,0.5846060293692135,0.5846060293692135,0.0
livebench_selected,Stockmark100B,paraphrase:da578f206820d6be4519d710c3872a4c217f97f111b1f09c89b8e9ad675ce88d,8,0.5654805181420253,0.5654805181420253,0.0
livebench_selected,Stockmark100B,paraphrase:da578f206820d6be4519d710c3872a4c217f97f111b1f09c89b8e9ad675ce88d,16,0.6175645094964315,0.6175645094964315,0.0
livebench_selected,Stockmark100B,paraphrase:da578f206820d6be4519d710c3872a4c217f97f111b1f09c89b8e9ad675ce88d,32,0.7007548590163991,0.7007548590163991,0.0
livebench_selected,Stockmark100B,paraphrase:da578f206820d6be4519d710c3872a4c217f97f111b1f09c89b8e9ad675ce88d,48,0.753751099886778,0.753751099886778,0.0
livebench_selected,Stockmark100B,paraphrase:f3472a74bc480a915c2a3875c505fd5b3ebe475d25cefdae9447002ed88b0106,1,0.0,0.0,0.0
livebench_selected,Stockmark100B,paraphrase:f3472a74bc480a915c2a3875c505fd5b3ebe475d25cefdae9447002ed88b0106,2,0.0,0.0,0.0
livebench_selected,Stockmark100B,paraphrase:f3472a74bc480a915c2a3875c505fd5b3ebe475d25cefdae9447002ed88b0106,4,0.0,0.0,0.0
livebench_selected,Stockmark100B,paraphrase:f3472a74bc480a915c2a3875c505fd5b3ebe475d25cefdae9447002ed88b0106,8,0.0,0.0,0.0
livebench_selected,Stockmark100B,paraphrase:f3472a74bc480a915c2a3875c505fd5b3ebe475d25cefdae9447002ed88b0106,16,0.0,0.0,0.0
livebench_selected,Stockmark100B,paraphrase:f3472a74bc480a915c2a3875c505fd5b3ebe475d25cefdae9447002ed88b0106,32,0.0,0.0,0.0
livebench_selected,Stockmark100B,paraphrase:f3472a74bc480a915c2a3875c505fd5b3ebe475d25cefdae9447002ed88b0106,48,0.0,0.0,0.0
livebench_selected,Stockmark100B,paraphrase:f4cbfc58a683894a66b028420969bb75a35fe4acda1bd3dce0024062c11b2041,1,0.020833333333333332,0.020833333333333332,0.0
livebench_selected,Stockmark100B,paraphrase:f4cbfc58a683894a66b028420969bb75a35fe4acda1bd3dce0024062c11b2041,2,0.04123263888888895,0.04123263888888895,0.0
livebench_selected,Stockmark100B,paraphrase:f4cbfc58a683894a66b028420969bb75a35fe4acda1bd3dce0024062c11b2041,4,0.08076514726803641,0.08076514726803641,0.0
livebench_selected,Stockmark100B,paraphrase:f4cbfc58a683894a66b028420969bb75a35fe4acda1bd3dce0024062c11b2041,8,0.15500728552284515,0.15500728552284515,0.0
livebench_selected,Stockmark100B,paraphrase:f4cbfc58a683894a66b028420969bb75a35fe4acda1bd3dce0024062c11b2041,16,0.28598731248052955,0.28598731248052955,0.0
livebench_selected,Stockmark100B,paraphrase:f4cbfc58a683894a66b028420969bb75a35fe4acda1bd3dce0024062c11b2041,32,0.49018588206122304,0.49018588206122304,0.0
livebench_selected,Stockmark100B,paraphrase:f4cbfc58a683894a66b028420969bb75a35fe4acda1bd3dce0024062c11b2041,48,0.6359862515151655,0.6359862515151655,0.0
livebench_selected,Stockmark100B,tablereformat:09752b3d3e355017282301de1735bd903221368e1fadf3e64aa9594ef7730e62,1,0.0,0.0,0.0
livebench_selected,Stockmark100B,tablereformat:09752b3d3e355017282301de1735bd903221368e1fadf3e64aa9594ef7730e62,2,0.0,0.0,0.0
livebench_selected,Stockmark100B,tablereformat:09752b3d3e355017282301de1735bd903221368e1fadf3e64aa9594ef7730e62,4,0.0,0.0,0.0
livebench_selected,Stockmark100B,tablereformat:09752b3d3e355017282301de1735bd903221368e1fadf3e64aa9594ef7730e62,8,0.0,0.0,0.0
livebench_selected,Stockmark100B,tablereformat:09752b3d3e355017282301de1735bd903221368e1fadf3e64aa9594ef7730e62,16,0.0,0.0,0.0
livebench_selected,Stockmark100B,tablereformat:09752b3d3e355017282301de1735bd903221368e1fadf3e64aa9594ef7730e62,32,0.0,0.0,0.0
livebench_selected,Stockmark100B,tablereformat:09752b3d3e355017282301de1735bd903221368e1fadf3e64aa9594ef7730e62,48,0.0,0.0,0.0
livebench_selected,Stockmark100B,tablereformat:56ace477670fa1527771dc1a4f2babac3b704f1c313b8981a53ce892f55b6c05,1,0.0,0.0,0.0
livebench_selected,Stockmark100B,tablereformat:56ace477670fa1527771dc1a4f2babac3b704f1c313b8981a53ce892f55b6c05,2,0.0,0.0,0.0
livebench_selected,Stockmark100B,tablereformat:56ace477670fa1527771dc1a4f2babac3b704f1c313b8981a53ce892f55b6c05,4,0.0,0.0,0.0
livebench_selected,Stockmark100B,tablereformat:56ace477670fa1527771dc1a4f2babac3b704f1c313b8981a53ce892f55b6c05,8,0.0,0.0,0.0
livebench_selected,Stockmark100B,tablereformat:56ace477670fa1527771dc1a4f2babac3b704f1c313b8981a53ce892f55b6c05,16,0.0,0.0,0.0
livebench_selected,Stockmark100B,tablereformat:56ace477670fa1527771dc1a4f2babac3b704f1c313b8981a53ce892f55b6c05,32,0.0,0.0,0.0
livebench_selected,Stockmark100B,tablereformat:56ace477670fa1527771dc1a4f2babac3b704f1c313b8981a53ce892f55b6c05,48,0.0,0.0,0.0
livebench_selected,Stockmark100B,tablereformat:57772b38ab8d4f9f2e30d5e0cca6e007f228786523ed027bdbf37b59fe20e3b1,1,0.0,0.0,0.0
livebench_selected,Stockmark100B,tablereformat:57772b38ab8d4f9f2e30d5e0cca6e007f228786523ed027bdbf37b59fe20e3b1,2,0.0,0.0,0.0
livebench_selected,Stockmark100B,tablereformat:57772b38ab8d4f9f2e30d5e0cca6e007f228786523ed027bdbf37b59fe20e3b1,4,0.0,0.0,0.0
livebench_selected,Stockmark100B,tablereformat:57772b38ab8d4f9f2e30d5e0cca6e007f228786523ed027bdbf37b59fe20e3b1,8,0.0,0.0,0.0
livebench_selected,Stockmark100B,tablereformat:57772b38ab8d4f9f2e30d5e0cca6e007f228786523ed027bdbf37b59fe20e3b1,16,0.0,0.0,0.0
livebench_selected,Stockmark100B,tablereformat:57772b38ab8d4f9f2e30d5e0cca6e007f228786523ed027bdbf37b59fe20e3b1,32,0.0,0.0,0.0
livebench_selected,Stockmark100B,tablereformat:57772b38ab8d4f9f2e30d5e0cca6e007f228786523ed027bdbf37b59fe20e3b1,48,0.0,0.0,0.0
livebench_selected,Stockmark100B,tablereformat:8b25c07592f100c7c61af45d3de6eec07f4996d0a211f613cc1e224db02bba4c,1,0.0,0.0,0.0
livebench_selected,Stockmark100B,tablereformat:8b25c07592f100c7c61af45d3de6eec07f4996d0a211f613cc1e224db02bba4c,2,0.0,0.0,0.0
livebench_selected,Stockmark100B,tablereformat:8b25c07592f100c7c61af45d3de6eec07f4996d0a211f613cc1e224db02bba4c,4,0.0,0.0,0.0
livebench_selected,Stockmark100B,tablereformat:8b25c07592f100c7c61af45d3de6eec07f4996d0a211f613cc1e224db02bba4c,8,0.0,0.0,0.0
livebench_selected,Stockmark100B,tablereformat:8b25c07592f100c7c61af45d3de6eec07f4996d0a211f613cc1e224db02bba4c,16,0.0,0.0,0.0
livebench_selected,Stockmark100B,tablereformat:8b25c07592f100c7c61af45d3de6eec07f4996d0a211f613cc1e224db02bba4c,32,0.0,0.0,0.0
livebench_selected,Stockmark100B,tablereformat:8b25c07592f100c7c61af45d3de6eec07f4996d0a211f613cc1e224db02bba4c,48,0.0,0.0,0.0
livebench_selected,Stockmark100B,tablereformat:ce1fa8f673c3d33b3986e4f4f148ab1a11e42cd2b7f15390f0f4f2acb530a6e3,1,0.0,0.0,0.0
livebench_selected,Stockmark100B,tablereformat:ce1fa8f673c3d33b3986e4f4f148ab1a11e42cd2b7f15390f0f4f2acb530a6e3,2,0.0,0.0,0.0
livebench_selected,Stockmark100B,tablereformat:ce1fa8f673c3d33b3986e4f4f148ab1a11e42cd2b7f15390f0f4f2acb530a6e3,4,0.0,0.0,0.0
livebench_selected,Stockmark100B,tablereformat:ce1fa8f673c3d33b3986e4f4f148ab1a11e42cd2b7f15390f0f4f2acb530a6e3,8,0.0,0.0,0.0
livebench_selected,Stockmark100B,tablereformat:ce1fa8f673c3d33b3986e4f4f148ab1a11e42cd2b7f15390f0f4f2acb530a6e3,16,0.0,0.0,0.0
livebench_selected,Stockmark100B,tablereformat:ce1fa8f673c3d33b3986e4f4f148ab1a11e42cd2b7f15390f0f4f2acb530a6e3,32,0.0,0.0,0.0
livebench_selected,Stockmark100B,tablereformat:ce1fa8f673c3d33b3986e4f4f148ab1a11e42cd2b7f15390f0f4f2acb530a6e3,48,0.0,0.0,0.0
livebench_selected,Stockmark100B,tablereformat:e114ea800daa6938bd7bbc29c6fde32844324662764b5cb63d7e4e78c3b66c65,1,0.0,0.0,0.0
livebench_selected,Stockmark100B,tablereformat:e114ea800daa6938bd7bbc29c6fde32844324662764b5cb63d7e4e78c3b66c65,2,0.0,0.0,0.0
livebench_selected,Stockmark100B,tablereformat:e114ea800daa6938bd7bbc29c6fde32844324662764b5cb63d7e4e78c3b66c65,4,0.0,0.0,0.0
livebench_selected,Stockmark100B,tablereformat:e114ea800daa6938bd7bbc29c6fde32844324662764b5cb63d7e4e78c3b66c65,8,0.0,0.0,0.0
livebench_selected,Stockmark100B,tablereformat:e114ea800daa6938bd7bbc29c6fde32844324662764b5cb63d7e4e78c3b66c65,16,0.0,0.0,0.0
livebench_selected,Stockmark100B,tablereformat:e114ea800daa6938bd7bbc29c6fde32844324662764b5cb63d7e4e78c3b66c65,32,0.0,0.0,0.0
livebench_selected,Stockmark100B,tablereformat:e114ea800daa6938bd7bbc29c6fde32844324662764b5cb63d7e4e78c3b66c65,48,0.0,0.0,0.0
livebench_selected,Stockmark100B,tablereformat:eb8aebddc3e1eff35a92de9e8306dfcfebd25201eefda2921b830226b5347dc5,1,0.0,0.0,0.0
livebench_selected,Stockmark100B,tablereformat:eb8aebddc3e1eff35a92de9e8306dfcfebd25201eefda2921b830226b5347dc5,2,0.0,0.0,0.0
livebench_selected,Stockmark100B,tablereformat:eb8aebddc3e1eff35a92de9e8306dfcfebd25201eefda2921b830226b5347dc5,4,0.0,0.0,0.0
livebench_selected,Stockmark100B,tablereformat:eb8aebddc3e1eff35a92de9e8306dfcfebd25201eefda2921b830226b5347dc5,8,0.0,0.0,0.0
livebench_selected,Stockmark100B,tablereformat:eb8aebddc3e1eff35a92de9e8306dfcfebd25201eefda2921b830226b5347dc5,16,0.0,0.0,0.0
livebench_selected,Stockmark100B,tablereformat:eb8aebddc3e1eff35a92de9e8306dfcfebd25201eefda2921b830226b5347dc5,32,0.0,0.0,0.0
livebench_selected,Stockmark100B,tablereformat:eb8aebddc3e1eff35a92de9e8306dfcfebd25201eefda2921b830226b5347dc5,48,0.0,0.0,0.0
livebench_selected,Stockmark100B,zebra_puzzle:20d48b97e524cd64f82b0e4fb3c597a37bae1d9357e9b2c93aad96b4c70e098e,1,0.020833333333333332,0.020833333333333332,0.0
livebench_selected,Stockmark100B,zebra_puzzle:20d48b97e524cd64f82b0e4fb3c597a37bae1d9357e9b2c93aad96b4c70e098e,2,0.03428819444444453,0.03428819444444453,0.0
livebench_selected,Stockmark100B,zebra_puzzle:20d48b97e524cd64f82b0e4fb3c597a37bae1d9357e9b2c93aad96b4c70e098e,4,0.046446812005690674,0.046446812005690674,0.0
livebench_selected,Stockmark100B,zebra_puzzle:20d48b97e524cd64f82b0e4fb3c597a37bae1d9357e9b2c93aad96b4c70e098e,8,0.042640930542712785,0.042640930542712785,0.0
livebench_selected,Stockmark100B,zebra_puzzle:20d48b97e524cd64f82b0e4fb3c597a37bae1d9357e9b2c93aad96b4c70e098e,16,0.018015586268178355,0.018015586268178355,0.0
livebench_selected,Stockmark100B,zebra_puzzle:20d48b97e524cd64f82b0e4fb3c597a37bae1d9357e9b2c93aad96b4c70e098e,32,0.001624288853788952,0.001624288853788952,0.0
livebench_selected,Stockmark100B,zebra_puzzle:20d48b97e524cd64f82b0e4fb3c597a37bae1d9357e9b2c93aad96b4c70e098e,48,0.0001112964461888163,0.0001112964461888163,0.0
livebench_selected,Stockmark100B,zebra_puzzle:743aa0ae2d518d95d45ab8b77a7e9ffde5a03c07da8a6af9e81a4e3689aeef0c,1,0.20833333333333334,0.20833333333333334,0.0
livebench_selected,Stockmark100B,zebra_puzzle:743aa0ae2d518d95d45ab8b77a7e9ffde5a03c07da8a6af9e81a4e3689aeef0c,2,0.17881944444444411,0.17881944444444411,0.0
livebench_selected,Stockmark100B,zebra_puzzle:743aa0ae2d518d95d45ab8b77a7e9ffde5a03c07da8a6af9e81a4e3689aeef0c,4,0.20545187114197497,0.20545187114197497,0.0
livebench_selected,Stockmark100B,zebra_puzzle:743aa0ae2d518d95d45ab8b77a7e9ffde5a03c07da8a6af9e81a4e3689aeef0c,8,0.2782422868164998,0.2782422868164998,0.0
livebench_selected,Stockmark100B,zebra_puzzle:743aa0ae2d518d95d45ab8b77a7e9ffde5a03c07da8a6af9e81a4e3689aeef0c,16,0.3221440037001974,0.3221440037001974,0.0
livebench_selected,Stockmark100B,zebra_puzzle:743aa0ae2d518d95d45ab8b77a7e9ffde5a03c07da8a6af9e81a4e3689aeef0c,32,0.293305011930737,0.293305011930737,0.0
livebench_selected,Stockmark100B,zebra_puzzle:743aa0ae2d518d95d45ab8b77a7e9ffde5a03c07da8a6af9e81a4e3689aeef0c,48,0.24574398304679881,0.24574398304679881,0.0
livebench_selected,Stockmark100B,zebra_puzzle:84650f1042abf3d267bb79b6d1e1d899d27327a11ab81f1079121734a68306b1,1,0.125,0.125,0.0
livebench_selected,Stockmark100B,zebra_puzzle:84650f1042abf3d267bb79b6d1e1d899d27327a11ab81f1079121734a68306b1,2,0.1883680555555554,0.1883680555555554,0.0
livebench_selected,Stockmark100B,zebra_puzzle:84650f1042abf3d267bb79b6d1e1d899d27327a11ab81f1079121734a68306b1,4,0.2606544023678625,0.2606544023678625,0.0
livebench_selected,Stockmark100B,zebra_puzzle:84650f1042abf3d267bb79b6d1e1d899d27327a11ab81f1079121734a68306b1,8,0.3276105391358021,0.3276105391358021,0.0
livebench_selected,Stockmark100B,zebra_puzzle:84650f1042abf3d267bb79b6d1e1d899d27327a11ab81f1079121734a68306b1,16,0.3957227943455562,0.3957227943455562,0.0
livebench_selected,Stockmark100B,zebra_puzzle:84650f1042abf3d267bb79b6d1e1d899d27327a11ab81f1079121734a68306b1,32,0.5260281140042702,0.5260281140042702,0.0
livebench_selected,Stockmark100B,zebra_puzzle:84650f1042abf3d267bb79b6d1e1d899d27327a11ab81f1079121734a68306b1,48,0.646607698392416,0.646607698392416,0.0
livebench_selected,Stockmark100B,zebra_puzzle:b1b1678a4f290c8ab2b85f957a0cdbba93ef0c97d1e7ab4663e46e92ebac70e8,1,0.020833333333333332,0.020833333333333332,0.0
livebench_selected,Stockmark100B,zebra_puzzle:b1b1678a4f290c8ab2b85f957a0cdbba93ef0c97d1e7ab4663e46e92ebac70e8,2,0.01866319444444442,0.01866319444444442,0.0
livebench_selected,Stockmark100B,zebra_puzzle:b1b1678a4f290c8ab2b85f957a0cdbba93ef0c97d1e7ab4663e46e92ebac70e8,4,0.0074928189501350245,0.0074928189501350245,0.0
livebench_selected,Stockmark100B,zebra_puzzle:b1b1678a4f290c8ab2b85f957a0cdbba93ef0c97d1e7ab4663e46e92ebac70e8,8,0.0006051614489565322,0.0006051614489565322,0.0
livebench_selected,Stockmark100B,zebra_puzzle:b1b1678a4f290c8ab2b85f957a0cdbba93ef0c97d1e7ab4663e46e92ebac70e8,16,1.9907427962049753e-06,1.9907427962049753e-06,0.0
livebench_selected,Stockmark100B,zebra_puzzle:b1b1678a4f290c8ab2b85f957a0cdbba93ef0c97d1e7ab4663e46e92ebac70e8,32,1.113594515445966e-11,1.113594515445966e-11,0.0
livebench_selected,Stockmark100B,zebra_puzzle:b1b1678a4f290c8ab2b85f957a0cdbba93ef0c97d1e7ab4663e46e92ebac70e8,48,4.8692081672699675e-17,4.8692081672699675e-17,0.0
livebench_selected,Stockmark100B,zebra_puzzle:bd14ba82d1fe813dcdf6c16f0f868e5f3fe92e4cee9cf5eb3fd5cb6f03d68517,1,0.10416666666666667,0.10416666666666667,0.0
livebench_selected,Stockmark100B,zebra_puzzle:bd14ba82d1fe813dcdf6c16f0f868e5f3fe92e4cee9cf5eb3fd5cb6f03d68517,2,0.1254340277777778,0.1254340277777778,0.0
livebench_selected,Stockmark100B,zebra_puzzle:bd14ba82d1fe813dcdf6c16f0f868e5f3fe92e4cee9cf5eb3fd5cb6f03d68517,4,0.164116941852334,0.164116941852334,0.0
livebench_selected,Stockmark100B,zebra_puzzle:bd14ba82d1fe813dcdf6c16f0f868e5f3fe92e4cee9cf5eb3fd5cb6f03d68517,8,0.2509222890982765,0.2509222890982765,0.0
livebench_selected,Stockmark100B,zebra_puzzle:bd14ba82d1fe813dcdf6c16f0f868e5f3fe92e4cee9cf5eb3fd5cb6f03d68517,16,0.35798409412260723,0.35798409412260723,0.0
livebench_selected,Stockmark100B,zebra_puzzle:bd14ba82d1fe813dcdf6c16f0f868e5f3fe92e4cee9cf5eb3fd5cb6f03d68517,32,0.3830253386364928,0.3830253386364928,0.0
livebench_selected,Stockmark100B,zebra_puzzle:bd14ba82d1fe813dcdf6c16f0f868e5f3fe92e4cee9cf5eb3fd5cb6f03d68517,48,0.3188675416254539,0.3188675416254539,0.0
livebench_selected,Stockmark100B,zebra_puzzle:d977e70d05f737b3df36dbe997420820c43a0c43cfb0ff32290d45667b53987d,1,0.020833333333333332,0.020833333333333332,0.0
livebench_selected,Stockmark100B,zebra_puzzle:d977e70d05f737b3df36dbe997420820c43a0c43cfb0ff32290d45667b53987d,2,0.019531250000000056,0.019531250000000056,0.0
livebench_selected,Stockmark100B,zebra_puzzle:d977e70d05f737b3df36dbe997420820c43a0c43cfb0ff32290d45667b53987d,4,0.008587307400173626,0.008587307400173626,0.0
livebench_selected,Stockmark100B,zebra_puzzle:d977e70d05f737b3df36dbe997420820c43a0c43cfb0ff32290d45667b53987d,8,0.0008316433701705107,0.0008316433701705107,0.0
livebench_selected,Stockmark100B,zebra_puzzle:d977e70d05f737b3df36dbe997420820c43a0c43cfb0ff32290d45667b53987d,16,3.930688308661841e-06,3.930688308661841e-06,0.0
livebench_selected,Stockmark100B,zebra_puzzle:d977e70d05f737b3df36dbe997420820c43a0c43cfb0ff32290d45667b53987d,32,4.526303720881346e-11,4.526303720881346e-11,0.0
livebench_selected,Stockmark100B,zebra_puzzle:d977e70d05f737b3df36dbe997420820c43a0c43cfb0ff32290d45667b53987d,48,4.0609552371800918e-16,4.0609552371800918e-16,0.0
livebench_selected,Stockmark100B,zebra_puzzle:fe37c4db2b25d85eb28bc39dc6c978c002216c9e26227d7a9389abad0dd230f0,1,0.5833333333333334,0.5833333333333334,0.0
livebench_selected,Stockmark100B,zebra_puzzle:fe37c4db2b25d85eb28bc39dc6c978c002216c9e26227d7a9389abad0dd230f0,2,0.6111111111111113,0.6111111111111113,0.0
livebench_selected,Stockmark100B,zebra_puzzle:fe37c4db2b25d85eb28bc39dc6c978c002216c9e26227d7a9389abad0dd230f0,4,0.6907672646604939,0.6907672646604939,0.0
livebench_selected,Stockmark100B,zebra_puzzle:fe37c4db2b25d85eb28bc39dc6c978c002216c9e26227d7a9389abad0dd230f0,8,0.8397441537137476,0.8397441537137476,0.0
livebench_selected,Stockmark100B,zebra_puzzle:fe37c4db2b25d85eb28bc39dc6c978c002216c9e26227d7a9389abad0dd230f0,16,0.9622763742463591,0.9622763742463591,0.0
livebench_selected,Stockmark100B,zebra_puzzle:fe37c4db2b25d85eb28bc39dc6c978c002216c9e26227d7a9389abad0dd230f0,32,0.9978689640550171,0.9978689640550171,0.0
livebench_selected,Stockmark100B,zebra_puzzle:fe37c4db2b25d85eb28bc39dc6c978c002216c9e26227d7a9389abad0dd230f0,48,0.999875959417304,0.999875959417304,0.0
