benchmark,model,task_id,N,predicted_acc,actual_acc,abs_error
ifeval,3B,1000,1,0.25,0.25,0.0
ifeval,3B,1000,2,0.3133680555555559,0.3133680555555559,0.0
ifeval,3B,1000,4,0.35728661807966855,0.35728661807966855,0.0
ifeval,3B,1000,8,0.3618370907481539,0.3618370907481539,0.0
ifeval,3B,1000,16,0.28745575078200397,0.28745575078200397,0.0
ifeval,3B,1000,32,0.1576846659110871,0.1576846659110871,0.0
ifeval,3B,1000,48,0.08955624655007792,0.08955624655007792,0.0
ifeval,3B,1001,1,0.9791666666666666,0.9791666666666666,0.0
ifeval,3B,1001,2,0.9596354166666669,0.9596354166666669,0.0
ifeval,3B,1001,4,0.9242288094979748,0.9242288094979748,0.0
ifeval,3B,1001,8,0.8664382350251848,0.8664382350251848,0.0
ifeval,3B,1001,16,0.79212130839033,0.79212130839033,0.0
ifeval,3B,1001,32,0.7463575038768451,0.7463575038768451,0.0
ifeval,3B,1001,48,0.7656434181034004,0.7656434181034004,0.0
ifeval,3B,1005,1,1.0,1.0,0.0
ifeval,3B,1005,2,1.0,1.0,0.0
ifeval,3B,1005,4,1.0,1.0,0.0
ifeval,3B,1005,8,1.0,1.0,0.0
ifeval,3B,1005,16,1.0,1.0,0.0
ifeval,3B,1005,32,1.0,1.0,0.0
ifeval,3B,1005,48,1.0,1.0,0.0
ifeval,3B,1012,1,0.5833333333333334,0.5833333333333334,0.0
ifeval,3B,1012,2,0.7213541666666664,0.7213541666666664,0.0
ifeval,3B,1012,4,0.7729706940827543,0.7729706940827543,0.0
ifeval,3B,1012,8,0.7419975015575809,0.7419975015575809,0.0
ifeval,3B,1012,16,0.6637405970115036,0.6637405970115036,0.0
ifeval,3B,1012,32,0.501586669244226,0.501586669244226,0.0
ifeval,3B,1012,48,0.3628521267079517,0.3628521267079517,0.0
ifeval,3B,1019,1,1.0,1.0,0.0
ifeval,3B,1019,2,1.0,1.0,0.0
ifeval,3B,1019,4,1.0,1.0,0.0
ifeval,3B,1019,8,1.0,1.0,0.0
ifeval,3B,1019,16,1.0,1.0,0.0
ifeval,3B,1019,32,1.0,1.0,0.0
ifeval,3B,1019,48,1.0,1.0,0.0
ifeval,3B,102,1,0.6041666666666666,0.6041666666666666,0.0
ifeval,3B,102,2,0.6106770833333334,0.6106770833333334,0.0
ifeval,3B,102,4,0.5805579291449653,0.5805579291449653,0.0
ifeval,3B,102,8,0.47953865655666367,0.47953865655666367,0.0
ifeval,3B,102,16,0.33070730635310763,0.33070730635310763,0.0
ifeval,3B,102,32,0.17502616678403615,0.17502616678403615,0.0
ifeval,3B,102,48,0.09640353834147104,0.09640353834147104,0.0
ifeval,3B,1021,1,0.2708333333333333,0.2708333333333333,0.0
ifeval,3B,1021,2,0.3485243055555549,0.3485243055555549,0.0
ifeval,3B,1021,4,0.4212757628641003,0.4212757628641003,0.0
ifeval,3B,1021,8,0.47410553845836906,0.47410553845836906,0.0
ifeval,3B,1021,16,0.4649712253110346,0.4649712253110346,0.0
ifeval,3B,1021,32,0.3621738909235914,0.3621738909235914,0.0
ifeval,3B,1021,48,0.27590792142106785,0.27590792142106785,0.0
ifeval,3B,1040,1,0.0625,0.0625,0.0
ifeval,3B,1040,2,0.05859374999999983,0.05859374999999983,0.0
ifeval,3B,1040,4,0.05231221516927065,0.05231221516927065,0.0
ifeval,3B,1040,8,0.03163857167536849,0.03163857167536849,0.0
ifeval,3B,1040,16,0.008294098677862991,0.008294098677862991,0.0
ifeval,3B,1040,32,0.0003253060756692101,0.0003253060756692101,0.0
ifeval,3B,1040,48,9.740039028621231e-06,9.740039028621231e-06,0.0
ifeval,3B,1051,1,1.0,1.0,0.0
ifeval,3B,1051,2,1.0,1.0,0.0
ifeval,3B,1051,4,1.0,1.0,0.0
ifeval,3B,1051,8,1.0,1.0,0.0
ifeval,3B,1051,16,1.0,1.0,0.0
ifeval,3B,1051,32,1.0,1.0,0.0
ifeval,3B,1051,48,1.0,1.0,0.0
ifeval,3B,1069,1,0.3333333333333333,0.3333333333333333,0.0
ifeval,3B,1069,2,0.4401041666666672,0.4401041666666672,0.0
ifeval,3B,1069,4,0.5397463198061347,0.5397463198061347,0.0
ifeval,3B,1069,8,0.6218820846372151,0.6218820846372151,0.0
ifeval,3B,1069,16,0.6725107877197387,0.6725107877197387,0.0
ifeval,3B,1069,32,0.7114684125302696,0.7114684125302696,0.0
ifeval,3B,1069,48,0.7552294624407949,0.7552294624407949,0.0
ifeval,3B,1072,1,1.0,1.0,0.0
ifeval,3B,1072,2,1.0,1.0,0.0
ifeval,3B,1072,4,1.0,1.0,0.0
ifeval,3B,1072,8,1.0,1.0,0.0
ifeval,3B,1072,16,1.0,1.0,0.0
ifeval,3B,1072,32,1.0,1.0,0.0
ifeval,3B,1072,48,1.0,1.0,0.0
ifeval,3B,1075,1,0.9791666666666666,0.9791666666666666,0.0
ifeval,3B,1075,2,0.9839409722222222,0.9839409722222222,0.0
ifeval,3B,1075,4,0.9952255060643325,0.9952255060643325,0.0
ifeval,3B,1075,8,0.9997883692424292,0.9997883692424292,0.0
ifeval,3B,1075,16,0.9999997896892033,0.9999997896892033,0.0
ifeval,3B,1075,32,0.9999999999998914,0.9999999999998914,0.0
ifeval,3B,1075,48,1.0,1.0,0.0
ifeval,3B,1082,1,0.4375,0.4375,0.0
ifeval,3B,1082,2,0.4535590277777779,0.4535590277777779,0.0
ifeval,3B,1082,4,0.4787418695143714,0.4787418695143714,0.0
ifeval,3B,1082,8,0.49692865435563977,0.49692865435563977,0.0
ifeval,3B,1082,16,0.42603059506322893,0.42603059506322893,0.0
ifeval,3B,1082,32,0.24474293373218398,0.24474293373218398,0.0
ifeval,3B,1082,48,0.12815887002181023,0.12815887002181023,0.0
ifeval,3B,1087,1,0.5833333333333334,0.5833333333333334,0.0
ifeval,3B,1087,2,0.5963541666666664,0.5963541666666664,0.0
ifeval,3B,1087,4,0.5582467538339118,0.5582467538339118,0.0
ifeval,3B,1087,8,0.48425391509342847,0.48425391509342847,0.0
ifeval,3B,1087,16,0.3319204669517843,0.3319204669517843,0.0
ifeval,3B,1087,32,0.12583965367892141,0.12583965367892141,0.0
ifeval,3B,1087,48,0.04510920825874018,0.04510920825874018,0.0
ifeval,3B,1092,1,1.0,1.0,0.0
ifeval,3B,1092,2,1.0,1.0,0.0
ifeval,3B,1092,4,1.0,1.0,0.0
ifeval,3B,1092,8,1.0,1.0,0.0
ifeval,3B,1092,16,1.0,1.0,0.0
ifeval,3B,1092,32,1.0,1.0,0.0
ifeval,3B,1092,48,1.0,1.0,0.0
ifeval,3B,1094,1,0.9791666666666666,0.9791666666666666,0.0
ifeval,3B,1094,2,0.9908854166666667,0.9908854166666667,0.0
ifeval,3B,1094,4,0.9991257279007523,0.9991257279007523,0.0
ifeval,3B,1094,8,0.999995941738779,0.999995941738779,0.0
ifeval,3B,1094,16,0.9999999999547273,0.9999999999547273,0.0
ifeval,3B,1094,32,1.0,1.0,0.0
ifeval,3B,1094,48,1.0,1.0,0.0
ifeval,3B,1098,1,0.7083333333333334,0.7083333333333334,0.0
ifeval,3B,1098,2,0.7222222222222219,0.7222222222222219,0.0
ifeval,3B,1098,4,0.7221355673707559,0.7221355673707559,0.0
ifeval,3B,1098,8,0.7204871804881686,0.7204871804881686,0.0
ifeval,3B,1098,16,0.7289532727937755,0.7289532727937755,0.0
ifeval,3B,1098,32,0.8052018357323647,0.8052018357323647,0.0
ifeval,3B,1098,48,0.8856837361942175,0.8856837361942175,0.0
ifeval,3B,1107,1,0.3125,0.3125,0.0
ifeval,3B,1107,2,0.2608506944444443,0.2608506944444443,0.0
ifeval,3B,1107,4,0.1870209493754821,0.1870209493754821,0.0
ifeval,3B,1107,8,0.10449691162123276,0.10449691162123276,0.0
ifeval,3B,1107,16,0.02679742070570038,0.02679742070570038,0.0
ifeval,3B,1107,32,0.0012023045850873752,0.0012023045850873752,0.0
ifeval,3B,1107,48,4.593368477026648e-05,4.593368477026648e-05,0.0
ifeval,3B,1108,1,1.0,1.0,0.0
ifeval,3B,1108,2,1.0,1.0,0.0
ifeval,3B,1108,4,1.0,1.0,0.0
ifeval,3B,1108,8,1.0,1.0,0.0
ifeval,3B,1108,16,1.0,1.0,0.0
ifeval,3B,1108,32,1.0,1.0,0.0
ifeval,3B,1108,48,1.0,1.0,0.0
ifeval,3B,1122,1,0.5208333333333334,0.5208333333333334,0.0
ifeval,3B,1122,2,0.47178819444444436,0.47178819444444436,0.0
ifeval,3B,1122,4,0.41133984224295905,0.41133984224295905,0.0
ifeval,3B,1122,8,0.408903613447911,0.408903613447911,0.0
ifeval,3B,1122,16,0.48105378413614713,0.48105378413614713,0.0
ifeval,3B,1122,32,0.587713425275436,0.587713425275436,0.0
ifeval,3B,1122,48,0.6760500391594181,0.6760500391594181,0.0
ifeval,8B,1000,1,0.7083333333333334,0.7083333333333334,0.0
ifeval,8B,1000,2,0.8428819444444445,0.8428819444444445,0.0
ifeval,8B,1000,4,0.9173444583092207,0.9173444583092207,0.0
ifeval,8B,1000,8,0.9670669502783649,0.9670669502783649,0.0
ifeval,8B,1000,16,0.994268884411003,0.994268884411003,0.0
ifeval,8B,1000,32,0.9998589641302178,0.9998589641302178,0.0
ifeval,8B,1000,48,0.9999972561412142,0.9999972561412142,0.0
ifeval,8B,1001,1,1.0,1.0,0.0
ifeval,8B,1001,2,1.0,1.0,0.0
ifeval,8B,1001,4,1.0,1.0,0.0
ifeval,8B,1001,8,1.0,1.0,0.0
ifeval,8B,1001,16,1.0,1.0,0.0
ifeval,8B,1001,32,1.0,1.0,0.0
ifeval,8B,1001,48,1.0,1.0,0.0
ifeval,8B,1005,1,1.0,1.0,0.0
ifeval,8B,1005,2,1.0,1.0,0.0
ifeval,8B,1005,4,1.0,1.0,0.0
ifeval,8B,1005,8,1.0,1.0,0.0
ifeval,8B,1005,16,1.0,1.0,0.0
ifeval,8B,1005,32,1.0,1.0,0.0
ifeval,8B,1005,48,1.0,1.0,0.0
ifeval,8B,1012,1,0.9166666666666666,0.9166666666666666,0.0
ifeval,8B,1012,2,0.954861111111111,0.954861111111111,0.0
ifeval,8B,1012,4,0.9837088879243827,0.9837088879243827,0.0
ifeval,8B,1012,8,0.9985630502005919,0.9985630502005919,0.0
ifeval,8B,1012,16,0.9999940785688569,0.9999940785688569,0.0
ifeval,8B,1012,32,0.999999999943601,0.999999999943601,0.0
ifeval,8B,1012,48,0.9999999999999996,0.9999999999999996,0.0
ifeval,8B,1019,1,1.0,1.0,0.0
ifeval,8B,1019,2,1.0,1.0,0.0
ifeval,8B,1019,4,1.0,1.0,0.0
ifeval,8B,1019,8,1.0,1.0,0.0
ifeval,8B,1019,16,1.0,1.0,0.0
ifeval,8B,1019,32,1.0,1.0,0.0
ifeval,8B,1019,48,1.0,1.0,0.0
ifeval,8B,102,1,0.5,0.5,0.0
ifeval,8B,102,2,0.48524305555555536,0.48524305555555536,0.0
ifeval,8B,102,4,0.5301200960889274,0.5301200960889274,0.0
ifeval,8B,102,8,0.6244902445824273,0.6244902445824273,0.0
ifeval,8B,102,16,0.7063439297250044,0.7063439297250044,0.0
ifeval,8B,102,32,0.8035468856442706,0.8035468856442706,0.0
ifeval,8B,102,48,0.8855722287680742,0.8855722287680742,0.0
ifeval,8B,1021,1,0.9583333333333334,0.9583333333333334,0.0
ifeval,8B,1021,2,0.9765625000000001,0.9765625000000001,0.0
ifeval,8B,1021,4,0.9874979654947917,0.9874979654947917,0.0
ifeval,8B,1021,8,0.9980042366820691,0.9980042366820691,0.0
ifeval,8B,1021,16,0.9999744032247847,0.9999744032247847,0.0
ifeval,8B,1021,32,0.9999999978437536,0.9999999978437536,0.0
ifeval,8B,1021,48,0.9999999999998594,0.9999999999998594,0.0
ifeval,8B,1040,1,0.0,0.0,0.0
ifeval,8B,1040,2,0.0,0.0,0.0
ifeval,8B,1040,4,0.0,0.0,0.0
ifeval,8B,1040,8,0.0,0.0,0.0
ifeval,8B,1040,16,0.0,0.0,0.0
ifeval,8B,1040,32,0.0,0.0,0.0
ifeval,8B,1040,48,0.0,0.0,0.0
ifeval,8B,1051,1,1.0,1.0,0.0
ifeval,8B,1051,2,1.0,1.0,0.0
ifeval,8B,1051,4,1.0,1.0,0.0
ifeval,8B,1051,8,1.0,1.0,0.0
ifeval,8B,1051,16,1.0,1.0,0.0
ifeval,8B,1051,32,1.0,1.0,0.0
ifeval,8B,1051,48,1.0,1.0,0.0
ifeval,8B,1069,1,0.4583333333333333,0.4583333333333333,0.0
ifeval,8B,1069,2,0.5260416666666667,0.5260416666666667,0.0
ifeval,8B,1069,4,0.6282258210358795,0.6282258210358795,0.0
ifeval,8B,1069,8,0.6963124340255312,0.6963124340255312,0.0
ifeval,8B,1069,16,0.7328712356909503,0.7328712356909503,0.0
ifeval,8B,1069,32,0.8309426019767996,0.8309426019767996,0.0
ifeval,8B,1069,48,0.904101586401645,0.904101586401645,0.0
ifeval,8B,1072,1,1.0,1.0,0.0
ifeval,8B,1072,2,1.0,1.0,0.0
ifeval,8B,1072,4,1.0,1.0,0.0
ifeval,8B,1072,8,1.0,1.0,0.0
ifeval,8B,1072,16,1.0,1.0,0.0
ifeval,8B,1072,32,1.0,1.0,0.0
ifeval,8B,1072,48,1.0,1.0,0.0
ifeval,8B,1075,1,1.0,1.0,0.0
ifeval,8B,1075,2,1.0,1.0,0.0
ifeval,8B,1075,4,1.0,1.0,0.0
ifeval,8B,1075,8,1.0,1.0,0.0
ifeval,8B,1075,16,1.0,1.0,0.0
ifeval,8B,1075,32,1.0,1.0,0.0
ifeval,8B,1075,48,1.0,1.0,0.0
ifeval,8B,1082,1,0.6666666666666666,0.6666666666666666,0.0
ifeval,8B,1082,2,0.6875000000000004,0.6875000000000004,0.0
ifeval,8B,1082,4,0.7234271014178245,0.7234271014178245,0.0
ifeval,8B,1082,8,0.7276126808373182,0.7276126808373182,0.0
ifeval,8B,1082,16,0.6811676088712719,0.6811676088712719,0.0
ifeval,8B,1082,32,0.6813106732808267,0.6813106732808267,0.0
ifeval,8B,1082,48,0.7358484511838373,0.7358484511838373,0.0
ifeval,8B,1087,1,0.4375,0.4375,0.0
ifeval,8B,1087,2,0.42751736111111094,0.42751736111111094,0.0
ifeval,8B,1087,4,0.4424282121069637,0.4424282121069637,0.0
ifeval,8B,1087,8,0.45086565868916395,0.45086565868916395,0.0
ifeval,8B,1087,16,0.457825573776191,0.457825573776191,0.0
ifeval,8B,1087,32,0.40626713602031117,0.40626713602031117,0.0
ifeval,8B,1087,48,0.3234430496048196,0.3234430496048196,0.0
ifeval,8B,1092,1,1.0,1.0,0.0
ifeval,8B,1092,2,1.0,1.0,0.0
ifeval,8B,1092,4,1.0,1.0,0.0
ifeval,8B,1092,8,1.0,1.0,0.0
ifeval,8B,1092,16,1.0,1.0,0.0
ifeval,8B,1092,32,1.0,1.0,0.0
ifeval,8B,1092,48,1.0,1.0,0.0
ifeval,8B,1094,1,0.9583333333333334,0.9583333333333334,0.0
ifeval,8B,1094,2,0.9678819444444444,0.9678819444444444,0.0
ifeval,8B,1094,4,0.9633514027536652,0.9633514027536652,0.0
ifeval,8B,1094,8,0.9754653228918819,0.9754653228918819,0.0
ifeval,8B,1094,16,0.9944855735295375,0.9944855735295375,0.0
ifeval,8B,1094,32,0.9998590533660048,0.9998590533660048,0.0
ifeval,8B,1094,48,0.9999972561714991,0.9999972561714991,0.0
ifeval,8B,1098,1,1.0,1.0,0.0
ifeval,8B,1098,2,1.0,1.0,0.0
ifeval,8B,1098,4,1.0,1.0,0.0
ifeval,8B,1098,8,1.0,1.0,0.0
ifeval,8B,1098,16,1.0,1.0,0.0
ifeval,8B,1098,32,1.0,1.0,0.0
ifeval,8B,1098,48,1.0,1.0,0.0
ifeval,8B,1107,1,0.625,0.625,0.0
ifeval,8B,1107,2,0.5416666666666664,0.5416666666666664,0.0
ifeval,8B,1107,4,0.5063024450231477,0.5063024450231477,0.0
ifeval,8B,1107,8,0.529332336394357,0.529332336394357,0.0
ifeval,8B,1107,16,0.5605388419947868,0.5605388419947868,0.0
ifeval,8B,1107,32,0.4807435458408323,0.4807435458408323,0.0
ifeval,8B,1107,48,0.3589347701397213,0.3589347701397213,0.0
ifeval,8B,1108,1,1.0,1.0,0.0
ifeval,8B,1108,2,1.0,1.0,0.0
ifeval,8B,1108,4,1.0,1.0,0.0
ifeval,8B,1108,8,1.0,1.0,0.0
ifeval,8B,1108,16,1.0,1.0,0.0
ifeval,8B,1108,32,1.0,1.0,0.0
ifeval,8B,1108,48,1.0,1.0,0.0
ifeval,8B,1122,1,0.5,0.5,0.0
ifeval,8B,1122,2,0.46701388888888923,0.46701388888888923,0.0
ifeval,8B,1122,4,0.44462905695408966,0.44462905695408966,0.0
ifeval,8B,1122,8,0.4805984825471885,0.4805984825471885,0.0
ifeval,8B,1122,16,0.6195525531668197,0.6195525531668197,0.0
ifeval,8B,1122,32,0.8096491002584065,0.8096491002584065,0.0
ifeval,8B,1122,48,0.9001718105884107,0.9001718105884107,0.0
ifeval,Super49B,1000,1,0.625,0.625,0.0
ifeval,Super49B,1000,2,0.5659722222222222,0.5659722222222222,0.0
ifeval,Super49B,1000,4,0.5609507619598767,0.5609507619598767,0.0
ifeval,Super49B,1000,8,0.6141560682889222,0.6141560682889222,0.0
ifeval,Super49B,1000,16,0.7124151991842913,0.7124151991842913,0.0
ifeval,Super49B,1000,32,0.8328208397166205,0.8328208397166205,0.0
ifeval,Super49B,1000,48,0.904746544347717,0.904746544347717,0.0
ifeval,Super49B,1001,1,1.0,1.0,0.0
ifeval,Super49B,1001,2,1.0,1.0,0.0
ifeval,Super49B,1001,4,1.0,1.0,0.0
ifeval,Super49B,1001,8,1.0,1.0,0.0
ifeval,Super49B,1001,16,1.0,1.0,0.0
ifeval,Super49B,1001,32,1.0,1.0,0.0
ifeval,Super49B,1001,48,1.0,1.0,0.0
ifeval,Super49B,1005,1,1.0,1.0,0.0
ifeval,Super49B,1005,2,1.0,1.0,0.0
ifeval,Super49B,1005,4,1.0,1.0,0.0
ifeval,Super49B,1005,8,1.0,1.0,0.0
ifeval,Super49B,1005,16,1.0,1.0,0.0
ifeval,Super49B,1005,32,1.0,1.0,0.0
ifeval,Super49B,1005,48,1.0,1.0,0.0
ifeval,Super49B,1012,1,1.0,1.0,0.0
ifeval,Super49B,1012,2,1.0,1.0,0.0
ifeval,Super49B,1012,4,1.0,1.0,0.0
ifeval,Super49B,1012,8,1.0,1.0,0.0
ifeval,Super49B,1012,16,1.0,1.0,0.0
ifeval,Super49B,1012,32,1.0,1.0,0.0
ifeval,Super49B,1012,48,1.0,1.0,0.0
ifeval,Super49B,1019,1,1.0,1.0,0.0
ifeval,Super49B,1019,2,1.0,1.0,0.0
ifeval,Super49B,1019,4,1.0,1.0,0.0
ifeval,Super49B,1019,8,1.0,1.0,0.0
ifeval,Super49B,1019,16,1.0,1.0,0.0
ifeval,Super49B,1019,32,1.0,1.0,0.0
ifeval,Super49B,1019,48,1.0,1.0,0.0
ifeval,Super49B,102,1,0.8125,0.8125,0.0
ifeval,Super49B,102,2,0.8355034722222222,0.8355034722222222,0.0
ifeval,Super49B,102,4,0.8475351215880595,0.8475351215880595,0.0
ifeval,Super49B,102,8,0.8726741038153901,0.8726741038153901,0.0
ifeval,Super49B,102,16,0.9111033395216362,0.9111033395216362,0.0
ifeval,Super49B,102,32,0.9670956917106094,0.9670956917106094,0.0
ifeval,Super49B,102,48,0.9897073264292184,0.9897073264292184,0.0
ifeval,Super49B,1021,1,0.9583333333333334,0.9583333333333334,0.0
ifeval,Super49B,1021,2,0.9661458333333333,0.9661458333333333,0.0
ifeval,Super49B,1021,4,0.9800019440827545,0.9800019440827545,0.0
ifeval,Super49B,1021,8,0.9944671922794296,0.9944671922794296,0.0
ifeval,Super49B,1021,16,0.9997730422687972,0.9997730422687972,0.0
ifeval,Super49B,1021,32,0.9999998054417529,0.9999998054417529,0.0
ifeval,Super49B,1021,48,0.9999999998719893,0.9999999998719893,0.0
ifeval,Super49B,1040,1,0.7708333333333334,0.7708333333333334,0.0
ifeval,Super49B,1040,2,0.8085937500000003,0.8085937500000003,0.0
ifeval,Super49B,1040,4,0.8594569453486692,0.8594569453486692,0.0
ifeval,Super49B,1040,8,0.8876083599865332,0.8876083599865332,0.0
ifeval,Super49B,1040,16,0.917960140116015,0.917960140116015,0.0
ifeval,Super49B,1040,32,0.967689280988377,0.967689280988377,0.0
ifeval,Super49B,1040,48,0.989738029638133,0.989738029638133,0.0
ifeval,Super49B,1051,1,1.0,1.0,0.0
ifeval,Super49B,1051,2,1.0,1.0,0.0
ifeval,Super49B,1051,4,1.0,1.0,0.0
ifeval,Super49B,1051,8,1.0,1.0,0.0
ifeval,Super49B,1051,16,1.0,1.0,0.0
ifeval,Super49B,1051,32,1.0,1.0,0.0
ifeval,Super49B,1051,48,1.0,1.0,0.0
ifeval,Super49B,1069,1,0.5416666666666666,0.5416666666666666,0.0
ifeval,Super49B,1069,2,0.5668402777777777,0.5668402777777777,0.0
ifeval,Super49B,1069,4,0.6033863962432482,0.6033863962432482,0.0
ifeval,Super49B,1069,8,0.6142843443219133,0.6142843443219133,0.0
ifeval,Super49B,1069,16,0.5695980575036392,0.5695980575036392,0.0
ifeval,Super49B,1069,32,0.44234994662065524,0.44234994662065524,0.0
ifeval,Super49B,1069,48,0.3340732939991377,0.3340732939991377,0.0
ifeval,Super49B,1072,1,1.0,1.0,0.0
ifeval,Super49B,1072,2,1.0,1.0,0.0
ifeval,Super49B,1072,4,1.0,1.0,0.0
ifeval,Super49B,1072,8,1.0,1.0,0.0
ifeval,Super49B,1072,16,1.0,1.0,0.0
ifeval,Super49B,1072,32,1.0,1.0,0.0
ifeval,Super49B,1072,48,1.0,1.0,0.0
ifeval,Super49B,1075,1,0.0,0.0,0.0
ifeval,Super49B,1075,2,0.0,0.0,0.0
ifeval,Super49B,1075,4,0.0,0.0,0.0
ifeval,Super49B,1075,8,0.0,0.0,0.0
ifeval,Super49B,1075,16,0.0,0.0,0.0
ifeval,Super49B,1075,32,0.0,0.0,0.0
ifeval,Super49B,1075,48,0.0,0.0,0.0
ifeval,Super49B,1082,1,1.0,1.0,0.0
ifeval,Super49B,1082,2,1.0,1.0,0.0
ifeval,Super49B,1082,4,1.0,1.0,0.0
ifeval,Super49B,1082,8,1.0,1.0,0.0
ifeval,Super49B,1082,16,1.0,1.0,0.0
ifeval,Super49B,1082,32,1.0,1.0,0.0
ifeval,Super49B,1082,48,1.0,1.0,0.0
ifeval,Super49B,1087,1,0.9583333333333334,0.9583333333333334,0.0
ifeval,Super49B,1087,2,0.9435763888888888,0.9435763888888888,0.0
ifeval,Super49B,1087,4,0.9481069305796682,0.9481069305796682,0.0
ifeval,Super49B,1087,8,0.9777848877807214,0.9777848877807214,0.0
ifeval,Super49B,1087,16,0.9978684833409448,0.9978684833409448,0.0
ifeval,Super49B,1087,32,0.9999885972031578,0.9999885972031578,0.0
ifeval,Super49B,1087,48,0.9999999479205628,0.9999999479205628,0.0
ifeval,Super49B,1092,1,1.0,1.0,0.0
ifeval,Super49B,1092,2,1.0,1.0,0.0
ifeval,Super49B,1092,4,1.0,1.0,0.0
ifeval,Super49B,1092,8,1.0,1.0,0.0
ifeval,Super49B,1092,16,1.0,1.0,0.0
ifeval,Super49B,1092,32,1.0,1.0,0.0
ifeval,Super49B,1092,48,1.0,1.0,0.0
ifeval,Super49B,1094,1,0.9791666666666666,0.9791666666666666,0.0
ifeval,Super49B,1094,2,0.9874131944444444,0.9874131944444444,0.0
ifeval,Super49B,1094,4,0.9977000672140239,0.9977000672140239,0.0
ifeval,Super49B,1094,8,0.9999614219542711,0.9999614219542711,0.0
ifeval,Super49B,1094,16,0.99999999447096,0.99999999447096,0.0
ifeval,Super49B,1094,32,1.0,1.0,0.0
ifeval,Super49B,1094,48,1.0,1.0,0.0
ifeval,Super49B,1098,1,1.0,1.0,0.0
ifeval,Super49B,1098,2,1.0,1.0,0.0
ifeval,Super49B,1098,4,1.0,1.0,0.0
ifeval,Super49B,1098,8,1.0,1.0,0.0
ifeval,Super49B,1098,16,1.0,1.0,0.0
ifeval,Super49B,1098,32,1.0,1.0,0.0
ifeval,Super49B,1098,48,1.0,1.0,0.0
ifeval,Super49B,1107,1,1.0,1.0,0.0
ifeval,Super49B,1107,2,1.0,1.0,0.0
ifeval,Super49B,1107,4,1.0,1.0,0.0
ifeval,Super49B,1107,8,1.0,1.0,0.0
ifeval,Super49B,1107,16,1.0,1.0,0.0
ifeval,Super49B,1107,32,1.0,1.0,0.0
ifeval,Super49B,1107,48,1.0,1.0,0.0
ifeval,Super49B,1108,1,1.0,1.0,0.0
ifeval,Super49B,1108,2,1.0,1.0,0.0
ifeval,Super49B,1108,4,1.0,1.0,0.0
ifeval,Super49B,1108,8,1.0,1.0,0.0
ifeval,Super49B,1108,16,1.0,1.0,0.0
ifeval,Super49B,1108,32,1.0,1.0,0.0
ifeval,Super49B,1108,48,1.0,1.0,0.0
ifeval,Super49B,1122,1,0.625,0.625,0.0
ifeval,Super49B,1122,2,0.6414930555555558,0.6414930555555558,0.0
ifeval,Super49B,1122,4,0.6251427921248075,0.6251427921248075,0.0
ifeval,Super49B,1122,8,0.5783523433179438,0.5783523433179438,0.0
ifeval,Super49B,1122,16,0.45823462382132973,0.45823462382132973,0.0
ifeval,Super49B,1122,32,0.2509969837188192,0.2509969837188192,0.0
ifeval,Super49B,1122,48,0.12918623523375883,0.12918623523375883,0.0
ifeval,70B,1000,1,0.9791666666666666,0.9791666666666666,0.0
ifeval,70B,1000,2,0.99609375,0.99609375,0.0
ifeval,70B,1000,4,0.9999304877387153,0.9999304877387153,0.0
ifeval,70B,1000,8,0.9999999884635451,0.9999999884635451,0.0
ifeval,70B,1000,16,0.9999999999999998,0.9999999999999998,0.0
ifeval,70B,1000,32,1.0,1.0,0.0
ifeval,70B,1000,48,1.0,1.0,0.0
ifeval,70B,1001,1,1.0,1.0,0.0
ifeval,70B,1001,2,1.0,1.0,0.0
ifeval,70B,1001,4,1.0,1.0,0.0
ifeval,70B,1001,8,1.0,1.0,0.0
ifeval,70B,1001,16,1.0,1.0,0.0
ifeval,70B,1001,32,1.0,1.0,0.0
ifeval,70B,1001,48,1.0,1.0,0.0
ifeval,70B,1005,1,1.0,1.0,0.0
ifeval,70B,1005,2,1.0,1.0,0.0
ifeval,70B,1005,4,1.0,1.0,0.0
ifeval,70B,1005,8,1.0,1.0,0.0
ifeval,70B,1005,16,1.0,1.0,0.0
ifeval,70B,1005,32,1.0,1.0,0.0
ifeval,70B,1005,48,1.0,1.0,0.0
ifeval,70B,1012,1,1.0,1.0,0.0
ifeval,70B,1012,2,1.0,1.0,0.0
ifeval,70B,1012,4,1.0,1.0,0.0
ifeval,70B,1012,8,1.0,1.0,0.0
ifeval,70B,1012,16,1.0,1.0,0.0
ifeval,70B,1012,32,1.0,1.0,0.0
ifeval,70B,1012,48,1.0,1.0,0.0
ifeval,70B,1019,1,1.0,1.0,0.0
ifeval,70B,1019,2,1.0,1.0,0.0
ifeval,70B,1019,4,1.0,1.0,0.0
ifeval,70B,1019,8,1.0,1.0,0.0
ifeval,70B,1019,16,1.0,1.0,0.0
ifeval,70B,1019,32,1.0,1.0,0.0
ifeval,70B,1019,48,1.0,1.0,0.0
ifeval,70B,102,1,1.0,1.0,0.0
ifeval,70B,102,2,1.0,1.0,0.0
ifeval,70B,102,4,1.0,1.0,0.0
ifeval,70B,102,8,1.0,1.0,0.0
ifeval,70B,102,16,1.0,1.0,0.0
ifeval,70B,102,32,1.0,1.0,0.0
ifeval,70B,102,48,1.0,1.0,0.0
ifeval,70B,1021,1,1.0,1.0,0.0
ifeval,70B,1021,2,1.0,1.0,0.0
ifeval,70B,1021,4,1.0,1.0,0.0
ifeval,70B,1021,8,1.0,1.0,0.0
ifeval,70B,1021,16,1.0,1.0,0.0
ifeval,70B,1021,32,1.0,1.0,0.0
ifeval,70B,1021,48,1.0,1.0,0.0
ifeval,70B,1040,1,0.9166666666666666,0.9166666666666666,0.0
ifeval,70B,1040,2,0.920138888888889,0.920138888888889,0.0
ifeval,70B,1040,4,0.902069468557099,0.902069468557099,0.0
ifeval,70B,1040,8,0.8608459820892825,0.8608459820892825,0.0
ifeval,70B,1040,16,0.7918943357106198,0.7918943357106198,0.0
ifeval,70B,1040,32,0.7463573093185976,0.7463573093185976,0.0
ifeval,70B,1040,48,0.7656434179753898,0.7656434179753898,0.0
ifeval,70B,1051,1,1.0,1.0,0.0
ifeval,70B,1051,2,1.0,1.0,0.0
ifeval,70B,1051,4,1.0,1.0,0.0
ifeval,70B,1051,8,1.0,1.0,0.0
ifeval,70B,1051,16,1.0,1.0,0.0
ifeval,70B,1051,32,1.0,1.0,0.0
ifeval,70B,1051,48,1.0,1.0,0.0
ifeval,70B,1069,1,1.0,1.0,0.0
ifeval,70B,1069,2,1.0,1.0,0.0
ifeval,70B,1069,4,1.0,1.0,0.0
ifeval,70B,1069,8,1.0,1.0,0.0
ifeval,70B,1069,16,1.0,1.0,0.0
ifeval,70B,1069,32,1.0,1.0,0.0
ifeval,70B,1069,48,1.0,1.0,0.0
ifeval,70B,1072,1,1.0,1.0,0.0
ifeval,70B,1072,2,1.0,1.0,0.0
ifeval,70B,1072,4,1.0,1.0,0.0
ifeval,70B,1072,8,1.0,1.0,0.0
ifeval,70B,1072,16,1.0,1.0,0.0
ifeval,70B,1072,32,1.0,1.0,0.0
ifeval,70B,1072,48,1.0,1.0,0.0
ifeval,70B,1075,1,1.0,1.0,0.0
ifeval,70B,1075,2,1.0,1.0,0.0
ifeval,70B,1075,4,1.0,1.0,0.0
ifeval,70B,1075,8,1.0,1.0,0.0
ifeval,70B,1075,16,1.0,1.0,0.0
ifeval,70B,1075,32,1.0,1.0,0.0
ifeval,70B,1075,48,1.0,1.0,0.0
ifeval,70B,1082,1,1.0,1.0,0.0
ifeval,70B,1082,2,1.0,1.0,0.0
ifeval,70B,1082,4,1.0,1.0,0.0
ifeval,70B,1082,8,1.0,1.0,0.0
ifeval,70B,1082,16,1.0,1.0,0.0
ifeval,70B,1082,32,1.0,1.0,0.0
ifeval,70B,1082,48,1.0,1.0,0.0
ifeval,70B,1087,1,0.9375,0.9375,0.0
ifeval,70B,1087,2,0.9552951388888891,0.9552951388888891,0.0
ifeval,70B,1087,4,0.9794230519989391,0.9794230519989391,0.0
ifeval,70B,1087,8,0.9955929497907636,0.9955929497907636,0.0
ifeval,70B,1087,16,0.9998645915946686,0.9998645915946686,0.0
ifeval,70B,1087,32,0.9999999329946923,0.9999999329946923,0.0
ifeval,70B,1087,48,0.9999999999745091,0.9999999999745091,0.0
ifeval,70B,1092,1,1.0,1.0,0.0
ifeval,70B,1092,2,1.0,1.0,0.0
ifeval,70B,1092,4,1.0,1.0,0.0
ifeval,70B,1092,8,1.0,1.0,0.0
ifeval,70B,1092,16,1.0,1.0,0.0
ifeval,70B,1092,32,1.0,1.0,0.0
ifeval,70B,1092,48,1.0,1.0,0.0
ifeval,70B,1094,1,1.0,1.0,0.0
ifeval,70B,1094,2,1.0,1.0,0.0
ifeval,70B,1094,4,1.0,1.0,0.0
ifeval,70B,1094,8,1.0,1.0,0.0
ifeval,70B,1094,16,1.0,1.0,0.0
ifeval,70B,1094,32,1.0,1.0,0.0
ifeval,70B,1094,48,1.0,1.0,0.0
ifeval,70B,1098,1,1.0,1.0,0.0
ifeval,70B,1098,2,1.0,1.0,0.0
ifeval,70B,1098,4,1.0,1.0,0.0
ifeval,70B,1098,8,1.0,1.0,0.0
ifeval,70B,1098,16,1.0,1.0,0.0
ifeval,70B,1098,32,1.0,1.0,0.0
ifeval,70B,1098,48,1.0,1.0,0.0
ifeval,70B,1107,1,1.0,1.0,0.0
ifeval,70B,1107,2,1.0,1.0,0.0
ifeval,70B,1107,4,1.0,1.0,0.0
ifeval,70B,1107,8,1.0,1.0,0.0
ifeval,70B,1107,16,1.0,1.0,0.0
ifeval,70B,1107,32,1.0,1.0,0.0
ifeval,70B,1107,48,1.0,1.0,0.0
ifeval,70B,1108,1,1.0,1.0,0.0
ifeval,70B,1108,2,1.0,1.0,0.0
ifeval,70B,1108,4,1.0,1.0,0.0
ifeval,70B,1108,8,1.0,1.0,0.0
ifeval,70B,1108,16,1.0,1.0,0.0
ifeval,70B,1108,32,1.0,1.0,0.0
ifeval,70B,1108,48,1.0,1.0,0.0
ifeval,70B,1122,1,0.625,0.625,0.0
ifeval,70B,1122,2,0.5911458333333338,0.5911458333333338,0.0
ifeval,70B,1122,4,0.5827670627170145,0.5827670627170145,0.0
ifeval,70B,1122,8,0.6277919111819795,0.6277919111819795,0.0
ifeval,70B,1122,16,0.6998820016998175,0.6998820016998175,0.0
ifeval,70B,1122,32,0.7341935984827168,0.7341935984827168,0.0
ifeval,70B,1122,48,0.7641116724881926,0.7641116724881926,0.0
ifeval,Maverick17B,1000,1,1.0,1.0,0.0
ifeval,Maverick17B,1000,2,1.0,1.0,0.0
ifeval,Maverick17B,1000,4,1.0,1.0,0.0
ifeval,Maverick17B,1000,8,1.0,1.0,0.0
ifeval,Maverick17B,1000,16,1.0,1.0,0.0
ifeval,Maverick17B,1000,32,1.0,1.0,0.0
ifeval,Maverick17B,1000,48,1.0,1.0,0.0
ifeval,Maverick17B,1001,1,1.0,1.0,0.0
ifeval,Maverick17B,1001,2,1.0,1.0,0.0
ifeval,Maverick17B,1001,4,1.0,1.0,0.0
ifeval,Maverick17B,1001,8,1.0,1.0,0.0
ifeval,Maverick17B,1001,16,1.0,1.0,0.0
ifeval,Maverick17B,1001,32,1.0,1.0,0.0
ifeval,Maverick17B,1001,48,1.0,1.0,0.0
ifeval,Maverick17B,1005,1,1.0,1.0,0.0
ifeval,Maverick17B,1005,2,1.0,1.0,0.0
ifeval,Maverick17B,1005,4,1.0,1.0,0.0
ifeval,Maverick17B,1005,8,1.0,1.0,0.0
ifeval,Maverick17B,1005,16,1.0,1.0,0.0
ifeval,Maverick17B,1005,32,1.0,1.0,0.0
ifeval,Maverick17B,1005,48,1.0,1.0,0.0
ifeval,Maverick17B,1012,1,1.0,1.0,0.0
ifeval,Maverick17B,1012,2,1.0,1.0,0.0
ifeval,Maverick17B,1012,4,1.0,1.0,0.0
ifeval,Maverick17B,1012,8,1.0,1.0,0.0
ifeval,Maverick17B,1012,16,1.0,1.0,0.0
ifeval,Maverick17B,1012,32,1.0,1.0,0.0
ifeval,Maverick17B,1012,48,1.0,1.0,0.0
ifeval,Maverick17B,1019,1,1.0,1.0,0.0
ifeval,Maverick17B,1019,2,1.0,1.0,0.0
ifeval,Maverick17B,1019,4,1.0,1.0,0.0
ifeval,Maverick17B,1019,8,1.0,1.0,0.0
ifeval,Maverick17B,1019,16,1.0,1.0,0.0
ifeval,Maverick17B,1019,32,1.0,1.0,0.0
ifeval,Maverick17B,1019,48,1.0,1.0,0.0
ifeval,Maverick17B,102,1,0.9791666666666666,0.9791666666666666,0.0
ifeval,Maverick17B,102,2,0.9778645833333335,0.9778645833333335,0.0
ifeval,Maverick17B,102,4,0.9875007911964699,0.9875007911964699,0.0
ifeval,Maverick17B,102,8,0.9980042366911183,0.9980042366911183,0.0
ifeval,Maverick17B,102,16,0.9999744032247847,0.9999744032247847,0.0
ifeval,Maverick17B,102,32,0.9999999978437536,0.9999999978437536,0.0
ifeval,Maverick17B,102,48,0.9999999999998594,0.9999999999998594,0.0
ifeval,Maverick17B,1021,1,0.9791666666666666,0.9791666666666666,0.0
ifeval,Maverick17B,1021,2,0.9943576388888888,0.9943576388888888,0.0
ifeval,Maverick17B,1021,4,0.9997918399763696,0.9997918399763696,0.0
ifeval,Maverick17B,1021,8,0.9999998550287681,0.9999998550287681,0.0
ifeval,Maverick17B,1021,16,0.9999999999999617,0.9999999999999617,0.0
ifeval,Maverick17B,1021,32,1.0,1.0,0.0
ifeval,Maverick17B,1021,48,1.0,1.0,0.0
ifeval,Maverick17B,1040,1,0.0,0.0,0.0
ifeval,Maverick17B,1040,2,0.0,0.0,0.0
ifeval,Maverick17B,1040,4,0.0,0.0,0.0
ifeval,Maverick17B,1040,8,0.0,0.0,0.0
ifeval,Maverick17B,1040,16,0.0,0.0,0.0
ifeval,Maverick17B,1040,32,0.0,0.0,0.0
ifeval,Maverick17B,1040,48,0.0,0.0,0.0
ifeval,Maverick17B,1051,1,1.0,1.0,0.0
ifeval,Maverick17B,1051,2,1.0,1.0,0.0
ifeval,Maverick17B,1051,4,1.0,1.0,0.0
ifeval,Maverick17B,1051,8,1.0,1.0,0.0
ifeval,Maverick17B,1051,16,1.0,1.0,0.0
ifeval,Maverick17B,1051,32,1.0,1.0,0.0
ifeval,Maverick17B,1051,48,1.0,1.0,0.0
ifeval,Maverick17B,1069,1,0.9375,0.9375,0.0
ifeval,Maverick17B,1069,2,0.9900173611111112,0.9900173611111112,0.0
ifeval,Maverick17B,1069,4,0.9996656253014082,0.9996656253014082,0.0
ifeval,Maverick17B,1069,8,0.9999996089689008,0.9999996089689008,0.0
ifeval,Maverick17B,1069,16,0.9999999999996874,0.9999999999996874,0.0
ifeval,Maverick17B,1069,32,1.0,1.0,0.0
ifeval,Maverick17B,1069,48,1.0,1.0,0.0
ifeval,Maverick17B,1072,1,1.0,1.0,0.0
ifeval,Maverick17B,1072,2,1.0,1.0,0.0
ifeval,Maverick17B,1072,4,1.0,1.0,0.0
ifeval,Maverick17B,1072,8,1.0,1.0,0.0
ifeval,Maverick17B,1072,16,1.0,1.0,0.0
ifeval,Maverick17B,1072,32,1.0,1.0,0.0
ifeval,Maverick17B,1072,48,1.0,1.0,0.0
ifeval,Maverick17B,1075,1,1.0,1.0,0.0
ifeval,Maverick17B,1075,2,1.0,1.0,0.0
ifeval,Maverick17B,1075,4,1.0,1.0,0.0
ifeval,Maverick17B,1075,8,1.0,1.0,0.0
ifeval,Maverick17B,1075,16,1.0,1.0,0.0
ifeval,Maverick17B,1075,32,1.0,1.0,0.0
ifeval,Maverick17B,1075,48,1.0,1.0,0.0
ifeval,Maverick17B,1082,1,1.0,1.0,0.0
ifeval,Maverick17B,1082,2,1.0,1.0,0.0
ifeval,Maverick17B,1082,4,1.0,1.0,0.0
ifeval,Maverick17B,1082,8,1.0,1.0,0.0
ifeval,Maverick17B,1082,16,1.0,1.0,0.0
ifeval,Maverick17B,1082,32,1.0,1.0,0.0
ifeval,Maverick17B,1082,48,1.0,1.0,0.0
ifeval,Maverick17B,1087,1,0.9791666666666666,0.9791666666666666,0.0
ifeval,Maverick17B,1087,2,0.9891493055555556,0.9891493055555556,0.0
ifeval,Maverick17B,1087,4,0.9985259256245178,0.9985259256245178,0.0
ifeval,Maverick17B,1087,8,0.9999863108986771,0.9999863108986771,0.0
ifeval,Maverick17B,1087,16,0.9999999993948503,0.9999999993948503,0.0
ifeval,Maverick17B,1087,32,1.0,1.0,0.0
ifeval,Maverick17B,1087,48,1.0,1.0,0.0
ifeval,Maverick17B,1092,1,1.0,1.0,0.0
ifeval,Maverick17B,1092,2,1.0,1.0,0.0
ifeval,Maverick17B,1092,4,1.0,1.0,0.0
ifeval,Maverick17B,1092,8,1.0,1.0,0.0
ifeval,Maverick17B,1092,16,1.0,1.0,0.0
ifeval,Maverick17B,1092,32,1.0,1.0,0.0
ifeval,Maverick17B,1092,48,1.0,1.0,0.0
ifeval,Maverick17B,1094,1,1.0,1.0,0.0
ifeval,Maverick17B,1094,2,1.0,1.0,0.0
ifeval,Maverick17B,1094,4,1.0,1.0,0.0
ifeval,Maverick17B,1094,8,1.0,1.0,0.0
ifeval,Maverick17B,1094,16,1.0,1.0,0.0
ifeval,Maverick17B,1094,32,1.0,1.0,0.0
ifeval,Maverick17B,1094,48,1.0,1.0,0.0
ifeval,Maverick17B,1098,1,1.0,1.0,0.0
ifeval,Maverick17B,1098,2,1.0,1.0,0.0
ifeval,Maverick17B,1098,4,1.0,1.0,0.0
ifeval,Maverick17B,1098,8,1.0,1.0,0.0
ifeval,Maverick17B,1098,16,1.0,1.0,0.0
ifeval,Maverick17B,1098,32,1.0,1.0,0.0
ifeval,Maverick17B,1098,48,1.0,1.0,0.0
ifeval,Maverick17B,1107,1,1.0,1.0,0.0
ifeval,Maverick17B,1107,2,1.0,1.0,0.0
ifeval,Maverick17B,1107,4,1.0,1.0,0.0
ifeval,Maverick17B,1107,8,1.0,1.0,0.0
ifeval,Maverick17B,1107,16,1.0,1.0,0.0
ifeval,Maverick17B,1107,32,1.0,1.0,0.0
ifeval,Maverick17B,1107,48,1.0,1.0,0.0
ifeval,Maverick17B,1108,1,1.0,1.0,0.0
ifeval,Maverick17B,1108,2,1.0,1.0,0.0
ifeval,Maverick17B,1108,4,1.0,1.0,0.0
ifeval,Maverick17B,1108,8,1.0,1.0,0.0
ifeval,Maverick17B,1108,16,1.0,1.0,0.0
ifeval,Maverick17B,1108,32,1.0,1.0,0.0
ifeval,Maverick17B,1108,48,1.0,1.0,0.0
ifeval,Maverick17B,1122,1,0.3958333333333333,0.3958333333333333,0.0
ifeval,Maverick17B,1122,2,0.4171006944444443,0.4171006944444443,0.0
ifeval,Maverick17B,1122,4,0.4318510455849729,0.4318510455849729,0.0
ifeval,Maverick17B,1122,8,0.46826096180792487,0.46826096180792487,0.0
ifeval,Maverick17B,1122,16,0.4897394835221722,0.4897394835221722,0.0
ifeval,Maverick17B,1122,32,0.5493579379552843,0.5493579379552843,0.0
ifeval,Maverick17B,1122,48,0.6511892078498023,0.6511892078498023,0.0
ifeval,Qwen122B,1000,1,0.6041666666666666,0.6041666666666666,0.0
ifeval,Qwen122B,1000,2,0.7990451388888886,0.7990451388888886,0.0
ifeval,Qwen122B,1000,4,0.8743612030406055,0.8743612030406055,0.0
ifeval,Qwen122B,1000,8,0.8641040019874171,0.8641040019874171,0.0
ifeval,Qwen122B,1000,16,0.8462995848271372,0.8462995848271372,0.0
ifeval,Qwen122B,1000,32,0.8705574930859044,0.8705574930859044,0.0
ifeval,Qwen122B,1000,48,0.915488293905373,0.915488293905373,0.0
ifeval,Qwen122B,1001,1,1.0,1.0,0.0
ifeval,Qwen122B,1001,2,1.0,1.0,0.0
ifeval,Qwen122B,1001,4,1.0,1.0,0.0
ifeval,Qwen122B,1001,8,1.0,1.0,0.0
ifeval,Qwen122B,1001,16,1.0,1.0,0.0
ifeval,Qwen122B,1001,32,1.0,1.0,0.0
ifeval,Qwen122B,1001,48,1.0,1.0,0.0
ifeval,Qwen122B,1005,1,0.6875,0.6875,0.0
ifeval,Qwen122B,1005,2,0.90234375,0.90234375,0.0
ifeval,Qwen122B,1005,4,0.9904632568359375,0.9904632568359375,0.0
ifeval,Qwen122B,1005,8,0.9999090505298227,0.9999090505298227,0.0
ifeval,Qwen122B,1005,16,0.9999999917281939,0.9999999917281939,0.0
ifeval,Qwen122B,1005,32,1.0,1.0,0.0
ifeval,Qwen122B,1005,48,1.0,1.0,0.0
ifeval,Qwen122B,1012,1,0.6458333333333334,0.6458333333333334,0.0
ifeval,Qwen122B,1012,2,0.8172743055555552,0.8172743055555552,0.0
ifeval,Qwen122B,1012,4,0.9141075228467398,0.9141075228467398,0.0
ifeval,Qwen122B,1012,8,0.9728934591798379,0.9728934591798379,0.0
ifeval,Qwen122B,1012,16,0.9974878607232862,0.9974878607232862,0.0
ifeval,Qwen122B,1012,32,0.9999861882101702,0.9999861882101702,0.0
ifeval,Qwen122B,1012,48,0.9999999387535378,0.9999999387535378,0.0
ifeval,Qwen122B,1019,1,0.9375,0.9375,0.0
ifeval,Qwen122B,1019,2,0.99609375,0.99609375,0.0
ifeval,Qwen122B,1019,4,0.9999847412109375,0.9999847412109375,0.0
ifeval,Qwen122B,1019,8,0.9999999997671694,0.9999999997671694,0.0
ifeval,Qwen122B,1019,16,1.0,1.0,0.0
ifeval,Qwen122B,1019,32,1.0,1.0,0.0
ifeval,Qwen122B,1019,48,1.0,1.0,0.0
ifeval,Qwen122B,102,1,0.9166666666666666,0.9166666666666666,0.0
ifeval,Qwen122B,102,2,0.9930555555555556,0.9930555555555556,0.0
ifeval,Qwen122B,102,4,0.999951774691358,0.999951774691358,0.0
ifeval,Qwen122B,102,8,0.9999999976743197,0.9999999976743197,0.0
ifeval,Qwen122B,102,16,1.0,1.0,0.0
ifeval,Qwen122B,102,32,1.0,1.0,0.0
ifeval,Qwen122B,102,48,1.0,1.0,0.0
ifeval,Qwen122B,1021,1,0.75,0.75,0.0
ifeval,Qwen122B,1021,2,0.9192708333333334,0.9192708333333334,0.0
ifeval,Qwen122B,1021,4,0.9713688603153935,0.9713688603153935,0.0
ifeval,Qwen122B,1021,8,0.9891015191065939,0.9891015191065939,0.0
ifeval,Qwen122B,1021,16,0.9990314989353212,0.9990314989353212,0.0
ifeval,Qwen122B,1021,32,0.9999961130387005,0.9999961130387005,0.0
ifeval,Qwen122B,1021,48,0.9999999880730022,0.9999999880730022,0.0
ifeval,Qwen122B,1040,1,0.125,0.125,0.0
ifeval,Qwen122B,1040,2,0.1605902777777778,0.1605902777777778,0.0
ifeval,Qwen122B,1040,4,0.17513887381848003,0.17513887381848003,0.0
ifeval,Qwen122B,1040,8,0.16375850074268883,0.16375850074268883,0.0
ifeval,Qwen122B,1040,16,0.10003873347548023,0.10003873347548023,0.0
ifeval,Qwen122B,1040,32,0.02347680069054357,0.02347680069054357,0.0
ifeval,Qwen122B,1040,48,0.004584290677483384,0.004584290677483384,0.0
ifeval,Qwen122B,1051,1,0.75,0.75,0.0
ifeval,Qwen122B,1051,2,0.9375,0.9375,0.0
ifeval,Qwen122B,1051,4,0.99609375,0.99609375,0.0
ifeval,Qwen122B,1051,8,0.9999847412109375,0.9999847412109375,0.0
ifeval,Qwen122B,1051,16,0.9999999997671694,0.9999999997671694,0.0
ifeval,Qwen122B,1051,32,1.0,1.0,0.0
ifeval,Qwen122B,1051,48,1.0,1.0,0.0
ifeval,Qwen122B,1069,1,0.8333333333333334,0.8333333333333334,0.0
ifeval,Qwen122B,1069,2,0.9218749999999998,0.9218749999999998,0.0
ifeval,Qwen122B,1069,4,0.9176703559027777,0.9176703559027777,0.0
ifeval,Qwen122B,1069,8,0.8984262243996594,0.8984262243996594,0.0
ifeval,Qwen122B,1069,16,0.8923789789682145,0.8923789789682145,0.0
ifeval,Qwen122B,1069,32,0.9349795486897932,0.9349795486897932,0.0
ifeval,Qwen122B,1069,48,0.9702052316423839,0.9702052316423839,0.0
ifeval,Qwen122B,1072,1,0.7708333333333334,0.7708333333333334,0.0
ifeval,Qwen122B,1072,2,0.9474826388888888,0.9474826388888888,0.0
ifeval,Qwen122B,1072,4,0.9972419267819252,0.9972419267819252,0.0
ifeval,Qwen122B,1072,8,0.9999923930321237,0.9999923930321237,0.0
ifeval,Qwen122B,1072,16,0.9999999999421341,0.9999999999421341,0.0
ifeval,Qwen122B,1072,32,1.0,1.0,0.0
ifeval,Qwen122B,1072,48,1.0,1.0,0.0
ifeval,Qwen122B,1075,1,0.8541666666666666,0.8541666666666666,0.0
ifeval,Qwen122B,1075,2,0.9787326388888888,0.9787326388888888,0.0
ifeval,Qwen122B,1075,4,0.9995476993513696,0.9995476993513696,0.0
ifeval,Qwen122B,1075,8,0.9999997954241233,0.9999997954241233,0.0
ifeval,Qwen122B,1075,16,0.9999999999999581,0.9999999999999581,0.0
ifeval,Qwen122B,1075,32,1.0,1.0,0.0
ifeval,Qwen122B,1075,48,1.0,1.0,0.0
ifeval,Qwen122B,1082,1,0.7708333333333334,0.7708333333333334,0.0
ifeval,Qwen122B,1082,2,0.94140625,0.94140625,0.0
ifeval,Qwen122B,1082,4,0.9940745035807292,0.9940745035807292,0.0
ifeval,Qwen122B,1082,8,0.9998529343875393,0.9998529343875393,0.0
ifeval,Qwen122B,1082,16,0.999999908335323,0.999999908335323,0.0
ifeval,Qwen122B,1082,32,0.9999999999999803,0.9999999999999803,0.0
ifeval,Qwen122B,1082,48,1.0,1.0,0.0
ifeval,Qwen122B,1087,1,0.7708333333333334,0.7708333333333334,0.0
ifeval,Qwen122B,1087,2,0.9092881944444443,0.9092881944444443,0.0
ifeval,Qwen122B,1087,4,0.9146108745056905,0.9146108745056905,0.0
ifeval,Qwen122B,1087,8,0.8448960534970117,0.8448960534970117,0.0
ifeval,Qwen122B,1087,16,0.7140126494671192,0.7140126494671192,0.0
ifeval,Qwen122B,1087,32,0.5098141179387737,0.5098141179387737,0.0
ifeval,Qwen122B,1087,48,0.3640137484848344,0.3640137484848344,0.0
ifeval,Qwen122B,1092,1,0.9375,0.9375,0.0
ifeval,Qwen122B,1092,2,0.9622395833333333,0.9622395833333333,0.0
ifeval,Qwen122B,1092,4,0.9886039451316551,0.9886039451316551,0.0
ifeval,Qwen122B,1092,8,0.998864193097635,0.998864193097635,0.0
ifeval,Qwen122B,1092,16,0.9999924640258747,0.9999924640258747,0.0
ifeval,Qwen122B,1092,32,0.9999999998268139,0.9999999998268139,0.0
ifeval,Qwen122B,1092,48,0.9999999999999969,0.9999999999999969,0.0
ifeval,Qwen122B,1094,1,0.8541666666666666,0.8541666666666666,0.0
ifeval,Qwen122B,1094,2,0.9578993055555556,0.9578993055555556,0.0
ifeval,Qwen122B,1094,4,0.9783707606939622,0.9783707606939622,0.0
ifeval,Qwen122B,1094,8,0.9930164037526634,0.9930164037526634,0.0
ifeval,Qwen122B,1094,16,0.999626033949657,0.999626033949657,0.0
ifeval,Qwen122B,1094,32,0.999999454694589,0.999999454694589,0.0
ifeval,Qwen122B,1094,48,0.9999999993905648,0.9999999993905648,0.0
ifeval,Qwen122B,1098,1,0.875,0.875,0.0
ifeval,Qwen122B,1098,2,0.9826388888888888,0.9826388888888888,0.0
ifeval,Qwen122B,1098,4,0.9995629581404321,0.9995629581404321,0.0
ifeval,Qwen122B,1098,8,0.9999995953395606,0.9999995953395606,0.0
ifeval,Qwen122B,1098,16,0.9999999999996873,0.9999999999996873,0.0
ifeval,Qwen122B,1098,32,1.0,1.0,0.0
ifeval,Qwen122B,1098,48,1.0,1.0,0.0
ifeval,Qwen122B,1107,1,0.8333333333333334,0.8333333333333334,0.0
ifeval,Qwen122B,1107,2,0.9722222222222223,0.9722222222222223,0.0
ifeval,Qwen122B,1107,4,0.9992283950617284,0.9992283950617284,0.0
ifeval,Qwen122B,1107,8,0.9999994046258192,0.9999994046258192,0.0
ifeval,Qwen122B,1107,16,0.9999999999996455,0.9999999999996455,0.0
ifeval,Qwen122B,1107,32,1.0,1.0,0.0
ifeval,Qwen122B,1107,48,1.0,1.0,0.0
ifeval,Qwen122B,1108,1,1.0,1.0,0.0
ifeval,Qwen122B,1108,2,1.0,1.0,0.0
ifeval,Qwen122B,1108,4,1.0,1.0,0.0
ifeval,Qwen122B,1108,8,1.0,1.0,0.0
ifeval,Qwen122B,1108,16,1.0,1.0,0.0
ifeval,Qwen122B,1108,32,1.0,1.0,0.0
ifeval,Qwen122B,1108,48,1.0,1.0,0.0
ifeval,Qwen122B,1122,1,0.25,0.25,0.0
ifeval,Qwen122B,1122,2,0.32378472222222254,0.32378472222222254,0.0
ifeval,Qwen122B,1122,4,0.40599041220582616,0.40599041220582616,0.0
ifeval,Qwen122B,1122,8,0.50003495954698,0.50003495954698,0.0
ifeval,Qwen122B,1122,16,0.6016902533549111,0.6016902533549111,0.0
ifeval,Qwen122B,1122,32,0.6937176580808779,0.6937176580808779,0.0
ifeval,Qwen122B,1122,48,0.7515315027649353,0.7515315027649353,0.0
ifeval,Qwen397B,1000,1,0.9583333333333334,0.9583333333333334,0.0
ifeval,Qwen397B,1000,2,0.9982638888888888,0.9982638888888888,0.0
ifeval,Qwen397B,1000,4,0.9999969859182098,0.9999969859182098,0.0
ifeval,Qwen397B,1000,8,0.9999999999909153,0.9999999999909153,0.0
ifeval,Qwen397B,1000,16,1.0,1.0,0.0
ifeval,Qwen397B,1000,32,1.0,1.0,0.0
ifeval,Qwen397B,1000,48,1.0,1.0,0.0
ifeval,Qwen397B,1001,1,1.0,1.0,0.0
ifeval,Qwen397B,1001,2,1.0,1.0,0.0
ifeval,Qwen397B,1001,4,1.0,1.0,0.0
ifeval,Qwen397B,1001,8,1.0,1.0,0.0
ifeval,Qwen397B,1001,16,1.0,1.0,0.0
ifeval,Qwen397B,1001,32,1.0,1.0,0.0
ifeval,Qwen397B,1001,48,1.0,1.0,0.0
ifeval,Qwen397B,1005,1,0.9375,0.9375,0.0
ifeval,Qwen397B,1005,2,0.99609375,0.99609375,0.0
ifeval,Qwen397B,1005,4,0.9999847412109375,0.9999847412109375,0.0
ifeval,Qwen397B,1005,8,0.9999999997671694,0.9999999997671694,0.0
ifeval,Qwen397B,1005,16,1.0,1.0,0.0
ifeval,Qwen397B,1005,32,1.0,1.0,0.0
ifeval,Qwen397B,1005,48,1.0,1.0,0.0
ifeval,Qwen397B,1012,1,0.5208333333333334,0.5208333333333334,0.0
ifeval,Qwen397B,1012,2,0.6870659722222221,0.6870659722222221,0.0
ifeval,Qwen397B,1012,4,0.8319135124300733,0.8319135124300733,0.0
ifeval,Qwen397B,1012,8,0.9439786203992191,0.9439786203992191,0.0
ifeval,Qwen397B,1012,16,0.9941953437792959,0.9941953437792959,0.0
ifeval,Qwen397B,1012,32,0.9999343283915689,0.9999343283915689,0.0
ifeval,Qwen397B,1012,48,0.9999992383066667,0.9999992383066667,0.0
ifeval,Qwen397B,1019,1,0.9583333333333334,0.9583333333333334,0.0
ifeval,Qwen397B,1019,2,0.9982638888888888,0.9982638888888888,0.0
ifeval,Qwen397B,1019,4,0.9999969859182098,0.9999969859182098,0.0
ifeval,Qwen397B,1019,8,0.9999999999909153,0.9999999999909153,0.0
ifeval,Qwen397B,1019,16,1.0,1.0,0.0
ifeval,Qwen397B,1019,32,1.0,1.0,0.0
ifeval,Qwen397B,1019,48,1.0,1.0,0.0
ifeval,Qwen397B,102,1,1.0,1.0,0.0
ifeval,Qwen397B,102,2,1.0,1.0,0.0
ifeval,Qwen397B,102,4,1.0,1.0,0.0
ifeval,Qwen397B,102,8,1.0,1.0,0.0
ifeval,Qwen397B,102,16,1.0,1.0,0.0
ifeval,Qwen397B,102,32,1.0,1.0,0.0
ifeval,Qwen397B,102,48,1.0,1.0,0.0
ifeval,Qwen397B,1021,1,0.8958333333333334,0.8958333333333334,0.0
ifeval,Qwen397B,1021,2,0.9231770833333334,0.9231770833333334,0.0
ifeval,Qwen397B,1021,4,0.9624322961877894,0.9624322961877894,0.0
ifeval,Qwen397B,1021,8,0.9922577495201034,0.9922577495201034,0.0
ifeval,Qwen397B,1021,16,0.999747235147772,0.999747235147772,0.0
ifeval,Qwen397B,1021,32,0.9999998032853981,0.9999998032853981,0.0
ifeval,Qwen397B,1021,48,0.999999999871849,0.999999999871849,0.0
ifeval,Qwen397B,1040,1,0.8541666666666666,0.8541666666666666,0.0
ifeval,Qwen397B,1040,2,0.8676215277777778,0.8676215277777778,0.0
ifeval,Qwen397B,1040,4,0.8850269082151815,0.8850269082151815,0.0
ifeval,Qwen397B,1040,8,0.9114836730269,0.9114836730269,0.0
ifeval,Qwen397B,1040,16,0.9615121991174813,0.9615121991174813,0.0
ifeval,Qwen397B,1040,32,0.9957438999252788,0.9957438999252788,0.0
ifeval,Qwen397B,1040,48,0.9996071257719984,0.9996071257719984,0.0
ifeval,Qwen397B,1051,1,0.9583333333333334,0.9583333333333334,0.0
ifeval,Qwen397B,1051,2,0.9982638888888888,0.9982638888888888,0.0
ifeval,Qwen397B,1051,4,0.9999969859182098,0.9999969859182098,0.0
ifeval,Qwen397B,1051,8,0.9999999999909153,0.9999999999909153,0.0
ifeval,Qwen397B,1051,16,1.0,1.0,0.0
ifeval,Qwen397B,1051,32,1.0,1.0,0.0
ifeval,Qwen397B,1051,48,1.0,1.0,0.0
ifeval,Qwen397B,1069,1,0.9583333333333334,0.9583333333333334,0.0
ifeval,Qwen397B,1069,2,0.9982638888888888,0.9982638888888888,0.0
ifeval,Qwen397B,1069,4,0.9999969859182098,0.9999969859182098,0.0
ifeval,Qwen397B,1069,8,0.9999999999909153,0.9999999999909153,0.0
ifeval,Qwen397B,1069,16,1.0,1.0,0.0
ifeval,Qwen397B,1069,32,1.0,1.0,0.0
ifeval,Qwen397B,1069,48,1.0,1.0,0.0
ifeval,Qwen397B,1072,1,0.9791666666666666,0.9791666666666666,0.0
ifeval,Qwen397B,1072,2,0.9995659722222222,0.9995659722222222,0.0
ifeval,Qwen397B,1072,4,0.9999998116198882,0.9999998116198882,0.0
ifeval,Qwen397B,1072,8,0.9999999999999645,0.9999999999999645,0.0
ifeval,Qwen397B,1072,16,1.0,1.0,0.0
ifeval,Qwen397B,1072,32,1.0,1.0,0.0
ifeval,Qwen397B,1072,48,1.0,1.0,0.0
ifeval,Qwen397B,1075,1,1.0,1.0,0.0
ifeval,Qwen397B,1075,2,1.0,1.0,0.0
ifeval,Qwen397B,1075,4,1.0,1.0,0.0
ifeval,Qwen397B,1075,8,1.0,1.0,0.0
ifeval,Qwen397B,1075,16,1.0,1.0,0.0
ifeval,Qwen397B,1075,32,1.0,1.0,0.0
ifeval,Qwen397B,1075,48,1.0,1.0,0.0
ifeval,Qwen397B,1082,1,0.9583333333333334,0.9583333333333334,0.0
ifeval,Qwen397B,1082,2,0.9930555555555556,0.9930555555555556,0.0
ifeval,Qwen397B,1082,4,0.9996805073302469,0.9996805073302469,0.0
ifeval,Qwen397B,1082,8,0.9999996092016605,0.9999996092016605,0.0
ifeval,Qwen397B,1082,16,0.9999999999996874,0.9999999999996874,0.0
ifeval,Qwen397B,1082,32,1.0,1.0,0.0
ifeval,Qwen397B,1082,48,1.0,1.0,0.0
ifeval,Qwen397B,1087,1,0.9166666666666666,0.9166666666666666,0.0
ifeval,Qwen397B,1087,2,0.9236111111111113,0.9236111111111113,0.0
ifeval,Qwen397B,1087,4,0.929014606240355,0.929014606240355,0.0
ifeval,Qwen397B,1087,8,0.9588303248104315,0.9588303248104315,0.0
ifeval,Qwen397B,1087,16,0.992115620320325,0.992115620320325,0.0
ifeval,Qwen397B,1087,32,0.9998344013076319,0.9998344013076319,0.0
ifeval,Qwen397B,1087,48,0.9999970605192428,0.9999970605192428,0.0
ifeval,Qwen397B,1092,1,1.0,1.0,0.0
ifeval,Qwen397B,1092,2,1.0,1.0,0.0
ifeval,Qwen397B,1092,4,1.0,1.0,0.0
ifeval,Qwen397B,1092,8,1.0,1.0,0.0
ifeval,Qwen397B,1092,16,1.0,1.0,0.0
ifeval,Qwen397B,1092,32,1.0,1.0,0.0
ifeval,Qwen397B,1092,48,1.0,1.0,0.0
ifeval,Qwen397B,1094,1,0.9791666666666666,0.9791666666666666,0.0
ifeval,Qwen397B,1094,2,0.9995659722222222,0.9995659722222222,0.0
ifeval,Qwen397B,1094,4,0.9999998116198882,0.9999998116198882,0.0
ifeval,Qwen397B,1094,8,0.9999999999999645,0.9999999999999645,0.0
ifeval,Qwen397B,1094,16,1.0,1.0,0.0
ifeval,Qwen397B,1094,32,1.0,1.0,0.0
ifeval,Qwen397B,1094,48,1.0,1.0,0.0
ifeval,Qwen397B,1098,1,0.9791666666666666,0.9791666666666666,0.0
ifeval,Qwen397B,1098,2,0.9995659722222222,0.9995659722222222,0.0
ifeval,Qwen397B,1098,4,0.9999998116198882,0.9999998116198882,0.0
ifeval,Qwen397B,1098,8,0.9999999999999645,0.9999999999999645,0.0
ifeval,Qwen397B,1098,16,1.0,1.0,0.0
ifeval,Qwen397B,1098,32,1.0,1.0,0.0
ifeval,Qwen397B,1098,48,1.0,1.0,0.0
ifeval,Qwen397B,1107,1,0.9791666666666666,0.9791666666666666,0.0
ifeval,Qwen397B,1107,2,0.9995659722222222,0.9995659722222222,0.0
ifeval,Qwen397B,1107,4,0.999999811619888,0.999999811619888,0.0
ifeval,Qwen397B,1107,8,0.9999999999999645,0.9999999999999645,0.0
ifeval,Qwen397B,1107,16,1.0,1.0,0.0
ifeval,Qwen397B,1107,32,1.0,1.0,0.0
ifeval,Qwen397B,1107,48,1.0,1.0,0.0
ifeval,Qwen397B,1108,1,1.0,1.0,0.0
ifeval,Qwen397B,1108,2,1.0,1.0,0.0
ifeval,Qwen397B,1108,4,1.0,1.0,0.0
ifeval,Qwen397B,1108,8,1.0,1.0,0.0
ifeval,Qwen397B,1108,16,1.0,1.0,0.0
ifeval,Qwen397B,1108,32,1.0,1.0,0.0
ifeval,Qwen397B,1108,48,1.0,1.0,0.0
ifeval,Qwen397B,1122,1,0.3541666666666667,0.3541666666666667,0.0
ifeval,Qwen397B,1122,2,0.3450520833333336,0.3450520833333336,0.0
ifeval,Qwen397B,1122,4,0.33717007107204894,0.33717007107204894,0.0
ifeval,Qwen397B,1122,8,0.29682307126105756,0.29682307126105756,0.0
ifeval,Qwen397B,1122,16,0.20948993904637997,0.20948993904637997,0.0
ifeval,Qwen397B,1122,32,0.0883743055505973,0.0883743055505973,0.0
ifeval,Qwen397B,1122,48,0.034372812104803654,0.034372812104803654,0.0
ifeval,QwenNext80B,1000,1,1.0,1.0,0.0
ifeval,QwenNext80B,1000,2,1.0,1.0,0.0
ifeval,QwenNext80B,1000,4,1.0,1.0,0.0
ifeval,QwenNext80B,1000,8,1.0,1.0,0.0
ifeval,QwenNext80B,1000,16,1.0,1.0,0.0
ifeval,QwenNext80B,1000,32,1.0,1.0,0.0
ifeval,QwenNext80B,1000,48,1.0,1.0,0.0
ifeval,QwenNext80B,1001,1,1.0,1.0,0.0
ifeval,QwenNext80B,1001,2,1.0,1.0,0.0
ifeval,QwenNext80B,1001,4,1.0,1.0,0.0
ifeval,QwenNext80B,1001,8,1.0,1.0,0.0
ifeval,QwenNext80B,1001,16,1.0,1.0,0.0
ifeval,QwenNext80B,1001,32,1.0,1.0,0.0
ifeval,QwenNext80B,1001,48,1.0,1.0,0.0
ifeval,QwenNext80B,1005,1,1.0,1.0,0.0
ifeval,QwenNext80B,1005,2,1.0,1.0,0.0
ifeval,QwenNext80B,1005,4,1.0,1.0,0.0
ifeval,QwenNext80B,1005,8,1.0,1.0,0.0
ifeval,QwenNext80B,1005,16,1.0,1.0,0.0
ifeval,QwenNext80B,1005,32,1.0,1.0,0.0
ifeval,QwenNext80B,1005,48,1.0,1.0,0.0
ifeval,QwenNext80B,1012,1,1.0,1.0,0.0
ifeval,QwenNext80B,1012,2,1.0,1.0,0.0
ifeval,QwenNext80B,1012,4,1.0,1.0,0.0
ifeval,QwenNext80B,1012,8,1.0,1.0,0.0
ifeval,QwenNext80B,1012,16,1.0,1.0,0.0
ifeval,QwenNext80B,1012,32,1.0,1.0,0.0
ifeval,QwenNext80B,1012,48,1.0,1.0,0.0
ifeval,QwenNext80B,1019,1,1.0,1.0,0.0
ifeval,QwenNext80B,1019,2,1.0,1.0,0.0
ifeval,QwenNext80B,1019,4,1.0,1.0,0.0
ifeval,QwenNext80B,1019,8,1.0,1.0,0.0
ifeval,QwenNext80B,1019,16,1.0,1.0,0.0
ifeval,QwenNext80B,1019,32,1.0,1.0,0.0
ifeval,QwenNext80B,1019,48,1.0,1.0,0.0
ifeval,QwenNext80B,102,1,0.9791666666666666,0.9791666666666666,0.0
ifeval,QwenNext80B,102,2,0.9865451388888888,0.9865451388888888,0.0
ifeval,QwenNext80B,102,4,0.9971910641517168,0.9971910641517168,0.0
ifeval,QwenNext80B,102,8,0.9999385336799014,0.9999385336799014,0.0
ifeval,QwenNext80B,102,16,0.999999985041233,0.999999985041233,0.0
ifeval,QwenNext80B,102,32,0.9999999999999996,0.9999999999999996,0.0
ifeval,QwenNext80B,102,48,1.0,1.0,0.0
ifeval,QwenNext80B,1021,1,0.9583333333333334,0.9583333333333334,0.0
ifeval,QwenNext80B,1021,2,0.9427083333333333,0.9427083333333333,0.0
ifeval,QwenNext80B,1021,4,0.9225169994212962,0.9225169994212962,0.0
ifeval,QwenNext80B,1021,8,0.8848547709072675,0.8848547709072675,0.0
ifeval,QwenNext80B,1021,16,0.8499391582969653,0.8499391582969653,0.0
ifeval,QwenNext80B,1021,32,0.8706171645588139,0.8706171645588139,0.0
ifeval,QwenNext80B,1021,48,0.9154890402719935,0.9154890402719935,0.0
ifeval,QwenNext80B,1040,1,0.0,0.0,0.0
ifeval,QwenNext80B,1040,2,0.0,0.0,0.0
ifeval,QwenNext80B,1040,4,0.0,0.0,0.0
ifeval,QwenNext80B,1040,8,0.0,0.0,0.0
ifeval,QwenNext80B,1040,16,0.0,0.0,0.0
ifeval,QwenNext80B,1040,32,0.0,0.0,0.0
ifeval,QwenNext80B,1040,48,0.0,0.0,0.0
ifeval,QwenNext80B,1051,1,1.0,1.0,0.0
ifeval,QwenNext80B,1051,2,1.0,1.0,0.0
ifeval,QwenNext80B,1051,4,1.0,1.0,0.0
ifeval,QwenNext80B,1051,8,1.0,1.0,0.0
ifeval,QwenNext80B,1051,16,1.0,1.0,0.0
ifeval,QwenNext80B,1051,32,1.0,1.0,0.0
ifeval,QwenNext80B,1051,48,1.0,1.0,0.0
ifeval,QwenNext80B,1069,1,0.9791666666666666,0.9791666666666666,0.0
ifeval,QwenNext80B,1069,2,0.9856770833333333,0.9856770833333333,0.0
ifeval,QwenNext80B,1069,4,0.9966119836877894,0.9966119836877894,0.0
ifeval,QwenNext80B,1069,8,0.9999048666217099,0.9999048666217099,0.0
ifeval,QwenNext80B,1069,16,0.9999999619499823,0.9999999619499823,0.0
ifeval,QwenNext80B,1069,32,0.9999999999999968,0.9999999999999968,0.0
ifeval,QwenNext80B,1069,48,1.0,1.0,0.0
ifeval,QwenNext80B,1072,1,1.0,1.0,0.0
ifeval,QwenNext80B,1072,2,1.0,1.0,0.0
ifeval,QwenNext80B,1072,4,1.0,1.0,0.0
ifeval,QwenNext80B,1072,8,1.0,1.0,0.0
ifeval,QwenNext80B,1072,16,1.0,1.0,0.0
ifeval,QwenNext80B,1072,32,1.0,1.0,0.0
ifeval,QwenNext80B,1072,48,1.0,1.0,0.0
ifeval,QwenNext80B,1075,1,1.0,1.0,0.0
ifeval,QwenNext80B,1075,2,1.0,1.0,0.0
ifeval,QwenNext80B,1075,4,1.0,1.0,0.0
ifeval,QwenNext80B,1075,8,1.0,1.0,0.0
ifeval,QwenNext80B,1075,16,1.0,1.0,0.0
ifeval,QwenNext80B,1075,32,1.0,1.0,0.0
ifeval,QwenNext80B,1075,48,1.0,1.0,0.0
ifeval,QwenNext80B,1082,1,1.0,1.0,0.0
ifeval,QwenNext80B,1082,2,1.0,1.0,0.0
ifeval,QwenNext80B,1082,4,1.0,1.0,0.0
ifeval,QwenNext80B,1082,8,1.0,1.0,0.0
ifeval,QwenNext80B,1082,16,1.0,1.0,0.0
ifeval,QwenNext80B,1082,32,1.0,1.0,0.0
ifeval,QwenNext80B,1082,48,1.0,1.0,0.0
ifeval,QwenNext80B,1087,1,1.0,1.0,0.0
ifeval,QwenNext80B,1087,2,1.0,1.0,0.0
ifeval,QwenNext80B,1087,4,1.0,1.0,0.0
ifeval,QwenNext80B,1087,8,1.0,1.0,0.0
ifeval,QwenNext80B,1087,16,1.0,1.0,0.0
ifeval,QwenNext80B,1087,32,1.0,1.0,0.0
ifeval,QwenNext80B,1087,48,1.0,1.0,0.0
ifeval,QwenNext80B,1092,1,0.7083333333333334,0.7083333333333334,0.0
ifeval,QwenNext80B,1092,2,0.723090277777778,0.723090277777778,0.0
ifeval,QwenNext80B,1092,4,0.739198661144869,0.739198661144869,0.0
ifeval,QwenNext80B,1092,8,0.7722020159442008,0.7722020159442008,0.0
ifeval,QwenNext80B,1092,16,0.8590817197117694,0.8590817197117694,0.0
ifeval,QwenNext80B,1092,32,0.958387629691037,0.958387629691037,0.0
ifeval,QwenNext80B,1092,48,0.988491562211219,0.988491562211219,0.0
ifeval,QwenNext80B,1094,1,0.9791666666666666,0.9791666666666666,0.0
ifeval,QwenNext80B,1094,2,0.9917534722222222,0.9917534722222222,0.0
ifeval,QwenNext80B,1094,4,0.9993521607952354,0.9993521607952354,0.0
ifeval,QwenNext80B,1094,8,0.9999979788951977,0.9999979788951977,0.0
ifeval,QwenNext80B,1094,16,0.9999999999897402,0.9999999999897402,0.0
ifeval,QwenNext80B,1094,32,1.0,1.0,0.0
ifeval,QwenNext80B,1094,48,1.0,1.0,0.0
ifeval,QwenNext80B,1098,1,0.6875,0.6875,0.0
ifeval,QwenNext80B,1098,2,0.7730034722222222,0.7730034722222222,0.0
ifeval,QwenNext80B,1098,4,0.8363476035035685,0.8363476035035685,0.0
ifeval,QwenNext80B,1098,8,0.8333092006121051,0.8333092006121051,0.0
ifeval,QwenNext80B,1098,16,0.7138383298366091,0.7138383298366091,0.0
ifeval,QwenNext80B,1098,32,0.5098140856771207,0.5098140856771207,0.0
ifeval,QwenNext80B,1098,48,0.3640137484790271,0.3640137484790271,0.0
ifeval,QwenNext80B,1107,1,1.0,1.0,0.0
ifeval,QwenNext80B,1107,2,1.0,1.0,0.0
ifeval,QwenNext80B,1107,4,1.0,1.0,0.0
ifeval,QwenNext80B,1107,8,1.0,1.0,0.0
ifeval,QwenNext80B,1107,16,1.0,1.0,0.0
ifeval,QwenNext80B,1107,32,1.0,1.0,0.0
ifeval,QwenNext80B,1107,48,1.0,1.0,0.0
ifeval,QwenNext80B,1108,1,1.0,1.0,0.0
ifeval,QwenNext80B,1108,2,1.0,1.0,0.0
ifeval,QwenNext80B,1108,4,1.0,1.0,0.0
ifeval,QwenNext80B,1108,8,1.0,1.0,0.0
ifeval,QwenNext80B,1108,16,1.0,1.0,0.0
ifeval,QwenNext80B,1108,32,1.0,1.0,0.0
ifeval,QwenNext80B,1108,48,1.0,1.0,0.0
ifeval,QwenNext80B,1122,1,0.4791666666666667,0.4791666666666667,0.0
ifeval,QwenNext80B,1122,2,0.47699652777777823,0.47699652777777823,0.0
ifeval,QwenNext80B,1122,4,0.5182711754316172,0.5182711754316172,0.0
ifeval,QwenNext80B,1122,8,0.5912618051814881,0.5912618051814881,0.0
ifeval,QwenNext80B,1122,16,0.6587878232303817,0.6587878232303817,0.0
ifeval,QwenNext80B,1122,32,0.7094300578484731,0.7094300578484731,0.0
ifeval,QwenNext80B,1122,48,0.754978587764654,0.754978587764654,0.0
ifeval,Gemma3n2B,1000,1,0.875,0.875,0.0
ifeval,Gemma3n2B,1000,2,0.9045138888888887,0.9045138888888887,0.0
ifeval,Gemma3n2B,1000,4,0.903181664737654,0.903181664737654,0.0
ifeval,Gemma3n2B,1000,8,0.8883376725550612,0.8883376725550612,0.0
ifeval,Gemma3n2B,1000,16,0.8909331313209924,0.8909331313209924,0.0
ifeval,Gemma3n2B,1000,32,0.9349696467533184,0.9349696467533184,0.0
ifeval,Gemma3n2B,1000,48,0.9702051823277358,0.9702051823277358,0.0
ifeval,Gemma3n2B,1001,1,1.0,1.0,0.0
ifeval,Gemma3n2B,1001,2,1.0,1.0,0.0
ifeval,Gemma3n2B,1001,4,1.0,1.0,0.0
ifeval,Gemma3n2B,1001,8,1.0,1.0,0.0
ifeval,Gemma3n2B,1001,16,1.0,1.0,0.0
ifeval,Gemma3n2B,1001,32,1.0,1.0,0.0
ifeval,Gemma3n2B,1001,48,1.0,1.0,0.0
ifeval,Gemma3n2B,1005,1,1.0,1.0,0.0
ifeval,Gemma3n2B,1005,2,1.0,1.0,0.0
ifeval,Gemma3n2B,1005,4,1.0,1.0,0.0
ifeval,Gemma3n2B,1005,8,1.0,1.0,0.0
ifeval,Gemma3n2B,1005,16,1.0,1.0,0.0
ifeval,Gemma3n2B,1005,32,1.0,1.0,0.0
ifeval,Gemma3n2B,1005,48,1.0,1.0,0.0
ifeval,Gemma3n2B,1012,1,0.0,0.0,0.0
ifeval,Gemma3n2B,1012,2,0.0,0.0,0.0
ifeval,Gemma3n2B,1012,4,0.0,0.0,0.0
ifeval,Gemma3n2B,1012,8,0.0,0.0,0.0
ifeval,Gemma3n2B,1012,16,0.0,0.0,0.0
ifeval,Gemma3n2B,1012,32,0.0,0.0,0.0
ifeval,Gemma3n2B,1012,48,0.0,0.0,0.0
ifeval,Gemma3n2B,1019,1,1.0,1.0,0.0
ifeval,Gemma3n2B,1019,2,1.0,1.0,0.0
ifeval,Gemma3n2B,1019,4,1.0,1.0,0.0
ifeval,Gemma3n2B,1019,8,1.0,1.0,0.0
ifeval,Gemma3n2B,1019,16,1.0,1.0,0.0
ifeval,Gemma3n2B,1019,32,1.0,1.0,0.0
ifeval,Gemma3n2B,1019,48,1.0,1.0,0.0
ifeval,Gemma3n2B,102,1,0.5416666666666666,0.5416666666666666,0.0
ifeval,Gemma3n2B,102,2,0.38107638888888884,0.38107638888888884,0.0
ifeval,Gemma3n2B,102,4,0.18427003460165906,0.18427003460165906,0.0
ifeval,Gemma3n2B,102,8,0.04584178450951581,0.04584178450951581,0.0
ifeval,Gemma3n2B,102,16,0.003135228010201197,0.003135228010201197,0.0
ifeval,Gemma3n2B,102,32,1.4448652017424767e-05,1.4448652017424767e-05,0.0
ifeval,Gemma3n2B,102,48,6.188632573212535e-08,6.188632573212535e-08,0.0
ifeval,Gemma3n2B,1021,1,0.5,0.5,0.0
ifeval,Gemma3n2B,1021,2,0.532986111111111,0.532986111111111,0.0
ifeval,Gemma3n2B,1021,4,0.5485576111593364,0.5485576111593364,0.0
ifeval,Gemma3n2B,1021,8,0.5575655723306326,0.5575655723306326,0.0
ifeval,Gemma3n2B,1021,16,0.5592974054178358,0.5592974054178358,0.0
ifeval,Gemma3n2B,1021,32,0.46639073518225305,0.46639073518225305,0.0
ifeval,Gemma3n2B,1021,48,0.3522631729167218,0.3522631729167218,0.0
ifeval,Gemma3n2B,1040,1,0.25,0.25,0.0
ifeval,Gemma3n2B,1040,2,0.23697916666666669,0.23697916666666669,0.0
ifeval,Gemma3n2B,1040,4,0.23980599862557883,0.23980599862557883,0.0
ifeval,Gemma3n2B,1040,8,0.24541507713231808,0.24541507713231808,0.0
ifeval,Gemma3n2B,1040,16,0.1739800638380573,0.1739800638380573,0.0
ifeval,Gemma3n2B,1040,32,0.05546240720021475,0.05546240720021475,0.0
ifeval,Gemma3n2B,1040,48,0.014836521128304513,0.014836521128304513,0.0
ifeval,Gemma3n2B,1051,1,1.0,1.0,0.0
ifeval,Gemma3n2B,1051,2,1.0,1.0,0.0
ifeval,Gemma3n2B,1051,4,1.0,1.0,0.0
ifeval,Gemma3n2B,1051,8,1.0,1.0,0.0
ifeval,Gemma3n2B,1051,16,1.0,1.0,0.0
ifeval,Gemma3n2B,1051,32,1.0,1.0,0.0
ifeval,Gemma3n2B,1051,48,1.0,1.0,0.0
ifeval,Gemma3n2B,1069,1,0.7291666666666666,0.7291666666666666,0.0
ifeval,Gemma3n2B,1069,2,0.6818576388888892,0.6818576388888892,0.0
ifeval,Gemma3n2B,1069,4,0.684533955138407,0.684533955138407,0.0
ifeval,Gemma3n2B,1069,8,0.7092667969158842,0.7092667969158842,0.0
ifeval,Gemma3n2B,1069,16,0.7229966005691832,0.7229966005691832,0.0
ifeval,Gemma3n2B,1069,32,0.735278994094157,0.735278994094157,0.0
ifeval,Gemma3n2B,1069,48,0.7641550573616543,0.7641550573616543,0.0
ifeval,Gemma3n2B,1072,1,1.0,1.0,0.0
ifeval,Gemma3n2B,1072,2,1.0,1.0,0.0
ifeval,Gemma3n2B,1072,4,1.0,1.0,0.0
ifeval,Gemma3n2B,1072,8,1.0,1.0,0.0
ifeval,Gemma3n2B,1072,16,1.0,1.0,0.0
ifeval,Gemma3n2B,1072,32,1.0,1.0,0.0
ifeval,Gemma3n2B,1072,48,1.0,1.0,0.0
ifeval,Gemma3n2B,1075,1,1.0,1.0,0.0
ifeval,Gemma3n2B,1075,2,1.0,1.0,0.0
ifeval,Gemma3n2B,1075,4,1.0,1.0,0.0
ifeval,Gemma3n2B,1075,8,1.0,1.0,0.0
ifeval,Gemma3n2B,1075,16,1.0,1.0,0.0
ifeval,Gemma3n2B,1075,32,1.0,1.0,0.0
ifeval,Gemma3n2B,1075,48,1.0,1.0,0.0
ifeval,Gemma3n2B,1082,1,0.7708333333333334,0.7708333333333334,0.0
ifeval,Gemma3n2B,1082,2,0.7756076388888887,0.7756076388888887,0.0
ifeval,Gemma3n2B,1082,4,0.775462774582851,0.775462774582851,0.0
ifeval,Gemma3n2B,1082,8,0.7640287303418641,0.7640287303418641,0.0
ifeval,Gemma3n2B,1082,16,0.6924246059977334,0.6924246059977334,0.0
ifeval,Gemma3n2B,1082,32,0.5087503964619252,0.5087503964619252,0.0
ifeval,Gemma3n2B,1082,48,0.3639705494822588,0.3639705494822588,0.0
ifeval,Gemma3n2B,1087,1,0.8958333333333334,0.8958333333333334,0.0
ifeval,Gemma3n2B,1087,2,0.9032118055555555,0.9032118055555555,0.0
ifeval,Gemma3n2B,1087,4,0.9288610764491705,0.9288610764491705,0.0
ifeval,Gemma3n2B,1087,8,0.9641249853366511,0.9641249853366511,0.0
ifeval,Gemma3n2B,1087,16,0.9935160956622882,0.9935160956622882,0.0
ifeval,Gemma3n2B,1087,32,0.9998551664021407,0.9998551664021407,0.0
ifeval,Gemma3n2B,1087,48,0.9999972442445013,0.9999972442445013,0.0
ifeval,Gemma3n2B,1092,1,1.0,1.0,0.0
ifeval,Gemma3n2B,1092,2,1.0,1.0,0.0
ifeval,Gemma3n2B,1092,4,1.0,1.0,0.0
ifeval,Gemma3n2B,1092,8,1.0,1.0,0.0
ifeval,Gemma3n2B,1092,16,1.0,1.0,0.0
ifeval,Gemma3n2B,1092,32,1.0,1.0,0.0
ifeval,Gemma3n2B,1092,48,1.0,1.0,0.0
ifeval,Gemma3n2B,1094,1,1.0,1.0,0.0
ifeval,Gemma3n2B,1094,2,1.0,1.0,0.0
ifeval,Gemma3n2B,1094,4,1.0,1.0,0.0
ifeval,Gemma3n2B,1094,8,1.0,1.0,0.0
ifeval,Gemma3n2B,1094,16,1.0,1.0,0.0
ifeval,Gemma3n2B,1094,32,1.0,1.0,0.0
ifeval,Gemma3n2B,1094,48,1.0,1.0,0.0
ifeval,Gemma3n2B,1098,1,0.5,0.5,0.0
ifeval,Gemma3n2B,1098,2,0.36718750000000006,0.36718750000000006,0.0
ifeval,Gemma3n2B,1098,4,0.19285866066261578,0.19285866066261578,0.0
ifeval,Gemma3n2B,1098,8,0.05151068197885231,0.05151068197885231,0.0
ifeval,Gemma3n2B,1098,16,0.0035708556480702983,0.0035708556480702983,0.0
ifeval,Gemma3n2B,1098,32,1.5574400743991387e-05,1.5574400743991387e-05,0.0
ifeval,Gemma3n2B,1098,48,6.416475579207493e-08,6.416475579207493e-08,0.0
ifeval,Gemma3n2B,1107,1,1.0,1.0,0.0
ifeval,Gemma3n2B,1107,2,1.0,1.0,0.0
ifeval,Gemma3n2B,1107,4,1.0,1.0,0.0
ifeval,Gemma3n2B,1107,8,1.0,1.0,0.0
ifeval,Gemma3n2B,1107,16,1.0,1.0,0.0
ifeval,Gemma3n2B,1107,32,1.0,1.0,0.0
ifeval,Gemma3n2B,1107,48,1.0,1.0,0.0
ifeval,Gemma3n2B,1108,1,0.9166666666666666,0.9166666666666666,0.0
ifeval,Gemma3n2B,1108,2,0.9644097222222223,0.9644097222222223,0.0
ifeval,Gemma3n2B,1108,4,0.9865568184558257,0.9865568184558257,0.0
ifeval,Gemma3n2B,1108,8,0.9980001668934069,0.9980001668934069,0.0
ifeval,Gemma3n2B,1108,16,0.9999744031795119,0.9999744031795119,0.0
ifeval,Gemma3n2B,1108,32,0.9999999978437536,0.9999999978437536,0.0
ifeval,Gemma3n2B,1108,48,0.9999999999998594,0.9999999999998594,0.0
ifeval,Gemma3n2B,1122,1,0.4166666666666667,0.4166666666666667,0.0
ifeval,Gemma3n2B,1122,2,0.4210069444444441,0.4210069444444441,0.0
ifeval,Gemma3n2B,1122,4,0.4520124270592203,0.4520124270592203,0.0
ifeval,Gemma3n2B,1122,8,0.5543109329393637,0.5543109329393637,0.0
ifeval,Gemma3n2B,1122,16,0.7322924013322171,0.7322924013322171,0.0
ifeval,Gemma3n2B,1122,32,0.9057350239541138,0.9057350239541138,0.0
ifeval,Gemma3n2B,1122,48,0.9651229674193094,0.9651229674193094,0.0
ifeval,Gemma3n4B,1000,1,0.9791666666666666,0.9791666666666666,0.0
ifeval,Gemma3n4B,1000,2,0.9639756944444444,0.9639756944444444,0.0
ifeval,Gemma3n4B,1000,4,0.9461355327088155,0.9461355327088155,0.0
ifeval,Gemma3n4B,1000,8,0.9397526572202868,0.9397526572202868,0.0
ifeval,Gemma3n4B,1000,16,0.9622266940465789,0.9622266940465789,0.0
ifeval,Gemma3n4B,1000,32,0.9925072542404851,0.9925072542404851,0.0
ifeval,Gemma3n4B,1000,48,0.9988718253830233,0.9988718253830233,0.0
ifeval,Gemma3n4B,1001,1,1.0,1.0,0.0
ifeval,Gemma3n4B,1001,2,1.0,1.0,0.0
ifeval,Gemma3n4B,1001,4,1.0,1.0,0.0
ifeval,Gemma3n4B,1001,8,1.0,1.0,0.0
ifeval,Gemma3n4B,1001,16,1.0,1.0,0.0
ifeval,Gemma3n4B,1001,32,1.0,1.0,0.0
ifeval,Gemma3n4B,1001,48,1.0,1.0,0.0
ifeval,Gemma3n4B,1005,1,1.0,1.0,0.0
ifeval,Gemma3n4B,1005,2,1.0,1.0,0.0
ifeval,Gemma3n4B,1005,4,1.0,1.0,0.0
ifeval,Gemma3n4B,1005,8,1.0,1.0,0.0
ifeval,Gemma3n4B,1005,16,1.0,1.0,0.0
ifeval,Gemma3n4B,1005,32,1.0,1.0,0.0
ifeval,Gemma3n4B,1005,48,1.0,1.0,0.0
ifeval,Gemma3n4B,1012,1,1.0,1.0,0.0
ifeval,Gemma3n4B,1012,2,1.0,1.0,0.0
ifeval,Gemma3n4B,1012,4,1.0,1.0,0.0
ifeval,Gemma3n4B,1012,8,1.0,1.0,0.0
ifeval,Gemma3n4B,1012,16,1.0,1.0,0.0
ifeval,Gemma3n4B,1012,32,1.0,1.0,0.0
ifeval,Gemma3n4B,1012,48,1.0,1.0,0.0
ifeval,Gemma3n4B,1019,1,1.0,1.0,0.0
ifeval,Gemma3n4B,1019,2,1.0,1.0,0.0
ifeval,Gemma3n4B,1019,4,1.0,1.0,0.0
ifeval,Gemma3n4B,1019,8,1.0,1.0,0.0
ifeval,Gemma3n4B,1019,16,1.0,1.0,0.0
ifeval,Gemma3n4B,1019,32,1.0,1.0,0.0
ifeval,Gemma3n4B,1019,48,1.0,1.0,0.0
ifeval,Gemma3n4B,102,1,1.0,1.0,0.0
ifeval,Gemma3n4B,102,2,1.0,1.0,0.0
ifeval,Gemma3n4B,102,4,1.0,1.0,0.0
ifeval,Gemma3n4B,102,8,1.0,1.0,0.0
ifeval,Gemma3n4B,102,16,1.0,1.0,0.0
ifeval,Gemma3n4B,102,32,1.0,1.0,0.0
ifeval,Gemma3n4B,102,48,1.0,1.0,0.0
ifeval,Gemma3n4B,1021,1,0.5833333333333334,0.5833333333333334,0.0
ifeval,Gemma3n4B,1021,2,0.7421875,0.7421875,0.0
ifeval,Gemma3n4B,1021,4,0.8725778085214121,0.8725778085214121,0.0
ifeval,Gemma3n4B,1021,8,0.9432010401330315,0.9432010401330315,0.0
ifeval,Gemma3n4B,1021,16,0.9813300654025614,0.9813300654025614,0.0
ifeval,Gemma3n4B,1021,32,0.9983742295481803,0.9983742295481803,0.0
ifeval,Gemma3n4B,1021,48,0.999888700793651,0.999888700793651,0.0
ifeval,Gemma3n4B,1040,1,0.041666666666666664,0.041666666666666664,0.0
ifeval,Gemma3n4B,1040,2,0.03645833333333342,0.03645833333333342,0.0
ifeval,Gemma3n4B,1040,4,0.04645905671296305,0.04645905671296305,0.0
ifeval,Gemma3n4B,1040,8,0.04264093076645874,0.04264093076645874,0.0
ifeval,Gemma3n4B,1040,16,0.018015586268178355,0.018015586268178355,0.0
ifeval,Gemma3n4B,1040,32,0.001624288853788952,0.001624288853788952,0.0
ifeval,Gemma3n4B,1040,48,0.0001112964461888163,0.0001112964461888163,0.0
ifeval,Gemma3n4B,1051,1,1.0,1.0,0.0
ifeval,Gemma3n4B,1051,2,1.0,1.0,0.0
ifeval,Gemma3n4B,1051,4,1.0,1.0,0.0
ifeval,Gemma3n4B,1051,8,1.0,1.0,0.0
ifeval,Gemma3n4B,1051,16,1.0,1.0,0.0
ifeval,Gemma3n4B,1051,32,1.0,1.0,0.0
ifeval,Gemma3n4B,1051,48,1.0,1.0,0.0
ifeval,Gemma3n4B,1069,1,0.6666666666666666,0.6666666666666666,0.0
ifeval,Gemma3n4B,1069,2,0.6848958333333333,0.6848958333333333,0.0
ifeval,Gemma3n4B,1069,4,0.7272350169994214,0.7272350169994214,0.0
ifeval,Gemma3n4B,1069,8,0.7679424260668014,0.7679424260668014,0.0
ifeval,Gemma3n4B,1069,16,0.8471876363368227,0.8471876363368227,0.0
ifeval,Gemma3n4B,1069,32,0.9504860184307709,0.9504860184307709,0.0
ifeval,Gemma3n4B,1069,48,0.9861823518675824,0.9861823518675824,0.0
ifeval,Gemma3n4B,1072,1,1.0,1.0,0.0
ifeval,Gemma3n4B,1072,2,1.0,1.0,0.0
ifeval,Gemma3n4B,1072,4,1.0,1.0,0.0
ifeval,Gemma3n4B,1072,8,1.0,1.0,0.0
ifeval,Gemma3n4B,1072,16,1.0,1.0,0.0
ifeval,Gemma3n4B,1072,32,1.0,1.0,0.0
ifeval,Gemma3n4B,1072,48,1.0,1.0,0.0
ifeval,Gemma3n4B,1075,1,0.9791666666666666,0.9791666666666666,0.0
ifeval,Gemma3n4B,1075,2,0.9874131944444444,0.9874131944444444,0.0
ifeval,Gemma3n4B,1075,4,0.9977000672140239,0.9977000672140239,0.0
ifeval,Gemma3n4B,1075,8,0.9999614219542711,0.9999614219542711,0.0
ifeval,Gemma3n4B,1075,16,0.99999999447096,0.99999999447096,0.0
ifeval,Gemma3n4B,1075,32,1.0,1.0,0.0
ifeval,Gemma3n4B,1075,48,1.0,1.0,0.0
ifeval,Gemma3n4B,1082,1,1.0,1.0,0.0
ifeval,Gemma3n4B,1082,2,1.0,1.0,0.0
ifeval,Gemma3n4B,1082,4,1.0,1.0,0.0
ifeval,Gemma3n4B,1082,8,1.0,1.0,0.0
ifeval,Gemma3n4B,1082,16,1.0,1.0,0.0
ifeval,Gemma3n4B,1082,32,1.0,1.0,0.0
ifeval,Gemma3n4B,1082,48,1.0,1.0,0.0
ifeval,Gemma3n4B,1087,1,0.9375,0.9375,0.0
ifeval,Gemma3n4B,1087,2,0.9266493055555556,0.9266493055555556,0.0
ifeval,Gemma3n4B,1087,4,0.9062656355492863,0.9062656355492863,0.0
ifeval,Gemma3n4B,1087,8,0.9101098146477455,0.9101098146477455,0.0
ifeval,Gemma3n4B,1087,16,0.9539581921439281,0.9539581921439281,0.0
ifeval,Gemma3n4B,1087,32,0.9921819503210623,0.9921819503210623,0.0
ifeval,Gemma3n4B,1087,48,0.9988620853441351,0.9988620853441351,0.0
ifeval,Gemma3n4B,1092,1,1.0,1.0,0.0
ifeval,Gemma3n4B,1092,2,1.0,1.0,0.0
ifeval,Gemma3n4B,1092,4,1.0,1.0,0.0
ifeval,Gemma3n4B,1092,8,1.0,1.0,0.0
ifeval,Gemma3n4B,1092,16,1.0,1.0,0.0
ifeval,Gemma3n4B,1092,32,1.0,1.0,0.0
ifeval,Gemma3n4B,1092,48,1.0,1.0,0.0
ifeval,Gemma3n4B,1094,1,1.0,1.0,0.0
ifeval,Gemma3n4B,1094,2,1.0,1.0,0.0
ifeval,Gemma3n4B,1094,4,1.0,1.0,0.0
ifeval,Gemma3n4B,1094,8,1.0,1.0,0.0
ifeval,Gemma3n4B,1094,16,1.0,1.0,0.0
ifeval,Gemma3n4B,1094,32,1.0,1.0,0.0
ifeval,Gemma3n4B,1094,48,1.0,1.0,0.0
ifeval,Gemma3n4B,1098,1,1.0,1.0,0.0
ifeval,Gemma3n4B,1098,2,1.0,1.0,0.0
ifeval,Gemma3n4B,1098,4,1.0,1.0,0.0
ifeval,Gemma3n4B,1098,8,1.0,1.0,0.0
ifeval,Gemma3n4B,1098,16,1.0,1.0,0.0
ifeval,Gemma3n4B,1098,32,1.0,1.0,0.0
ifeval,Gemma3n4B,1098,48,1.0,1.0,0.0
ifeval,Gemma3n4B,1107,1,1.0,1.0,0.0
ifeval,Gemma3n4B,1107,2,1.0,1.0,0.0
ifeval,Gemma3n4B,1107,4,1.0,1.0,0.0
ifeval,Gemma3n4B,1107,8,1.0,1.0,0.0
ifeval,Gemma3n4B,1107,16,1.0,1.0,0.0
ifeval,Gemma3n4B,1107,32,1.0,1.0,0.0
ifeval,Gemma3n4B,1107,48,1.0,1.0,0.0
ifeval,Gemma3n4B,1108,1,0.9166666666666666,0.9166666666666666,0.0
ifeval,Gemma3n4B,1108,2,0.96875,0.96875,0.0
ifeval,Gemma3n4B,1108,4,0.9764268663194445,0.9764268663194445,0.0
ifeval,Gemma3n4B,1108,8,0.9912481584646248,0.9912481584646248,0.0
ifeval,Gemma3n4B,1108,16,0.9993936282962348,0.9993936282962348,0.0
ifeval,Gemma3n4B,1108,32,0.9999985213589762,0.9999985213589762,0.0
ifeval,Gemma3n4B,1108,48,0.999999997240005,0.999999997240005,0.0
ifeval,Gemma3n4B,1122,1,0.4583333333333333,0.4583333333333333,0.0
ifeval,Gemma3n4B,1122,2,0.4392361111111112,0.4392361111111112,0.0
ifeval,Gemma3n4B,1122,4,0.43507969232253074,0.43507969232253074,0.0
ifeval,Gemma3n4B,1122,8,0.4589587686819884,0.4589587686819884,0.0
ifeval,Gemma3n4B,1122,16,0.49983740089936707,0.49983740089936707,0.0
ifeval,Gemma3n4B,1122,32,0.4517202758562184,0.4517202758562184,0.0
ifeval,Gemma3n4B,1122,48,0.3490245336965282,0.3490245336965282,0.0
ifeval,MistralSmall119B,1000,1,0.9166666666666666,0.9166666666666666,0.0
ifeval,MistralSmall119B,1000,2,0.9227430555555554,0.9227430555555554,0.0
ifeval,MistralSmall119B,1000,4,0.9194972662278162,0.9194972662278162,0.0
ifeval,MistralSmall119B,1000,8,0.8846716527995149,0.8846716527995149,0.0
ifeval,MistralSmall119B,1000,16,0.8499381435789588,0.8499381435789588,0.0
ifeval,MistralSmall119B,1000,32,0.8706171645502424,0.8706171645502424,0.0
ifeval,MistralSmall119B,1000,48,0.9154890402719935,0.9154890402719935,0.0
ifeval,MistralSmall119B,1001,1,0.9375,0.9375,0.0
ifeval,MistralSmall119B,1001,2,0.9466145833333334,0.9466145833333334,0.0
ifeval,MistralSmall119B,1001,4,0.9796792489510995,0.9796792489510995,0.0
ifeval,MistralSmall119B,1001,8,0.9982955068170771,0.9982955068170771,0.0
ifeval,MistralSmall119B,1001,16,0.9999913963057078,0.9999913963057078,0.0
ifeval,MistralSmall119B,1001,32,0.9999999998242299,0.9999999998242299,0.0
ifeval,MistralSmall119B,1001,48,0.9999999999999969,0.9999999999999969,0.0
ifeval,MistralSmall119B,1005,1,1.0,1.0,0.0
ifeval,MistralSmall119B,1005,2,1.0,1.0,0.0
ifeval,MistralSmall119B,1005,4,1.0,1.0,0.0
ifeval,MistralSmall119B,1005,8,1.0,1.0,0.0
ifeval,MistralSmall119B,1005,16,1.0,1.0,0.0
ifeval,MistralSmall119B,1005,32,1.0,1.0,0.0
ifeval,MistralSmall119B,1005,48,1.0,1.0,0.0
ifeval,MistralSmall119B,1012,1,0.20833333333333334,0.20833333333333334,0.0
ifeval,MistralSmall119B,1012,2,0.3003472222222222,0.3003472222222222,0.0
ifeval,MistralSmall119B,1012,4,0.39428409529320985,0.39428409529320985,0.0
ifeval,MistralSmall119B,1012,8,0.5220202404691701,0.5220202404691701,0.0
ifeval,MistralSmall119B,1012,16,0.6908130582183744,0.6908130582183744,0.0
ifeval,MistralSmall119B,1012,32,0.8417538325906408,0.8417538325906408,0.0
ifeval,MistralSmall119B,1012,48,0.9104302760679983,0.9104302760679983,0.0
ifeval,MistralSmall119B,1019,1,1.0,1.0,0.0
ifeval,MistralSmall119B,1019,2,1.0,1.0,0.0
ifeval,MistralSmall119B,1019,4,1.0,1.0,0.0
ifeval,MistralSmall119B,1019,8,1.0,1.0,0.0
ifeval,MistralSmall119B,1019,16,1.0,1.0,0.0
ifeval,MistralSmall119B,1019,32,1.0,1.0,0.0
ifeval,MistralSmall119B,1019,48,1.0,1.0,0.0
ifeval,MistralSmall119B,102,1,0.9583333333333334,0.9583333333333334,0.0
ifeval,MistralSmall119B,102,2,0.9774305555555556,0.9774305555555556,0.0
ifeval,MistralSmall119B,102,4,0.9902042341820988,0.9902042341820988,0.0
ifeval,MistralSmall119B,102,8,0.9988727769227476,0.9988727769227476,0.0
ifeval,MistralSmall119B,102,16,0.9999924642028184,0.9999924642028184,0.0
ifeval,MistralSmall119B,102,32,0.9999999998268139,0.9999999998268139,0.0
ifeval,MistralSmall119B,102,48,0.9999999999999969,0.9999999999999969,0.0
ifeval,MistralSmall119B,1021,1,0.9791666666666666,0.9791666666666666,0.0
ifeval,MistralSmall119B,1021,2,0.9709201388888888,0.9709201388888888,0.0
ifeval,MistralSmall119B,1021,4,0.9716648054711612,0.9716648054711612,0.0
ifeval,MistralSmall119B,1021,8,0.9865367290832661,0.9865367290832661,0.0
ifeval,MistralSmall119B,1021,16,0.9984748550447101,0.9984748550447101,0.0
ifeval,MistralSmall119B,1021,32,0.9999900758441818,0.9999900758441818,0.0
ifeval,MistralSmall119B,1021,48,0.9999999506805577,0.9999999506805577,0.0
ifeval,MistralSmall119B,1040,1,0.125,0.125,0.0
ifeval,MistralSmall119B,1040,2,0.10850694444444439,0.10850694444444439,0.0
ifeval,MistralSmall119B,1040,4,0.09673130365065588,0.09673130365065588,0.0
ifeval,MistralSmall119B,1040,8,0.05916792007260828,0.05916792007260828,0.0
ifeval,MistralSmall119B,1040,16,0.015010663918025819,0.015010663918025819,0.0
ifeval,MistralSmall119B,1040,32,0.0007597056927192997,0.0007597056927192997,0.0
ifeval,MistralSmall119B,1040,48,3.364329358661539e-05,3.364329358661539e-05,0.0
ifeval,MistralSmall119B,1051,1,1.0,1.0,0.0
ifeval,MistralSmall119B,1051,2,1.0,1.0,0.0
ifeval,MistralSmall119B,1051,4,1.0,1.0,0.0
ifeval,MistralSmall119B,1051,8,1.0,1.0,0.0
ifeval,MistralSmall119B,1051,16,1.0,1.0,0.0
ifeval,MistralSmall119B,1051,32,1.0,1.0,0.0
ifeval,MistralSmall119B,1051,48,1.0,1.0,0.0
ifeval,MistralSmall119B,1069,1,0.22916666666666666,0.22916666666666666,0.0
ifeval,MistralSmall119B,1069,2,0.2686631944444444,0.2686631944444444,0.0
ifeval,MistralSmall119B,1069,4,0.2752970000843945,0.2752970000843945,0.0
ifeval,MistralSmall119B,1069,8,0.2860399967417135,0.2860399967417135,0.0
ifeval,MistralSmall119B,1069,16,0.34441392473239596,0.34441392473239596,0.0
ifeval,MistralSmall119B,1069,32,0.4993276652054529,0.4993276652054529,0.0
ifeval,MistralSmall119B,1069,48,0.6372259182617235,0.6372259182617235,0.0
ifeval,MistralSmall119B,1072,1,0.9791666666666666,0.9791666666666666,0.0
ifeval,MistralSmall119B,1072,2,0.9709201388888888,0.9709201388888888,0.0
ifeval,MistralSmall119B,1072,4,0.9716648054711612,0.9716648054711612,0.0
ifeval,MistralSmall119B,1072,8,0.9865367290832661,0.9865367290832661,0.0
ifeval,MistralSmall119B,1072,16,0.9984748550447101,0.9984748550447101,0.0
ifeval,MistralSmall119B,1072,32,0.9999900758441818,0.9999900758441818,0.0
ifeval,MistralSmall119B,1072,48,0.9999999506805577,0.9999999506805577,0.0
ifeval,MistralSmall119B,1075,1,1.0,1.0,0.0
ifeval,MistralSmall119B,1075,2,1.0,1.0,0.0
ifeval,MistralSmall119B,1075,4,1.0,1.0,0.0
ifeval,MistralSmall119B,1075,8,1.0,1.0,0.0
ifeval,MistralSmall119B,1075,16,1.0,1.0,0.0
ifeval,MistralSmall119B,1075,32,1.0,1.0,0.0
ifeval,MistralSmall119B,1075,48,1.0,1.0,0.0
ifeval,MistralSmall119B,1082,1,0.9375,0.9375,0.0
ifeval,MistralSmall119B,1082,2,0.9743923611111112,0.9743923611111112,0.0
ifeval,MistralSmall119B,1082,4,0.9930399200062694,0.9930399200062694,0.0
ifeval,MistralSmall119B,1082,8,0.9995653143486811,0.9995653143486811,0.0
ifeval,MistralSmall119B,1082,16,0.9999990237529939,0.9999990237529939,0.0
ifeval,MistralSmall119B,1082,32,0.9999999999974356,0.9999999999974356,0.0
ifeval,MistralSmall119B,1082,48,1.0,1.0,0.0
ifeval,MistralSmall119B,1087,1,0.7708333333333334,0.7708333333333334,0.0
ifeval,MistralSmall119B,1087,2,0.7391493055555557,0.7391493055555557,0.0
ifeval,MistralSmall119B,1087,4,0.7542021951557678,0.7542021951557678,0.0
ifeval,MistralSmall119B,1087,8,0.7953676843511164,0.7953676843511164,0.0
ifeval,MistralSmall119B,1087,16,0.8670992578602464,0.8670992578602464,0.0
ifeval,MistralSmall119B,1087,32,0.958712558490267,0.958712558490267,0.0
ifeval,MistralSmall119B,1087,48,0.9885013017637483,0.9885013017637483,0.0
ifeval,MistralSmall119B,1092,1,1.0,1.0,0.0
ifeval,MistralSmall119B,1092,2,1.0,1.0,0.0
ifeval,MistralSmall119B,1092,4,1.0,1.0,0.0
ifeval,MistralSmall119B,1092,8,1.0,1.0,0.0
ifeval,MistralSmall119B,1092,16,1.0,1.0,0.0
ifeval,MistralSmall119B,1092,32,1.0,1.0,0.0
ifeval,MistralSmall119B,1092,48,1.0,1.0,0.0
ifeval,MistralSmall119B,1094,1,1.0,1.0,0.0
ifeval,MistralSmall119B,1094,2,1.0,1.0,0.0
ifeval,MistralSmall119B,1094,4,1.0,1.0,0.0
ifeval,MistralSmall119B,1094,8,1.0,1.0,0.0
ifeval,MistralSmall119B,1094,16,1.0,1.0,0.0
ifeval,MistralSmall119B,1094,32,1.0,1.0,0.0
ifeval,MistralSmall119B,1094,48,1.0,1.0,0.0
ifeval,MistralSmall119B,1098,1,1.0,1.0,0.0
ifeval,MistralSmall119B,1098,2,1.0,1.0,0.0
ifeval,MistralSmall119B,1098,4,1.0,1.0,0.0
ifeval,MistralSmall119B,1098,8,1.0,1.0,0.0
ifeval,MistralSmall119B,1098,16,1.0,1.0,0.0
ifeval,MistralSmall119B,1098,32,1.0,1.0,0.0
ifeval,MistralSmall119B,1098,48,1.0,1.0,0.0
ifeval,MistralSmall119B,1107,1,1.0,1.0,0.0
ifeval,MistralSmall119B,1107,2,1.0,1.0,0.0
ifeval,MistralSmall119B,1107,4,1.0,1.0,0.0
ifeval,MistralSmall119B,1107,8,1.0,1.0,0.0
ifeval,MistralSmall119B,1107,16,1.0,1.0,0.0
ifeval,MistralSmall119B,1107,32,1.0,1.0,0.0
ifeval,MistralSmall119B,1107,48,1.0,1.0,0.0
ifeval,MistralSmall119B,1108,1,0.9791666666666666,0.9791666666666666,0.0
ifeval,MistralSmall119B,1108,2,0.9943576388888888,0.9943576388888888,0.0
ifeval,MistralSmall119B,1108,4,0.9997918399763696,0.9997918399763696,0.0
ifeval,MistralSmall119B,1108,8,0.9999998550287681,0.9999998550287681,0.0
ifeval,MistralSmall119B,1108,16,0.9999999999999617,0.9999999999999617,0.0
ifeval,MistralSmall119B,1108,32,1.0,1.0,0.0
ifeval,MistralSmall119B,1108,48,1.0,1.0,0.0
ifeval,MistralSmall119B,1122,1,0.4166666666666667,0.4166666666666667,0.0
ifeval,MistralSmall119B,1122,2,0.35156249999999983,0.35156249999999983,0.0
ifeval,MistralSmall119B,1122,4,0.25563897026909704,0.25563897026909704,0.0
ifeval,MistralSmall119B,1122,8,0.13332989464855055,0.13332989464855055,0.0
ifeval,MistralSmall119B,1122,16,0.03365053568569472,0.03365053568569472,0.0
ifeval,MistralSmall119B,1122,32,0.0020380669571455723,0.0020380669571455723,0.0
ifeval,MistralSmall119B,1122,48,0.00012199058459330881,0.00012199058459330881,0.0
ifeval,Mixtral8x7B,1000,1,0.20833333333333334,0.20833333333333334,0.0
ifeval,Mixtral8x7B,1000,2,0.23524305555555605,0.23524305555555605,0.0
ifeval,Mixtral8x7B,1000,4,0.28578958393615017,0.28578958393615017,0.0
ifeval,Mixtral8x7B,1000,8,0.33296308114579976,0.33296308114579976,0.0
ifeval,Mixtral8x7B,1000,16,0.3248301799933247,0.3248301799933247,0.0
ifeval,Mixtral8x7B,1000,32,0.2108004107034055,0.2108004107034055,0.0
ifeval,Mixtral8x7B,1000,48,0.11778556306133704,0.11778556306133704,0.0
ifeval,Mixtral8x7B,1001,1,0.0,0.0,0.0
ifeval,Mixtral8x7B,1001,2,0.0,0.0,0.0
ifeval,Mixtral8x7B,1001,4,0.0,0.0,0.0
ifeval,Mixtral8x7B,1001,8,0.0,0.0,0.0
ifeval,Mixtral8x7B,1001,16,0.0,0.0,0.0
ifeval,Mixtral8x7B,1001,32,0.0,0.0,0.0
ifeval,Mixtral8x7B,1001,48,0.0,0.0,0.0
ifeval,Mixtral8x7B,1005,1,0.9791666666666666,0.9791666666666666,0.0
ifeval,Mixtral8x7B,1005,2,0.9900173611111112,0.9900173611111112,0.0
ifeval,Mixtral8x7B,1005,4,0.9988518232180749,0.9988518232180749,0.0
ifeval,Mixtral8x7B,1005,8,0.9999923481788138,0.9999923481788138,0.0
ifeval,Mixtral8x7B,1005,16,0.9999999998250353,0.9999999998250353,0.0
ifeval,Mixtral8x7B,1005,32,1.0,1.0,0.0
ifeval,Mixtral8x7B,1005,48,1.0,1.0,0.0
ifeval,Mixtral8x7B,1012,1,0.0,0.0,0.0
ifeval,Mixtral8x7B,1012,2,0.0,0.0,0.0
ifeval,Mixtral8x7B,1012,4,0.0,0.0,0.0
ifeval,Mixtral8x7B,1012,8,0.0,0.0,0.0
ifeval,Mixtral8x7B,1012,16,0.0,0.0,0.0
ifeval,Mixtral8x7B,1012,32,0.0,0.0,0.0
ifeval,Mixtral8x7B,1012,48,0.0,0.0,0.0
ifeval,Mixtral8x7B,1019,1,0.9583333333333334,0.9583333333333334,0.0
ifeval,Mixtral8x7B,1019,2,0.9965277777777778,0.9965277777777778,0.0
ifeval,Mixtral8x7B,1019,4,0.9999849295910495,0.9999849295910495,0.0
ifeval,Mixtral8x7B,1019,8,0.9999999997672048,0.9999999997672048,0.0
ifeval,Mixtral8x7B,1019,16,1.0,1.0,0.0
ifeval,Mixtral8x7B,1019,32,1.0,1.0,0.0
ifeval,Mixtral8x7B,1019,48,1.0,1.0,0.0
ifeval,Mixtral8x7B,102,1,0.7291666666666666,0.7291666666666666,0.0
ifeval,Mixtral8x7B,102,2,0.7052951388888887,0.7052951388888887,0.0
ifeval,Mixtral8x7B,102,4,0.6742020595220871,0.6742020595220871,0.0
ifeval,Mixtral8x7B,102,8,0.6625511597100225,0.6625511597100225,0.0
ifeval,Mixtral8x7B,102,16,0.7006568044316097,0.7006568044316097,0.0
ifeval,Mixtral8x7B,102,32,0.8015987750860715,0.8015987750860715,0.0
ifeval,Mixtral8x7B,102,48,0.8853223114082449,0.8853223114082449,0.0
ifeval,Mixtral8x7B,1021,1,0.0,0.0,0.0
ifeval,Mixtral8x7B,1021,2,0.0,0.0,0.0
ifeval,Mixtral8x7B,1021,4,0.0,0.0,0.0
ifeval,Mixtral8x7B,1021,8,0.0,0.0,0.0
ifeval,Mixtral8x7B,1021,16,0.0,0.0,0.0
ifeval,Mixtral8x7B,1021,32,0.0,0.0,0.0
ifeval,Mixtral8x7B,1021,48,0.0,0.0,0.0
ifeval,Mixtral8x7B,1040,1,0.22916666666666666,0.22916666666666666,0.0
ifeval,Mixtral8x7B,1040,2,0.2504340277777779,0.2504340277777779,0.0
ifeval,Mixtral8x7B,1040,4,0.2693076428071953,0.2693076428071953,0.0
ifeval,Mixtral8x7B,1040,8,0.26763082126897486,0.26763082126897486,0.0
ifeval,Mixtral8x7B,1040,16,0.21656702656626714,0.21656702656626714,0.0
ifeval,Mixtral8x7B,1040,32,0.13884984824963031,0.13884984824963031,0.0
ifeval,Mixtral8x7B,1040,48,0.08576036648711059,0.08576036648711059,0.0
ifeval,Mixtral8x7B,1051,1,0.8125,0.8125,0.0
ifeval,Mixtral8x7B,1051,2,0.8025173611111109,0.8025173611111109,0.0
ifeval,Mixtral8x7B,1051,4,0.7782843318986306,0.7782843318986306,0.0
ifeval,Mixtral8x7B,1051,8,0.7225760507717519,0.7225760507717519,0.0
ifeval,Mixtral8x7B,1051,16,0.6380394144255129,0.6380394144255129,0.0
ifeval,Mixtral8x7B,1051,32,0.6169144514841528,0.6169144514841528,0.0
ifeval,Mixtral8x7B,1051,48,0.6811317113993354,0.6811317113993354,0.0
ifeval,Mixtral8x7B,1069,1,0.0,0.0,0.0
ifeval,Mixtral8x7B,1069,2,0.0,0.0,0.0
ifeval,Mixtral8x7B,1069,4,0.0,0.0,0.0
ifeval,Mixtral8x7B,1069,8,0.0,0.0,0.0
ifeval,Mixtral8x7B,1069,16,0.0,0.0,0.0
ifeval,Mixtral8x7B,1069,32,0.0,0.0,0.0
ifeval,Mixtral8x7B,1069,48,0.0,0.0,0.0
ifeval,Mixtral8x7B,1072,1,1.0,1.0,0.0
ifeval,Mixtral8x7B,1072,2,1.0,1.0,0.0
ifeval,Mixtral8x7B,1072,4,1.0,1.0,0.0
ifeval,Mixtral8x7B,1072,8,1.0,1.0,0.0
ifeval,Mixtral8x7B,1072,16,1.0,1.0,0.0
ifeval,Mixtral8x7B,1072,32,1.0,1.0,0.0
ifeval,Mixtral8x7B,1072,48,1.0,1.0,0.0
ifeval,Mixtral8x7B,1075,1,0.0,0.0,0.0
ifeval,Mixtral8x7B,1075,2,0.0,0.0,0.0
ifeval,Mixtral8x7B,1075,4,0.0,0.0,0.0
ifeval,Mixtral8x7B,1075,8,0.0,0.0,0.0
ifeval,Mixtral8x7B,1075,16,0.0,0.0,0.0
ifeval,Mixtral8x7B,1075,32,0.0,0.0,0.0
ifeval,Mixtral8x7B,1075,48,0.0,0.0,0.0
ifeval,Mixtral8x7B,1082,1,0.3958333333333333,0.3958333333333333,0.0
ifeval,Mixtral8x7B,1082,2,0.3823784722222221,0.3823784722222221,0.0
ifeval,Mixtral8x7B,1082,4,0.31699945897231874,0.31699945897231874,0.0
ifeval,Mixtral8x7B,1082,8,0.2348325008108337,0.2348325008108337,0.0
ifeval,Mixtral8x7B,1082,16,0.12539427909223627,0.12539427909223627,0.0
ifeval,Mixtral8x7B,1082,32,0.0268242218160809,0.0268242218160809,0.0
ifeval,Mixtral8x7B,1082,48,0.004936771136243703,0.004936771136243703,0.0
ifeval,Mixtral8x7B,1087,1,0.8541666666666666,0.8541666666666666,0.0
ifeval,Mixtral8x7B,1087,2,0.8676215277777777,0.8676215277777777,0.0
ifeval,Mixtral8x7B,1087,4,0.8988231140890238,0.8988231140890238,0.0
ifeval,Mixtral8x7B,1087,8,0.9379989192936418,0.9379989192936418,0.0
ifeval,Mixtral8x7B,1087,16,0.9822092263957555,0.9822092263957555,0.0
ifeval,Mixtral8x7B,1087,32,0.9991245448527409,0.9991245448527409,0.0
ifeval,Mixtral8x7B,1087,48,0.9999638091396009,0.9999638091396009,0.0
ifeval,Mixtral8x7B,1092,1,0.375,0.375,0.0
ifeval,Mixtral8x7B,1092,2,0.34461805555555536,0.34461805555555536,0.0
ifeval,Mixtral8x7B,1092,4,0.3810677234037423,0.3810677234037423,0.0
ifeval,Mixtral8x7B,1092,8,0.4794966162008078,0.4794966162008078,0.0
ifeval,Mixtral8x7B,1092,16,0.6421852535032789,0.6421852535032789,0.0
ifeval,Mixtral8x7B,1092,32,0.8163669472863282,0.8163669472863282,0.0
ifeval,Mixtral8x7B,1092,48,0.9012659727714092,0.9012659727714092,0.0
ifeval,Mixtral8x7B,1094,1,0.9583333333333334,0.9583333333333334,0.0
ifeval,Mixtral8x7B,1094,2,0.9557291666666667,0.9557291666666667,0.0
ifeval,Mixtral8x7B,1094,4,0.9708511917679399,0.9708511917679399,0.0
ifeval,Mixtral8x7B,1094,8,0.9909423866256422,0.9909423866256422,0.0
ifeval,Mixtral8x7B,1094,16,0.9993931662239569,0.9993931662239569,0.0
ifeval,Mixtral8x7B,1094,32,0.9999985213584269,0.9999985213584269,0.0
ifeval,Mixtral8x7B,1094,48,0.999999997240005,0.999999997240005,0.0
ifeval,Mixtral8x7B,1098,1,0.8125,0.8125,0.0
ifeval,Mixtral8x7B,1098,2,0.8433159722222221,0.8433159722222221,0.0
ifeval,Mixtral8x7B,1098,4,0.8686792821059989,0.8686792821059989,0.0
ifeval,Mixtral8x7B,1098,8,0.9132280017674349,0.9132280017674349,0.0
ifeval,Mixtral8x7B,1098,16,0.959721371288189,0.959721371288189,0.0
ifeval,Mixtral8x7B,1098,32,0.9924934429048096,0.9924934429048096,0.0
ifeval,Mixtral8x7B,1098,48,0.9988717641365797,0.9988717641365797,0.0
ifeval,Mixtral8x7B,1107,1,0.3958333333333333,0.3958333333333333,0.0
ifeval,Mixtral8x7B,1107,2,0.3181423611111108,0.3181423611111108,0.0
ifeval,Mixtral8x7B,1107,4,0.2408155276451579,0.2408155276451579,0.0
ifeval,Mixtral8x7B,1107,8,0.16734946978583892,0.16734946978583892,0.0
ifeval,Mixtral8x7B,1107,16,0.09762194971250554,0.09762194971250554,0.0
ifeval,Mixtral8x7B,1107,32,0.0332302044650262,0.0332302044650262,0.0
ifeval,Mixtral8x7B,1107,48,0.010302414239942036,0.010302414239942036,0.0
ifeval,Mixtral8x7B,1108,1,0.25,0.25,0.0
ifeval,Mixtral8x7B,1108,2,0.28038194444444453,0.28038194444444453,0.0
ifeval,Mixtral8x7B,1108,4,0.312723418812693,0.312723418812693,0.0
ifeval,Mixtral8x7B,1108,8,0.32668465279950354,0.32668465279950354,0.0
ifeval,Mixtral8x7B,1108,16,0.3638989263974169,0.3638989263974169,0.0
ifeval,Mixtral8x7B,1108,32,0.5019401153060946,0.5019401153060946,0.0
ifeval,Mixtral8x7B,1108,48,0.6375073150519124,0.6375073150519124,0.0
ifeval,Mixtral8x7B,1122,1,0.16666666666666666,0.16666666666666666,0.0
ifeval,Mixtral8x7B,1122,2,0.18055555555555558,0.18055555555555558,0.0
ifeval,Mixtral8x7B,1122,4,0.20811556592399677,0.20811556592399677,0.0
ifeval,Mixtral8x7B,1122,8,0.22590831917908027,0.22590831917908027,0.0
ifeval,Mixtral8x7B,1122,16,0.1938293105095262,0.1938293105095262,0.0
ifeval,Mixtral8x7B,1122,32,0.0975254272482986,0.0975254272482986,0.0
ifeval,Mixtral8x7B,1122,48,0.04006378424437543,0.04006378424437543,0.0
ifeval,Ministral14B,1000,1,0.9791666666666666,0.9791666666666666,0.0
ifeval,Ministral14B,1000,2,0.9986979166666667,0.9986979166666667,0.0
ifeval,Ministral14B,1000,4,0.9999971742983218,0.9999971742983218,0.0
ifeval,Ministral14B,1000,8,0.9999999999909508,0.9999999999909508,0.0
ifeval,Ministral14B,1000,16,1.0,1.0,0.0
ifeval,Ministral14B,1000,32,1.0,1.0,0.0
ifeval,Ministral14B,1000,48,1.0,1.0,0.0
ifeval,Ministral14B,1001,1,0.9791666666666666,0.9791666666666666,0.0
ifeval,Ministral14B,1001,2,0.9709201388888888,0.9709201388888888,0.0
ifeval,Ministral14B,1001,4,0.9716648054711612,0.9716648054711612,0.0
ifeval,Ministral14B,1001,8,0.9865367290832661,0.9865367290832661,0.0
ifeval,Ministral14B,1001,16,0.9984748550447101,0.9984748550447101,0.0
ifeval,Ministral14B,1001,32,0.9999900758441818,0.9999900758441818,0.0
ifeval,Ministral14B,1001,48,0.9999999506805577,0.9999999506805577,0.0
ifeval,Ministral14B,1005,1,1.0,1.0,0.0
ifeval,Ministral14B,1005,2,1.0,1.0,0.0
ifeval,Ministral14B,1005,4,1.0,1.0,0.0
ifeval,Ministral14B,1005,8,1.0,1.0,0.0
ifeval,Ministral14B,1005,16,1.0,1.0,0.0
ifeval,Ministral14B,1005,32,1.0,1.0,0.0
ifeval,Ministral14B,1005,48,1.0,1.0,0.0
ifeval,Ministral14B,1012,1,0.9375,0.9375,0.0
ifeval,Ministral14B,1012,2,0.9787326388888888,0.9787326388888888,0.0
ifeval,Ministral14B,1012,4,0.9964009979624806,0.9964009979624806,0.0
ifeval,Ministral14B,1012,8,0.9999047216414287,0.9999047216414287,0.0
ifeval,Ministral14B,1012,16,0.999999961949944,0.999999961949944,0.0
ifeval,Ministral14B,1012,32,0.9999999999999968,0.9999999999999968,0.0
ifeval,Ministral14B,1012,48,1.0,1.0,0.0
ifeval,Ministral14B,1019,1,1.0,1.0,0.0
ifeval,Ministral14B,1019,2,1.0,1.0,0.0
ifeval,Ministral14B,1019,4,1.0,1.0,0.0
ifeval,Ministral14B,1019,8,1.0,1.0,0.0
ifeval,Ministral14B,1019,16,1.0,1.0,0.0
ifeval,Ministral14B,1019,32,1.0,1.0,0.0
ifeval,Ministral14B,1019,48,1.0,1.0,0.0
ifeval,Ministral14B,102,1,0.5208333333333334,0.5208333333333334,0.0
ifeval,Ministral14B,102,2,0.5108506944444448,0.5108506944444448,0.0
ifeval,Ministral14B,102,4,0.506793175214603,0.506793175214603,0.0
ifeval,Ministral14B,102,8,0.4495977305909308,0.4495977305909308,0.0
ifeval,Ministral14B,102,16,0.3118833813415366,0.3118833813415366,0.0
ifeval,Ministral14B,102,32,0.1227661645280199,0.1227661645280199,0.0
ifeval,Ministral14B,102,48,0.04477405069605386,0.04477405069605386,0.0
ifeval,Ministral14B,1021,1,0.75,0.75,0.0
ifeval,Ministral14B,1021,2,0.7256944444444443,0.7256944444444443,0.0
ifeval,Ministral14B,1021,4,0.7406962830343363,0.7406962830343363,0.0
ifeval,Ministral14B,1021,8,0.7622496336768084,0.7622496336768084,0.0
ifeval,Ministral14B,1021,16,0.8018207492580024,0.8018207492580024,0.0
ifeval,Ministral14B,1021,32,0.8654114162707213,0.8654114162707213,0.0
ifeval,Ministral14B,1021,48,0.9150175701349457,0.9150175701349457,0.0
ifeval,Ministral14B,1040,1,0.0,0.0,0.0
ifeval,Ministral14B,1040,2,0.0,0.0,0.0
ifeval,Ministral14B,1040,4,0.0,0.0,0.0
ifeval,Ministral14B,1040,8,0.0,0.0,0.0
ifeval,Ministral14B,1040,16,0.0,0.0,0.0
ifeval,Ministral14B,1040,32,0.0,0.0,0.0
ifeval,Ministral14B,1040,48,0.0,0.0,0.0
ifeval,Ministral14B,1051,1,0.9166666666666666,0.9166666666666666,0.0
ifeval,Ministral14B,1051,2,0.8984375,0.8984375,0.0
ifeval,Ministral14B,1051,4,0.8637480559172453,0.8637480559172453,0.0
ifeval,Ministral14B,1051,8,0.8645721700889492,0.8645721700889492,0.0
ifeval,Ministral14B,1051,16,0.9182936543622634,0.9182936543622634,0.0
ifeval,Ministral14B,1051,32,0.9808097345163569,0.9808097345163569,0.0
ifeval,Ministral14B,1051,48,0.996194147462879,0.996194147462879,0.0
ifeval,Ministral14B,1069,1,0.0,0.0,0.0
ifeval,Ministral14B,1069,2,0.0,0.0,0.0
ifeval,Ministral14B,1069,4,0.0,0.0,0.0
ifeval,Ministral14B,1069,8,0.0,0.0,0.0
ifeval,Ministral14B,1069,16,0.0,0.0,0.0
ifeval,Ministral14B,1069,32,0.0,0.0,0.0
ifeval,Ministral14B,1069,48,0.0,0.0,0.0
ifeval,Ministral14B,1072,1,1.0,1.0,0.0
ifeval,Ministral14B,1072,2,1.0,1.0,0.0
ifeval,Ministral14B,1072,4,1.0,1.0,0.0
ifeval,Ministral14B,1072,8,1.0,1.0,0.0
ifeval,Ministral14B,1072,16,1.0,1.0,0.0
ifeval,Ministral14B,1072,32,1.0,1.0,0.0
ifeval,Ministral14B,1072,48,1.0,1.0,0.0
ifeval,Ministral14B,1075,1,0.5416666666666666,0.5416666666666666,0.0
ifeval,Ministral14B,1075,2,0.5703124999999997,0.5703124999999997,0.0
ifeval,Ministral14B,1075,4,0.5835740831163189,0.5835740831163189,0.0
ifeval,Ministral14B,1075,8,0.5748224620367502,0.5748224620367502,0.0
ifeval,Ministral14B,1075,16,0.5402833302031869,0.5402833302031869,0.0
ifeval,Ministral14B,1075,32,0.435497243741154,0.435497243741154,0.0
ifeval,Ministral14B,1075,48,0.33297650834162773,0.33297650834162773,0.0
ifeval,Ministral14B,1082,1,0.0,0.0,0.0
ifeval,Ministral14B,1082,2,0.0,0.0,0.0
ifeval,Ministral14B,1082,4,0.0,0.0,0.0
ifeval,Ministral14B,1082,8,0.0,0.0,0.0
ifeval,Ministral14B,1082,16,0.0,0.0,0.0
ifeval,Ministral14B,1082,32,0.0,0.0,0.0
ifeval,Ministral14B,1082,48,0.0,0.0,0.0
ifeval,Ministral14B,1087,1,0.4375,0.4375,0.0
ifeval,Ministral14B,1087,2,0.42838541666666663,0.42838541666666663,0.0
ifeval,Ministral14B,1087,4,0.38247624150028936,0.38247624150028936,0.0
ifeval,Ministral14B,1087,8,0.2570124883669933,0.2570124883669933,0.0
ifeval,Ministral14B,1087,16,0.09551169099215495,0.09551169099215495,0.0
ifeval,Ministral14B,1087,32,0.012254299469606992,0.012254299469606992,0.0
ifeval,Ministral14B,1087,48,0.001533790348509805,0.001533790348509805,0.0
ifeval,Ministral14B,1092,1,1.0,1.0,0.0
ifeval,Ministral14B,1092,2,1.0,1.0,0.0
ifeval,Ministral14B,1092,4,1.0,1.0,0.0
ifeval,Ministral14B,1092,8,1.0,1.0,0.0
ifeval,Ministral14B,1092,16,1.0,1.0,0.0
ifeval,Ministral14B,1092,32,1.0,1.0,0.0
ifeval,Ministral14B,1092,48,1.0,1.0,0.0
ifeval,Ministral14B,1094,1,0.8541666666666666,0.8541666666666666,0.0
ifeval,Ministral14B,1094,2,0.8572048611111109,0.8572048611111109,0.0
ifeval,Ministral14B,1094,4,0.8413777292510607,0.8413777292510607,0.0
ifeval,Ministral14B,1094,8,0.8340214195331143,0.8340214195331143,0.0
ifeval,Ministral14B,1094,16,0.8689262728031644,0.8689262728031644,0.0
ifeval,Ministral14B,1094,32,0.9332143354102165,0.9332143354102165,0.0
ifeval,Ministral14B,1094,48,0.9700911913724884,0.9700911913724884,0.0
ifeval,Ministral14B,1098,1,1.0,1.0,0.0
ifeval,Ministral14B,1098,2,1.0,1.0,0.0
ifeval,Ministral14B,1098,4,1.0,1.0,0.0
ifeval,Ministral14B,1098,8,1.0,1.0,0.0
ifeval,Ministral14B,1098,16,1.0,1.0,0.0
ifeval,Ministral14B,1098,32,1.0,1.0,0.0
ifeval,Ministral14B,1098,48,1.0,1.0,0.0
ifeval,Ministral14B,1107,1,0.9791666666666666,0.9791666666666666,0.0
ifeval,Ministral14B,1107,2,0.9934895833333333,0.9934895833333333,0.0
ifeval,Ministral14B,1107,4,0.9996806957103588,0.9996806957103588,0.0
ifeval,Ministral14B,1107,8,0.9999996092016961,0.9999996092016961,0.0
ifeval,Ministral14B,1107,16,0.9999999999996874,0.9999999999996874,0.0
ifeval,Ministral14B,1107,32,1.0,1.0,0.0
ifeval,Ministral14B,1107,48,1.0,1.0,0.0
ifeval,Ministral14B,1108,1,1.0,1.0,0.0
ifeval,Ministral14B,1108,2,1.0,1.0,0.0
ifeval,Ministral14B,1108,4,1.0,1.0,0.0
ifeval,Ministral14B,1108,8,1.0,1.0,0.0
ifeval,Ministral14B,1108,16,1.0,1.0,0.0
ifeval,Ministral14B,1108,32,1.0,1.0,0.0
ifeval,Ministral14B,1108,48,1.0,1.0,0.0
ifeval,Ministral14B,1122,1,0.6041666666666666,0.6041666666666666,0.0
ifeval,Ministral14B,1122,2,0.5941840277777777,0.5941840277777777,0.0
ifeval,Ministral14B,1122,4,0.545220457477334,0.545220457477334,0.0
ifeval,Ministral14B,1122,8,0.460471716181849,0.460471716181849,0.0
ifeval,Ministral14B,1122,16,0.3483637577263903,0.3483637577263903,0.0
ifeval,Ministral14B,1122,32,0.206518165125528,0.206518165125528,0.0
ifeval,Ministral14B,1122,48,0.11583677738646311,0.11583677738646311,0.0
ifeval,Super120B,1000,1,0.020833333333333332,0.020833333333333332,0.0
ifeval,Super120B,1000,2,0.011718750000000028,0.011718750000000028,0.0
ifeval,Super120B,1000,4,0.0018564860026041696,0.0018564860026041696,0.0
ifeval,Super120B,1000,8,2.3423534062970852e-05,2.3423534062970852e-05,0.0
ifeval,Super120B,1000,16,1.90478574098668e-09,1.90478574098668e-09,0.0
ifeval,Super120B,1000,32,6.820554792463934e-18,6.820554792463934e-18,0.0
ifeval,Super120B,1000,48,2.004474811180141e-26,2.004474811180141e-26,0.0
ifeval,Super120B,1001,1,0.5416666666666666,0.5416666666666666,0.0
ifeval,Super120B,1001,2,0.6909722222222223,0.6909722222222223,0.0
ifeval,Super120B,1001,4,0.8064454632040898,0.8064454632040898,0.0
ifeval,Super120B,1001,8,0.8936455550150331,0.8936455550150331,0.0
ifeval,Super120B,1001,16,0.963577848653757,0.963577848653757,0.0
ifeval,Super120B,1001,32,0.9961426325436027,0.9961426325436027,0.0
ifeval,Super120B,1001,48,0.9996307828359843,0.9996307828359843,0.0
ifeval,Super120B,1005,1,1.0,1.0,0.0
ifeval,Super120B,1005,2,1.0,1.0,0.0
ifeval,Super120B,1005,4,1.0,1.0,0.0
ifeval,Super120B,1005,8,1.0,1.0,0.0
ifeval,Super120B,1005,16,1.0,1.0,0.0
ifeval,Super120B,1005,32,1.0,1.0,0.0
ifeval,Super120B,1005,48,1.0,1.0,0.0
ifeval,Super120B,1012,1,1.0,1.0,0.0
ifeval,Super120B,1012,2,1.0,1.0,0.0
ifeval,Super120B,1012,4,1.0,1.0,0.0
ifeval,Super120B,1012,8,1.0,1.0,0.0
ifeval,Super120B,1012,16,1.0,1.0,0.0
ifeval,Super120B,1012,32,1.0,1.0,0.0
ifeval,Super120B,1012,48,1.0,1.0,0.0
ifeval,Super120B,1019,1,1.0,1.0,0.0
ifeval,Super120B,1019,2,1.0,1.0,0.0
ifeval,Super120B,1019,4,1.0,1.0,0.0
ifeval,Super120B,1019,8,1.0,1.0,0.0
ifeval,Super120B,1019,16,1.0,1.0,0.0
ifeval,Super120B,1019,32,1.0,1.0,0.0
ifeval,Super120B,1019,48,1.0,1.0,0.0
ifeval,Super120B,102,1,0.9375,0.9375,0.0
ifeval,Super120B,102,2,0.9622395833333333,0.9622395833333333,0.0
ifeval,Super120B,102,4,0.9732524730541088,0.9732524730541088,0.0
ifeval,Super120B,102,8,0.9891050678132136,0.9891050678132136,0.0
ifeval,Super120B,102,16,0.9990314989479144,0.9990314989479144,0.0
ifeval,Super120B,102,32,0.9999961130387005,0.9999961130387005,0.0
ifeval,Super120B,102,48,0.9999999880730022,0.9999999880730022,0.0
ifeval,Super120B,1021,1,0.4583333333333333,0.4583333333333333,0.0
ifeval,Super120B,1021,2,0.4461805555555555,0.4461805555555555,0.0
ifeval,Super120B,1021,4,0.406473042052469,0.406473042052469,0.0
ifeval,Super120B,1021,8,0.34326296463674577,0.34326296463674577,0.0
ifeval,Super120B,1021,16,0.2957824463714329,0.2957824463714329,0.0
ifeval,Super120B,1021,32,0.2713397972989189,0.2713397972989189,0.0
ifeval,Super120B,1021,48,0.23792494908746314,0.23792494908746314,0.0
ifeval,Super120B,1040,1,0.020833333333333332,0.020833333333333332,0.0
ifeval,Super120B,1040,2,0.023003472222222265,0.023003472222222265,0.0
ifeval,Super120B,1040,4,0.014027725031346472,0.014027725031346472,0.0
ifeval,Super120B,1040,8,0.002611935818953975,0.002611935818953975,0.0
ifeval,Super120B,1040,16,4.55345449941053e-05,4.55345449941053e-05,0.0
ifeval,Super120B,1040,32,7.074716209666194e-09,7.074716209666194e-09,0.0
ifeval,Super120B,1040,48,8.480033912060373e-13,8.480033912060373e-13,0.0
ifeval,Super120B,1051,1,0.9166666666666666,0.9166666666666666,0.0
ifeval,Super120B,1051,2,0.9253472222222222,0.9253472222222222,0.0
ifeval,Super120B,1051,4,0.9107748902874226,0.9107748902874226,0.0
ifeval,Super120B,1051,8,0.8443851411250921,0.8443851411250921,0.0
ifeval,Super120B,1051,16,0.7140106967661018,0.7140106967661018,0.0
ifeval,Super120B,1051,32,0.509814117927641,0.509814117927641,0.0
ifeval,Super120B,1051,48,0.36401374848483437,0.36401374848483437,0.0
ifeval,Super120B,1069,1,0.0,0.0,0.0
ifeval,Super120B,1069,2,0.0,0.0,0.0
ifeval,Super120B,1069,4,0.0,0.0,0.0
ifeval,Super120B,1069,8,0.0,0.0,0.0
ifeval,Super120B,1069,16,0.0,0.0,0.0
ifeval,Super120B,1069,32,0.0,0.0,0.0
ifeval,Super120B,1069,48,0.0,0.0,0.0
ifeval,Super120B,1072,1,1.0,1.0,0.0
ifeval,Super120B,1072,2,1.0,1.0,0.0
ifeval,Super120B,1072,4,1.0,1.0,0.0
ifeval,Super120B,1072,8,1.0,1.0,0.0
ifeval,Super120B,1072,16,1.0,1.0,0.0
ifeval,Super120B,1072,32,1.0,1.0,0.0
ifeval,Super120B,1072,48,1.0,1.0,0.0
ifeval,Super120B,1075,1,1.0,1.0,0.0
ifeval,Super120B,1075,2,1.0,1.0,0.0
ifeval,Super120B,1075,4,1.0,1.0,0.0
ifeval,Super120B,1075,8,1.0,1.0,0.0
ifeval,Super120B,1075,16,1.0,1.0,0.0
ifeval,Super120B,1075,32,1.0,1.0,0.0
ifeval,Super120B,1075,48,1.0,1.0,0.0
ifeval,Super120B,1082,1,1.0,1.0,0.0
ifeval,Super120B,1082,2,1.0,1.0,0.0
ifeval,Super120B,1082,4,1.0,1.0,0.0
ifeval,Super120B,1082,8,1.0,1.0,0.0
ifeval,Super120B,1082,16,1.0,1.0,0.0
ifeval,Super120B,1082,32,1.0,1.0,0.0
ifeval,Super120B,1082,48,1.0,1.0,0.0
ifeval,Super120B,1087,1,0.08333333333333333,0.08333333333333333,0.0
ifeval,Super120B,1087,2,0.046875000000000014,0.046875000000000014,0.0
ifeval,Super120B,1087,4,0.024149576822916713,0.024149576822916713,0.0
ifeval,Super120B,1087,8,0.007023046916128446,0.007023046916128446,0.0
ifeval,Super120B,1087,16,0.0003739715813586057,0.0003739715813586057,0.0
ifeval,Super120B,1087,32,5.453054110813017e-07,5.453054110813017e-07,0.0
ifeval,Super120B,1087,48,6.094351113296044e-10,6.094351113296044e-10,0.0
ifeval,Super120B,1092,1,0.75,0.75,0.0
ifeval,Super120B,1092,2,0.7196180555555558,0.7196180555555558,0.0
ifeval,Super120B,1092,4,0.7733610176745758,0.7733610176745758,0.0
ifeval,Super120B,1092,8,0.8800660079762295,0.8800660079762295,0.0
ifeval,Super120B,1092,16,0.964336901283369,0.964336901283369,0.0
ifeval,Super120B,1092,32,0.9963082880698528,0.9963082880698528,0.0
ifeval,Super120B,1092,48,0.9996376207564184,0.9996376207564184,0.0
ifeval,Super120B,1094,1,1.0,1.0,0.0
ifeval,Super120B,1094,2,1.0,1.0,0.0
ifeval,Super120B,1094,4,1.0,1.0,0.0
ifeval,Super120B,1094,8,1.0,1.0,0.0
ifeval,Super120B,1094,16,1.0,1.0,0.0
ifeval,Super120B,1094,32,1.0,1.0,0.0
ifeval,Super120B,1094,48,1.0,1.0,0.0
ifeval,Super120B,1098,1,1.0,1.0,0.0
ifeval,Super120B,1098,2,1.0,1.0,0.0
ifeval,Super120B,1098,4,1.0,1.0,0.0
ifeval,Super120B,1098,8,1.0,1.0,0.0
ifeval,Super120B,1098,16,1.0,1.0,0.0
ifeval,Super120B,1098,32,1.0,1.0,0.0
ifeval,Super120B,1098,48,1.0,1.0,0.0
ifeval,Super120B,1107,1,1.0,1.0,0.0
ifeval,Super120B,1107,2,1.0,1.0,0.0
ifeval,Super120B,1107,4,1.0,1.0,0.0
ifeval,Super120B,1107,8,1.0,1.0,0.0
ifeval,Super120B,1107,16,1.0,1.0,0.0
ifeval,Super120B,1107,32,1.0,1.0,0.0
ifeval,Super120B,1107,48,1.0,1.0,0.0
ifeval,Super120B,1108,1,1.0,1.0,0.0
ifeval,Super120B,1108,2,1.0,1.0,0.0
ifeval,Super120B,1108,4,1.0,1.0,0.0
ifeval,Super120B,1108,8,1.0,1.0,0.0
ifeval,Super120B,1108,16,1.0,1.0,0.0
ifeval,Super120B,1108,32,1.0,1.0,0.0
ifeval,Super120B,1108,48,1.0,1.0,0.0
ifeval,Super120B,1122,1,0.6666666666666666,0.6666666666666666,0.0
ifeval,Super120B,1122,2,0.6848958333333331,0.6848958333333331,0.0
ifeval,Super120B,1122,4,0.5998953360098378,0.5998953360098378,0.0
ifeval,Super120B,1122,8,0.5069549404534798,0.5069549404534798,0.0
ifeval,Super120B,1122,16,0.4517565885371567,0.4517565885371567,0.0
ifeval,Super120B,1122,32,0.3952563616988436,0.3952563616988436,0.0
ifeval,Super120B,1122,48,0.3204011389841201,0.3204011389841201,0.0
ifeval,Dracarys70B,1000,1,0.7083333333333334,0.7083333333333334,0.0
ifeval,Dracarys70B,1000,2,0.7578124999999998,0.7578124999999998,0.0
ifeval,Dracarys70B,1000,4,0.8076477050781249,0.8076477050781249,0.0
ifeval,Dracarys70B,1000,8,0.8376818678829823,0.8376818678829823,0.0
ifeval,Dracarys70B,1000,16,0.8409799243459019,0.8409799243459019,0.0
ifeval,Dracarys70B,1000,32,0.8702910983405043,0.8702910983405043,0.0
ifeval,Dracarys70B,1000,48,0.915479299490862,0.915479299490862,0.0
ifeval,Dracarys70B,1001,1,1.0,1.0,0.0
ifeval,Dracarys70B,1001,2,1.0,1.0,0.0
ifeval,Dracarys70B,1001,4,1.0,1.0,0.0
ifeval,Dracarys70B,1001,8,1.0,1.0,0.0
ifeval,Dracarys70B,1001,16,1.0,1.0,0.0
ifeval,Dracarys70B,1001,32,1.0,1.0,0.0
ifeval,Dracarys70B,1001,48,1.0,1.0,0.0
ifeval,Dracarys70B,1005,1,1.0,1.0,0.0
ifeval,Dracarys70B,1005,2,1.0,1.0,0.0
ifeval,Dracarys70B,1005,4,1.0,1.0,0.0
ifeval,Dracarys70B,1005,8,1.0,1.0,0.0
ifeval,Dracarys70B,1005,16,1.0,1.0,0.0
ifeval,Dracarys70B,1005,32,1.0,1.0,0.0
ifeval,Dracarys70B,1005,48,1.0,1.0,0.0
ifeval,Dracarys70B,1012,1,1.0,1.0,0.0
ifeval,Dracarys70B,1012,2,1.0,1.0,0.0
ifeval,Dracarys70B,1012,4,1.0,1.0,0.0
ifeval,Dracarys70B,1012,8,1.0,1.0,0.0
ifeval,Dracarys70B,1012,16,1.0,1.0,0.0
ifeval,Dracarys70B,1012,32,1.0,1.0,0.0
ifeval,Dracarys70B,1012,48,1.0,1.0,0.0
ifeval,Dracarys70B,1019,1,1.0,1.0,0.0
ifeval,Dracarys70B,1019,2,1.0,1.0,0.0
ifeval,Dracarys70B,1019,4,1.0,1.0,0.0
ifeval,Dracarys70B,1019,8,1.0,1.0,0.0
ifeval,Dracarys70B,1019,16,1.0,1.0,0.0
ifeval,Dracarys70B,1019,32,1.0,1.0,0.0
ifeval,Dracarys70B,1019,48,1.0,1.0,0.0
ifeval,Dracarys70B,102,1,0.6666666666666666,0.6666666666666666,0.0
ifeval,Dracarys70B,102,2,0.7039930555555555,0.7039930555555555,0.0
ifeval,Dracarys70B,102,4,0.6973519030912421,0.6973519030912421,0.0
ifeval,Dracarys70B,102,8,0.730653986802449,0.730653986802449,0.0
ifeval,Dracarys70B,102,16,0.8161961814775023,0.8161961814775023,0.0
ifeval,Dracarys70B,102,32,0.9184093108340966,0.9184093108340966,0.0
ifeval,Dracarys70B,102,48,0.9667224170334944,0.9667224170334944,0.0
ifeval,Dracarys70B,1021,1,1.0,1.0,0.0
ifeval,Dracarys70B,1021,2,1.0,1.0,0.0
ifeval,Dracarys70B,1021,4,1.0,1.0,0.0
ifeval,Dracarys70B,1021,8,1.0,1.0,0.0
ifeval,Dracarys70B,1021,16,1.0,1.0,0.0
ifeval,Dracarys70B,1021,32,1.0,1.0,0.0
ifeval,Dracarys70B,1021,48,1.0,1.0,0.0
ifeval,Dracarys70B,1040,1,0.0625,0.0625,0.0
ifeval,Dracarys70B,1040,2,0.0967881944444442,0.0967881944444442,0.0
ifeval,Dracarys70B,1040,4,0.11766127598138476,0.11766127598138476,0.0
ifeval,Dracarys70B,1040,8,0.09186807547596836,0.09186807547596836,0.0
ifeval,Dracarys70B,1040,16,0.03409022976508959,0.03409022976508959,0.0
ifeval,Dracarys70B,1040,32,0.003687189808666887,0.003687189808666887,0.0
ifeval,Dracarys70B,1040,48,0.00036236667684202186,0.00036236667684202186,0.0
ifeval,Dracarys70B,1051,1,1.0,1.0,0.0
ifeval,Dracarys70B,1051,2,1.0,1.0,0.0
ifeval,Dracarys70B,1051,4,1.0,1.0,0.0
ifeval,Dracarys70B,1051,8,1.0,1.0,0.0
ifeval,Dracarys70B,1051,16,1.0,1.0,0.0
ifeval,Dracarys70B,1051,32,1.0,1.0,0.0
ifeval,Dracarys70B,1051,48,1.0,1.0,0.0
ifeval,Dracarys70B,1069,1,0.3958333333333333,0.3958333333333333,0.0
ifeval,Dracarys70B,1069,2,0.5125868055555556,0.5125868055555556,0.0
ifeval,Dracarys70B,1069,4,0.6328609136887541,0.6328609136887541,0.0
ifeval,Dracarys70B,1069,8,0.7578975629948145,0.7578975629948145,0.0
ifeval,Dracarys70B,1069,16,0.8767784033454391,0.8767784033454391,0.0
ifeval,Dracarys70B,1069,32,0.963479117947772,0.963479117947772,0.0
ifeval,Dracarys70B,1069,48,0.9893469071580762,0.9893469071580762,0.0
ifeval,Dracarys70B,1072,1,1.0,1.0,0.0
ifeval,Dracarys70B,1072,2,1.0,1.0,0.0
ifeval,Dracarys70B,1072,4,1.0,1.0,0.0
ifeval,Dracarys70B,1072,8,1.0,1.0,0.0
ifeval,Dracarys70B,1072,16,1.0,1.0,0.0
ifeval,Dracarys70B,1072,32,1.0,1.0,0.0
ifeval,Dracarys70B,1072,48,1.0,1.0,0.0
ifeval,Dracarys70B,1075,1,0.0625,0.0625,0.0
ifeval,Dracarys70B,1075,2,0.05685763888888895,0.05685763888888895,0.0
ifeval,Dracarys70B,1075,4,0.05400914321711042,0.05400914321711042,0.0
ifeval,Dracarys70B,1075,8,0.043246103528124295,0.043246103528124295,0.0
ifeval,Dracarys70B,1075,16,0.018017577010974745,0.018017577010974745,0.0
ifeval,Dracarys70B,1075,32,0.0016242888649248973,0.0016242888649248973,0.0
ifeval,Dracarys70B,1075,48,0.00011129644618886499,0.00011129644618886499,0.0
ifeval,Dracarys70B,1082,1,0.14583333333333334,0.14583333333333334,0.0
ifeval,Dracarys70B,1082,2,0.15407986111111105,0.15407986111111105,0.0
ifeval,Dracarys70B,1082,4,0.1275308868031444,0.1275308868031444,0.0
ifeval,Dracarys70B,1082,8,0.08482951496100645,0.08482951496100645,0.0
ifeval,Dracarys70B,1082,16,0.039930896464009026,0.039930896464009026,0.0
ifeval,Dracarys70B,1082,32,0.007504150713153128,0.007504150713153128,0.0
ifeval,Dracarys70B,1082,48,0.0011282266965542585,0.0011282266965542585,0.0
ifeval,Dracarys70B,1087,1,1.0,1.0,0.0
ifeval,Dracarys70B,1087,2,1.0,1.0,0.0
ifeval,Dracarys70B,1087,4,1.0,1.0,0.0
ifeval,Dracarys70B,1087,8,1.0,1.0,0.0
ifeval,Dracarys70B,1087,16,1.0,1.0,0.0
ifeval,Dracarys70B,1087,32,1.0,1.0,0.0
ifeval,Dracarys70B,1087,48,1.0,1.0,0.0
ifeval,Dracarys70B,1092,1,1.0,1.0,0.0
ifeval,Dracarys70B,1092,2,1.0,1.0,0.0
ifeval,Dracarys70B,1092,4,1.0,1.0,0.0
ifeval,Dracarys70B,1092,8,1.0,1.0,0.0
ifeval,Dracarys70B,1092,16,1.0,1.0,0.0
ifeval,Dracarys70B,1092,32,1.0,1.0,0.0
ifeval,Dracarys70B,1092,48,1.0,1.0,0.0
ifeval,Dracarys70B,1094,1,0.9791666666666666,0.9791666666666666,0.0
ifeval,Dracarys70B,1094,2,0.9596354166666669,0.9596354166666669,0.0
ifeval,Dracarys70B,1094,4,0.9242288094979748,0.9242288094979748,0.0
ifeval,Dracarys70B,1094,8,0.8664382350251848,0.8664382350251848,0.0
ifeval,Dracarys70B,1094,16,0.79212130839033,0.79212130839033,0.0
ifeval,Dracarys70B,1094,32,0.7463575038768451,0.7463575038768451,0.0
ifeval,Dracarys70B,1094,48,0.7656434181034004,0.7656434181034004,0.0
ifeval,Dracarys70B,1098,1,1.0,1.0,0.0
ifeval,Dracarys70B,1098,2,1.0,1.0,0.0
ifeval,Dracarys70B,1098,4,1.0,1.0,0.0
ifeval,Dracarys70B,1098,8,1.0,1.0,0.0
ifeval,Dracarys70B,1098,16,1.0,1.0,0.0
ifeval,Dracarys70B,1098,32,1.0,1.0,0.0
ifeval,Dracarys70B,1098,48,1.0,1.0,0.0
ifeval,Dracarys70B,1107,1,0.9791666666666666,0.9791666666666666,0.0
ifeval,Dracarys70B,1107,2,0.99609375,0.99609375,0.0
ifeval,Dracarys70B,1107,4,0.9999304877387153,0.9999304877387153,0.0
ifeval,Dracarys70B,1107,8,0.999999988463545,0.999999988463545,0.0
ifeval,Dracarys70B,1107,16,0.9999999999999998,0.9999999999999998,0.0
ifeval,Dracarys70B,1107,32,1.0,1.0,0.0
ifeval,Dracarys70B,1107,48,1.0,1.0,0.0
ifeval,Dracarys70B,1108,1,1.0,1.0,0.0
ifeval,Dracarys70B,1108,2,1.0,1.0,0.0
ifeval,Dracarys70B,1108,4,1.0,1.0,0.0
ifeval,Dracarys70B,1108,8,1.0,1.0,0.0
ifeval,Dracarys70B,1108,16,1.0,1.0,0.0
ifeval,Dracarys70B,1108,32,1.0,1.0,0.0
ifeval,Dracarys70B,1108,48,1.0,1.0,0.0
ifeval,Dracarys70B,1122,1,0.6666666666666666,0.6666666666666666,0.0
ifeval,Dracarys70B,1122,2,0.6805555555555556,0.6805555555555556,0.0
ifeval,Dracarys70B,1122,4,0.6096635983314045,0.6096635983314045,0.0
ifeval,Dracarys70B,1122,8,0.5344426636252655,0.5344426636252655,0.0
ifeval,Dracarys70B,1122,16,0.4918935574598847,0.4918935574598847,0.0
ifeval,Dracarys70B,1122,32,0.5476378559880046,0.5476378559880046,0.0
ifeval,Dracarys70B,1122,48,0.6509440687930431,0.6509440687930431,0.0
ifeval,Stockmark100B,1000,1,0.0,0.0,0.0
ifeval,Stockmark100B,1000,2,0.0,0.0,0.0
ifeval,Stockmark100B,1000,4,0.0,0.0,0.0
ifeval,Stockmark100B,1000,8,0.0,0.0,0.0
ifeval,Stockmark100B,1000,16,0.0,0.0,0.0
ifeval,Stockmark100B,1000,32,0.0,0.0,0.0
ifeval,Stockmark100B,1000,48,0.0,0.0,0.0
ifeval,Stockmark100B,1001,1,0.2916666666666667,0.2916666666666667,0.0
ifeval,Stockmark100B,1001,2,0.17534722222222238,0.17534722222222238,0.0
ifeval,Stockmark100B,1001,4,0.07078872492283955,0.07078872492283955,0.0
ifeval,Stockmark100B,1001,8,0.02226676331766861,0.02226676331766861,0.0
ifeval,Stockmark100B,1001,16,0.0036423103990991393,0.0036423103990991393,0.0
ifeval,Stockmark100B,1001,32,5.967147871868163e-05,5.967147871868163e-05,0.0
ifeval,Stockmark100B,1001,48,7.46366620518506e-07,7.46366620518506e-07,0.0
ifeval,Stockmark100B,1005,1,1.0,1.0,0.0
ifeval,Stockmark100B,1005,2,1.0,1.0,0.0
ifeval,Stockmark100B,1005,4,1.0,1.0,0.0
ifeval,Stockmark100B,1005,8,1.0,1.0,0.0
ifeval,Stockmark100B,1005,16,1.0,1.0,0.0
ifeval,Stockmark100B,1005,32,1.0,1.0,0.0
ifeval,Stockmark100B,1005,48,1.0,1.0,0.0
ifeval,Stockmark100B,1012,1,0.0625,0.0625,0.0
ifeval,Stockmark100B,1012,2,0.09678819444444442,0.09678819444444442,0.0
ifeval,Stockmark100B,1012,4,0.12162404001494972,0.12162404001494972,0.0
ifeval,Stockmark100B,1012,8,0.1148416427118612,0.1148416427118612,0.0
ifeval,Stockmark100B,1012,16,0.08109510414786125,0.08109510414786125,0.0
ifeval,Stockmark100B,1012,32,0.03223332842844121,0.03223332842844121,0.0
ifeval,Stockmark100B,1012,48,0.0102599848268406,0.0102599848268406,0.0
ifeval,Stockmark100B,1019,1,1.0,1.0,0.0
ifeval,Stockmark100B,1019,2,1.0,1.0,0.0
ifeval,Stockmark100B,1019,4,1.0,1.0,0.0
ifeval,Stockmark100B,1019,8,1.0,1.0,0.0
ifeval,Stockmark100B,1019,16,1.0,1.0,0.0
ifeval,Stockmark100B,1019,32,1.0,1.0,0.0
ifeval,Stockmark100B,1019,48,1.0,1.0,0.0
ifeval,Stockmark100B,102,1,0.9791666666666666,0.9791666666666666,0.0
ifeval,Stockmark100B,102,2,0.9822048611111112,0.9822048611111112,0.0
ifeval,Stockmark100B,102,4,0.9935044653621721,0.9935044653621721,0.0
ifeval,Stockmark100B,102,8,0.9995662465763889,0.9995662465763889,0.0
ifeval,Stockmark100B,102,16,0.999999023754973,0.999999023754973,0.0
ifeval,Stockmark100B,102,32,0.9999999999974356,0.9999999999974356,0.0
ifeval,Stockmark100B,102,48,1.0,1.0,0.0
ifeval,Stockmark100B,1021,1,0.041666666666666664,0.041666666666666664,0.0
ifeval,Stockmark100B,1021,2,0.0815972222222221,0.0815972222222221,0.0
ifeval,Stockmark100B,1021,4,0.1565363377700616,0.1565363377700616,0.0
ifeval,Stockmark100B,1021,8,0.28856905049766035,0.28856905049766035,0.0
ifeval,Stockmark100B,1021,16,0.49386600409019954,0.49386600409019954,0.0
ifeval,Stockmark100B,1021,32,0.743828378184378,0.743828378184378,0.0
ifeval,Stockmark100B,1021,48,0.870342833411765,0.870342833411765,0.0
ifeval,Stockmark100B,1040,1,0.0,0.0,0.0
ifeval,Stockmark100B,1040,2,0.0,0.0,0.0
ifeval,Stockmark100B,1040,4,0.0,0.0,0.0
ifeval,Stockmark100B,1040,8,0.0,0.0,0.0
ifeval,Stockmark100B,1040,16,0.0,0.0,0.0
ifeval,Stockmark100B,1040,32,0.0,0.0,0.0
ifeval,Stockmark100B,1040,48,0.0,0.0,0.0
ifeval,Stockmark100B,1051,1,0.2708333333333333,0.2708333333333333,0.0
ifeval,Stockmark100B,1051,2,0.44487847222222254,0.44487847222222254,0.0
ifeval,Stockmark100B,1051,4,0.6513364815417635,0.6513364815417635,0.0
ifeval,Stockmark100B,1051,8,0.8381632961305618,0.8381632961305618,0.0
ifeval,Stockmark100B,1051,16,0.9557606308771764,0.9557606308771764,0.0
ifeval,Stockmark100B,1051,32,0.995982780176875,0.995982780176875,0.0
ifeval,Stockmark100B,1051,48,0.999627880588528,0.999627880588528,0.0
ifeval,Stockmark100B,1069,1,0.0,0.0,0.0
ifeval,Stockmark100B,1069,2,0.0,0.0,0.0
ifeval,Stockmark100B,1069,4,0.0,0.0,0.0
ifeval,Stockmark100B,1069,8,0.0,0.0,0.0
ifeval,Stockmark100B,1069,16,0.0,0.0,0.0
ifeval,Stockmark100B,1069,32,0.0,0.0,0.0
ifeval,Stockmark100B,1069,48,0.0,0.0,0.0
ifeval,Stockmark100B,1072,1,0.0,0.0,0.0
ifeval,Stockmark100B,1072,2,0.0,0.0,0.0
ifeval,Stockmark100B,1072,4,0.0,0.0,0.0
ifeval,Stockmark100B,1072,8,0.0,0.0,0.0
ifeval,Stockmark100B,1072,16,0.0,0.0,0.0
ifeval,Stockmark100B,1072,32,0.0,0.0,0.0
ifeval,Stockmark100B,1072,48,0.0,0.0,0.0
ifeval,Stockmark100B,1075,1,1.0,1.0,0.0
ifeval,Stockmark100B,1075,2,1.0,1.0,0.0
ifeval,Stockmark100B,1075,4,1.0,1.0,0.0
ifeval,Stockmark100B,1075,8,1.0,1.0,0.0
ifeval,Stockmark100B,1075,16,1.0,1.0,0.0
ifeval,Stockmark100B,1075,32,1.0,1.0,0.0
ifeval,Stockmark100B,1075,48,1.0,1.0,0.0
ifeval,Stockmark100B,1082,1,0.7083333333333334,0.7083333333333334,0.0
ifeval,Stockmark100B,1082,2,0.7586805555555554,0.7586805555555554,0.0
ifeval,Stockmark100B,1082,4,0.8289990837191357,0.8289990837191357,0.0
ifeval,Stockmark100B,1082,8,0.9282957471553971,0.9282957471553971,0.0
ifeval,Stockmark100B,1082,16,0.9910763176268076,0.9910763176268076,0.0
ifeval,Stockmark100B,1082,32,0.9999013129688921,0.9999013129688921,0.0
ifeval,Stockmark100B,1082,48,0.9999989961243998,0.9999989961243998,0.0
ifeval,Stockmark100B,1087,1,0.0625,0.0625,0.0
ifeval,Stockmark100B,1087,2,0.04383680555555548,0.04383680555555548,0.0
ifeval,Stockmark100B,1087,4,0.02760239589361488,0.02760239589361488,0.0
ifeval,Stockmark100B,1087,8,0.008895358217399174,0.008895358217399174,0.0
ifeval,Stockmark100B,1087,16,0.0006064633558488758,0.0006064633558488758,0.0
ifeval,Stockmark100B,1087,32,1.478641043505587e-06,1.478641043505587e-06,0.0
ifeval,Stockmark100B,1087,48,2.759994924899395e-09,2.759994924899395e-09,0.0
ifeval,Stockmark100B,1092,1,1.0,1.0,0.0
ifeval,Stockmark100B,1092,2,1.0,1.0,0.0
ifeval,Stockmark100B,1092,4,1.0,1.0,0.0
ifeval,Stockmark100B,1092,8,1.0,1.0,0.0
ifeval,Stockmark100B,1092,16,1.0,1.0,0.0
ifeval,Stockmark100B,1092,32,1.0,1.0,0.0
ifeval,Stockmark100B,1092,48,1.0,1.0,0.0
ifeval,Stockmark100B,1094,1,1.0,1.0,0.0
ifeval,Stockmark100B,1094,2,1.0,1.0,0.0
ifeval,Stockmark100B,1094,4,1.0,1.0,0.0
ifeval,Stockmark100B,1094,8,1.0,1.0,0.0
ifeval,Stockmark100B,1094,16,1.0,1.0,0.0
ifeval,Stockmark100B,1094,32,1.0,1.0,0.0
ifeval,Stockmark100B,1094,48,1.0,1.0,0.0
ifeval,Stockmark100B,1098,1,0.7083333333333334,0.7083333333333334,0.0
ifeval,Stockmark100B,1098,2,0.7430555555555552,0.7430555555555552,0.0
ifeval,Stockmark100B,1098,4,0.8098408263406632,0.8098408263406632,0.0
ifeval,Stockmark100B,1098,8,0.8407101484842856,0.8407101484842856,0.0
ifeval,Stockmark100B,1098,16,0.8728567011579244,0.8728567011579244,0.0
ifeval,Stockmark100B,1098,32,0.9333453501952398,0.9333453501952398,0.0
ifeval,Stockmark100B,1098,48,0.9700938858806774,0.9700938858806774,0.0
ifeval,Stockmark100B,1107,1,0.8333333333333334,0.8333333333333334,0.0
ifeval,Stockmark100B,1107,2,0.8732638888888887,0.8732638888888887,0.0
ifeval,Stockmark100B,1107,4,0.8893131209008486,0.8893131209008486,0.0
ifeval,Stockmark100B,1107,8,0.876929035678425,0.876929035678425,0.0
ifeval,Stockmark100B,1107,16,0.8496674319179683,0.8496674319179683,0.0
ifeval,Stockmark100B,1107,32,0.8706169629283066,0.8706169629283066,0.0
ifeval,Stockmark100B,1107,48,0.9154890401431348,0.9154890401431348,0.0
ifeval,Stockmark100B,1108,1,1.0,1.0,0.0
ifeval,Stockmark100B,1108,2,1.0,1.0,0.0
ifeval,Stockmark100B,1108,4,1.0,1.0,0.0
ifeval,Stockmark100B,1108,8,1.0,1.0,0.0
ifeval,Stockmark100B,1108,16,1.0,1.0,0.0
ifeval,Stockmark100B,1108,32,1.0,1.0,0.0
ifeval,Stockmark100B,1108,48,1.0,1.0,0.0
ifeval,Stockmark100B,1122,1,0.14583333333333334,0.14583333333333334,0.0
ifeval,Stockmark100B,1122,2,0.17144097222222224,0.17144097222222224,0.0
ifeval,Stockmark100B,1122,4,0.20247603051456403,0.20247603051456403,0.0
ifeval,Stockmark100B,1122,8,0.2249437689931586,0.2249437689931586,0.0
ifeval,Stockmark100B,1122,16,0.21291205731299792,0.21291205731299792,0.0
ifeval,Stockmark100B,1122,32,0.1453683682217275,0.1453683682217275,0.0
ifeval,Stockmark100B,1122,48,0.08796707854848342,0.08796707854848342,0.0
